source name	characteristics[organism]	characteristics[organism part]	characteristics[disease]	characteristics[age]	characteristics[sex]	characteristics[developmental stage]	characteristics[individual]	characteristics[biological replicate]	characteristics[sample type]	characteristics[sample matrix]	assay name	technology type	comment[technical replicate]	comment[data file]	comment[file uri]	comment[instrument]	comment[platform]	comment[panel name]	comment[quantification unit]	comment[plate]	comment[normalization method]	comment[olink panel]	comment[olink platform]	comment[npx normalization]	comment[sdrf version]	comment[sdrf annotation tool]	comment[sdrf template]	comment[sdrf template]
PAD000050-CE001937-201	Homo sapiens	blood plasma	normal	not available	not available	adult	CE001937	1	study sample	blood plasma	PAD000050-r00001-CE001937-201	protein expression profiling by antibody array	1	Limbic_NPX_2025-06-05.npx.parquet	ftp://ftp.pride.ebi.ac.uk/pride/data/archive/2026/09/PAD000050/Limbic_NPX_2025-06-05.npx.parquet	NT=Olink platform;AC=PRIDE:0000654	Olink Explore HT	Explore HT	NPX	Limbic 20 Run1 plate 1	Intensity	Explore_HT	Olink Explore HT	Intensity	v1.1.0	NT=sdrf-skills;VV=v0.0.0	NT=affinity-proteomics;VV=v1.0.0	NT=human;VV=v1.1.0
PAD000050-CE001859-202	Homo sapiens	blood plasma	normal	not available	not available	adult	CE001859	2	study sample	blood plasma	PAD000050-r00002-CE001859-202	protein expression profiling by antibody array	1	Limbic_NPX_2025-06-05.npx.parquet	ftp://ftp.pride.ebi.ac.uk/pride/data/archive/2026/09/PAD000050/Limbic_NPX_2025-06-05.npx.parquet	NT=Olink platform;AC=PRIDE:0000654	Olink Explore HT	Explore HT	NPX	Limbic 20 Run1 plate 1	Intensity	Explore_HT	Olink Explore HT	Intensity	v1.1.0	NT=sdrf-skills;VV=v0.0.0	NT=affinity-proteomics;VV=v1.0.0	NT=human;VV=v1.1.0
PAD000050-CE002303-201	Homo sapiens	blood plasma	normal	not available	not available	adult	CE002303	3	study sample	blood plasma	PAD000050-r00003-CE002303-201	protein expression profiling by antibody array	1	Limbic_NPX_2025-06-05.npx.parquet	ftp://ftp.pride.ebi.ac.uk/pride/data/archive/2026/09/PAD000050/Limbic_NPX_2025-06-05.npx.parquet	NT=Olink platform;AC=PRIDE:0000654	Olink Explore HT	Explore HT	NPX	Limbic 20 Run1 plate 1	Intensity	Explore_HT	Olink Explore HT	Intensity	v1.1.0	NT=sdrf-skills;VV=v0.0.0	NT=affinity-proteomics;VV=v1.0.0	NT=human;VV=v1.1.0
PAD000050-CE000646-202	Homo sapiens	blood plasma	normal	not available	not available	adult	CE000646	4	study sample	blood plasma	PAD000050-r00004-CE000646-202	protein expression profiling by antibody array	1	Limbic_NPX_2025-06-05.npx.parquet	ftp://ftp.pride.ebi.ac.uk/pride/data/archive/2026/09/PAD000050/Limbic_NPX_2025-06-05.npx.parquet	NT=Olink platform;AC=PRIDE:0000654	Olink Explore HT	Explore HT	NPX	Limbic 20 Run1 plate 1	Intensity	Explore_HT	Olink Explore HT	Intensity	v1.1.0	NT=sdrf-skills;VV=v0.0.0	NT=affinity-proteomics;VV=v1.0.0	NT=human;VV=v1.1.0
PAD000050-CE000157-202	Homo sapiens	blood plasma	normal	not available	not available	adult	CE000157	5	study sample	blood plasma	PAD000050-r00005-CE000157-202	protein expression profiling by antibody array	1	Limbic_NPX_2025-06-05.npx.parquet	ftp://ftp.pride.ebi.ac.uk/pride/data/archive/2026/09/PAD000050/Limbic_NPX_2025-06-05.npx.parquet	NT=Olink platform;AC=PRIDE:0000654	Olink Explore HT	Explore HT	NPX	Limbic 20 Run1 plate 1	Intensity	Explore_HT	Olink Explore HT	Intensity	v1.1.0	NT=sdrf-skills;VV=v0.0.0	NT=affinity-proteomics;VV=v1.0.0	NT=human;VV=v1.1.0
PAD000050-CE000387-202	Homo sapiens	blood plasma	normal	not available	not available	adult	CE000387	6	study sample	blood plasma	PAD000050-r00006-CE000387-202	protein expression profiling by antibody array	1	Limbic_NPX_2025-06-05.npx.parquet	ftp://ftp.pride.ebi.ac.uk/pride/data/archive/2026/09/PAD000050/Limbic_NPX_2025-06-05.npx.parquet	NT=Olink platform;AC=PRIDE:0000654	Olink Explore HT	Explore HT	NPX	Limbic 20 Run1 plate 1	Intensity	Explore_HT	Olink Explore HT	Intensity	v1.1.0	NT=sdrf-skills;VV=v0.0.0	NT=affinity-proteomics;VV=v1.0.0	NT=human;VV=v1.1.0
PAD000050-CE000179-202	Homo sapiens	blood plasma	normal	not available	not available	adult	CE000179	7	study sample	blood plasma	PAD000050-r00007-CE000179-202	protein expression profiling by antibody array	1	Limbic_NPX_2025-06-05.npx.parquet	ftp://ftp.pride.ebi.ac.uk/pride/data/archive/2026/09/PAD000050/Limbic_NPX_2025-06-05.npx.parquet	NT=Olink platform;AC=PRIDE:0000654	Olink Explore HT	Explore HT	NPX	Limbic 20 Run1 plate 1	Intensity	Explore_HT	Olink Explore HT	Intensity	v1.1.0	NT=sdrf-skills;VV=v0.0.0	NT=affinity-proteomics;VV=v1.0.0	NT=human;VV=v1.1.0
PAD000050-CE001041-202	Homo sapiens	blood plasma	normal	not available	not available	adult	CE001041	8	study sample	blood plasma	PAD000050-r00008-CE001041-202	protein expression profiling by antibody array	1	Limbic_NPX_2025-06-05.npx.parquet	ftp://ftp.pride.ebi.ac.uk/pride/data/archive/2026/09/PAD000050/Limbic_NPX_2025-06-05.npx.parquet	NT=Olink platform;AC=PRIDE:0000654	Olink Explore HT	Explore HT	NPX	Limbic 20 Run1 plate 2	Intensity	Explore_HT	Olink Explore HT	Intensity	v1.1.0	NT=sdrf-skills;VV=v0.0.0	NT=affinity-proteomics;VV=v1.0.0	NT=human;VV=v1.1.0
PAD000050-CE001148-203	Homo sapiens	blood plasma	normal	not available	not available	adult	CE001148	9	study sample	blood plasma	PAD000050-r00009-CE001148-203	protein expression profiling by antibody array	1	Limbic_NPX_2025-06-05.npx.parquet	ftp://ftp.pride.ebi.ac.uk/pride/data/archive/2026/09/PAD000050/Limbic_NPX_2025-06-05.npx.parquet	NT=Olink platform;AC=PRIDE:0000654	Olink Explore HT	Explore HT	NPX	Limbic 20 Run1 plate 2	Intensity	Explore_HT	Olink Explore HT	Intensity	v1.1.0	NT=sdrf-skills;VV=v0.0.0	NT=affinity-proteomics;VV=v1.0.0	NT=human;VV=v1.1.0
PAD000050-CE001575-201	Homo sapiens	blood plasma	normal	not available	not available	adult	CE001575	10	study sample	blood plasma	PAD000050-r00010-CE001575-201	protein expression profiling by antibody array	1	Limbic_NPX_2025-06-05.npx.parquet	ftp://ftp.pride.ebi.ac.uk/pride/data/archive/2026/09/PAD000050/Limbic_NPX_2025-06-05.npx.parquet	NT=Olink platform;AC=PRIDE:0000654	Olink Explore HT	Explore HT	NPX	Limbic 20 Run1 plate 2	Intensity	Explore_HT	Olink Explore HT	Intensity	v1.1.0	NT=sdrf-skills;VV=v0.0.0	NT=affinity-proteomics;VV=v1.0.0	NT=human;VV=v1.1.0
PAD000050-CE001443-203	Homo sapiens	blood plasma	normal	not available	not available	adult	CE001443	11	study sample	blood plasma	PAD000050-r00011-CE001443-203	protein expression profiling by antibody array	1	Limbic_NPX_2025-06-05.npx.parquet	ftp://ftp.pride.ebi.ac.uk/pride/data/archive/2026/09/PAD000050/Limbic_NPX_2025-06-05.npx.parquet	NT=Olink platform;AC=PRIDE:0000654	Olink Explore HT	Explore HT	NPX	Limbic 20 Run1 plate 2	Intensity	Explore_HT	Olink Explore HT	Intensity	v1.1.0	NT=sdrf-skills;VV=v0.0.0	NT=affinity-proteomics;VV=v1.0.0	NT=human;VV=v1.1.0
PAD000050-CE000729-202	Homo sapiens	blood plasma	normal	not available	not available	adult	CE000729	12	study sample	blood plasma	PAD000050-r00012-CE000729-202	protein expression profiling by antibody array	1	Limbic_NPX_2025-06-05.npx.parquet	ftp://ftp.pride.ebi.ac.uk/pride/data/archive/2026/09/PAD000050/Limbic_NPX_2025-06-05.npx.parquet	NT=Olink platform;AC=PRIDE:0000654	Olink Explore HT	Explore HT	NPX	Limbic 20 Run1 plate 2	Intensity	Explore_HT	Olink Explore HT	Intensity	v1.1.0	NT=sdrf-skills;VV=v0.0.0	NT=affinity-proteomics;VV=v1.0.0	NT=human;VV=v1.1.0
PAD000050-CE000924-201	Homo sapiens	blood plasma	normal	not available	not available	adult	CE000924	13	study sample	blood plasma	PAD000050-r00013-CE000924-201	protein expression profiling by antibody array	1	Limbic_NPX_2025-06-05.npx.parquet	ftp://ftp.pride.ebi.ac.uk/pride/data/archive/2026/09/PAD000050/Limbic_NPX_2025-06-05.npx.parquet	NT=Olink platform;AC=PRIDE:0000654	Olink Explore HT	Explore HT	NPX	Limbic 20 Run1 plate 2	Intensity	Explore_HT	Olink Explore HT	Intensity	v1.1.0	NT=sdrf-skills;VV=v0.0.0	NT=affinity-proteomics;VV=v1.0.0	NT=human;VV=v1.1.0
PAD000050-CE001032-202	Homo sapiens	blood plasma	normal	not available	not available	adult	CE001032	14	study sample	blood plasma	PAD000050-r00014-CE001032-202	protein expression profiling by antibody array	1	Limbic_NPX_2025-06-05.npx.parquet	ftp://ftp.pride.ebi.ac.uk/pride/data/archive/2026/09/PAD000050/Limbic_NPX_2025-06-05.npx.parquet	NT=Olink platform;AC=PRIDE:0000654	Olink Explore HT	Explore HT	NPX	Limbic 20 Run1 plate 2	Intensity	Explore_HT	Olink Explore HT	Intensity	v1.1.0	NT=sdrf-skills;VV=v0.0.0	NT=affinity-proteomics;VV=v1.0.0	NT=human;VV=v1.1.0
PAD000050-CE000843-202	Homo sapiens	blood plasma	normal	not available	not available	adult	CE000843	15	study sample	blood plasma	PAD000050-r00015-CE000843-202	protein expression profiling by antibody array	1	Limbic_NPX_2025-06-05.npx.parquet	ftp://ftp.pride.ebi.ac.uk/pride/data/archive/2026/09/PAD000050/Limbic_NPX_2025-06-05.npx.parquet	NT=Olink platform;AC=PRIDE:0000654	Olink Explore HT	Explore HT	NPX	Limbic 20 Run1 plate 2	Intensity	Explore_HT	Olink Explore HT	Intensity	v1.1.0	NT=sdrf-skills;VV=v0.0.0	NT=affinity-proteomics;VV=v1.0.0	NT=human;VV=v1.1.0
PAD000050-CE001034-202	Homo sapiens	blood plasma	normal	not available	not available	adult	CE001034	16	study sample	blood plasma	PAD000050-r00016-CE001034-202	protein expression profiling by antibody array	1	Limbic_NPX_2025-06-05.npx.parquet	ftp://ftp.pride.ebi.ac.uk/pride/data/archive/2026/09/PAD000050/Limbic_NPX_2025-06-05.npx.parquet	NT=Olink platform;AC=PRIDE:0000654	Olink Explore HT	Explore HT	NPX	Limbic 20 Run1 plate 2	Intensity	Explore_HT	Olink Explore HT	Intensity	v1.1.0	NT=sdrf-skills;VV=v0.0.0	NT=affinity-proteomics;VV=v1.0.0	NT=human;VV=v1.1.0
PAD000050-CE002612-201	Homo sapiens	blood plasma	normal	not available	not available	adult	CE002612	17	study sample	blood plasma	PAD000050-r00017-CE002612-201	protein expression profiling by antibody array	1	Limbic_NPX_2025-06-05.npx.parquet	ftp://ftp.pride.ebi.ac.uk/pride/data/archive/2026/09/PAD000050/Limbic_NPX_2025-06-05.npx.parquet	NT=Olink platform;AC=PRIDE:0000654	Olink Explore HT	Explore HT	NPX	Limbic 20 Run1 plate 2	Intensity	Explore_HT	Olink Explore HT	Intensity	v1.1.0	NT=sdrf-skills;VV=v0.0.0	NT=affinity-proteomics;VV=v1.0.0	NT=human;VV=v1.1.0
PAD000050-CE001778-202	Homo sapiens	blood plasma	normal	not available	not available	adult	CE001778	18	study sample	blood plasma	PAD000050-r00018-CE001778-202	protein expression profiling by antibody array	1	Limbic_NPX_2025-06-05.npx.parquet	ftp://ftp.pride.ebi.ac.uk/pride/data/archive/2026/09/PAD000050/Limbic_NPX_2025-06-05.npx.parquet	NT=Olink platform;AC=PRIDE:0000654	Olink Explore HT	Explore HT	NPX	Limbic 20 Run 2 Plate 3	Intensity	Explore_HT	Olink Explore HT	Intensity	v1.1.0	NT=sdrf-skills;VV=v0.0.0	NT=affinity-proteomics;VV=v1.0.0	NT=human;VV=v1.1.0
PAD000050-CE000692-203	Homo sapiens	blood plasma	normal	not available	not available	adult	CE000692	19	study sample	blood plasma	PAD000050-r00019-CE000692-203	protein expression profiling by antibody array	1	Limbic_NPX_2025-06-05.npx.parquet	ftp://ftp.pride.ebi.ac.uk/pride/data/archive/2026/09/PAD000050/Limbic_NPX_2025-06-05.npx.parquet	NT=Olink platform;AC=PRIDE:0000654	Olink Explore HT	Explore HT	NPX	Limbic 20 Run 2 Plate 3	Intensity	Explore_HT	Olink Explore HT	Intensity	v1.1.0	NT=sdrf-skills;VV=v0.0.0	NT=affinity-proteomics;VV=v1.0.0	NT=human;VV=v1.1.0
PAD000050-CE001700-202	Homo sapiens	blood plasma	normal	not available	not available	adult	CE001700	20	study sample	blood plasma	PAD000050-r00020-CE001700-202	protein expression profiling by antibody array	1	Limbic_NPX_2025-06-05.npx.parquet	ftp://ftp.pride.ebi.ac.uk/pride/data/archive/2026/09/PAD000050/Limbic_NPX_2025-06-05.npx.parquet	NT=Olink platform;AC=PRIDE:0000654	Olink Explore HT	Explore HT	NPX	Limbic 20 Run 2 Plate 3	Intensity	Explore_HT	Olink Explore HT	Intensity	v1.1.0	NT=sdrf-skills;VV=v0.0.0	NT=affinity-proteomics;VV=v1.0.0	NT=human;VV=v1.1.0
PAD000050-CE001638-203	Homo sapiens	blood plasma	normal	not available	not available	adult	CE001638	21	study sample	blood plasma	PAD000050-r00021-CE001638-203	protein expression profiling by antibody array	1	Limbic_NPX_2025-06-05.npx.parquet	ftp://ftp.pride.ebi.ac.uk/pride/data/archive/2026/09/PAD000050/Limbic_NPX_2025-06-05.npx.parquet	NT=Olink platform;AC=PRIDE:0000654	Olink Explore HT	Explore HT	NPX	Limbic 20 Run 2 Plate 3	Intensity	Explore_HT	Olink Explore HT	Intensity	v1.1.0	NT=sdrf-skills;VV=v0.0.0	NT=affinity-proteomics;VV=v1.0.0	NT=human;VV=v1.1.0
PAD000050-CE001560-202	Homo sapiens	blood plasma	normal	not available	not available	adult	CE001560	22	study sample	blood plasma	PAD000050-r00022-CE001560-202	protein expression profiling by antibody array	1	Limbic_NPX_2025-06-05.npx.parquet	ftp://ftp.pride.ebi.ac.uk/pride/data/archive/2026/09/PAD000050/Limbic_NPX_2025-06-05.npx.parquet	NT=Olink platform;AC=PRIDE:0000654	Olink Explore HT	Explore HT	NPX	Limbic 20 Run 2 Plate 3	Intensity	Explore_HT	Olink Explore HT	Intensity	v1.1.0	NT=sdrf-skills;VV=v0.0.0	NT=affinity-proteomics;VV=v1.0.0	NT=human;VV=v1.1.0
PAD000050-CE001520-202	Homo sapiens	blood plasma	normal	not available	not available	adult	CE001520	23	study sample	blood plasma	PAD000050-r00023-CE001520-202	protein expression profiling by antibody array	1	Limbic_NPX_2025-06-05.npx.parquet	ftp://ftp.pride.ebi.ac.uk/pride/data/archive/2026/09/PAD000050/Limbic_NPX_2025-06-05.npx.parquet	NT=Olink platform;AC=PRIDE:0000654	Olink Explore HT	Explore HT	NPX	Limbic 20 Run 2 Plate 3	Intensity	Explore_HT	Olink Explore HT	Intensity	v1.1.0	NT=sdrf-skills;VV=v0.0.0	NT=affinity-proteomics;VV=v1.0.0	NT=human;VV=v1.1.0
PAD000050-CE001822-203	Homo sapiens	blood plasma	normal	not available	not available	adult	CE001822	24	study sample	blood plasma	PAD000050-r00024-CE001822-203	protein expression profiling by antibody array	1	Limbic_NPX_2025-06-05.npx.parquet	ftp://ftp.pride.ebi.ac.uk/pride/data/archive/2026/09/PAD000050/Limbic_NPX_2025-06-05.npx.parquet	NT=Olink platform;AC=PRIDE:0000654	Olink Explore HT	Explore HT	NPX	Limbic 20 Run 2 Plate 4	Intensity	Explore_HT	Olink Explore HT	Intensity	v1.1.0	NT=sdrf-skills;VV=v0.0.0	NT=affinity-proteomics;VV=v1.0.0	NT=human;VV=v1.1.0
PAD000050-CE001157-203	Homo sapiens	blood plasma	normal	not available	not available	adult	CE001157	25	study sample	blood plasma	PAD000050-r00025-CE001157-203	protein expression profiling by antibody array	1	Limbic_NPX_2025-06-05.npx.parquet	ftp://ftp.pride.ebi.ac.uk/pride/data/archive/2026/09/PAD000050/Limbic_NPX_2025-06-05.npx.parquet	NT=Olink platform;AC=PRIDE:0000654	Olink Explore HT	Explore HT	NPX	Limbic 20 Run 2 Plate 4	Intensity	Explore_HT	Olink Explore HT	Intensity	v1.1.0	NT=sdrf-skills;VV=v0.0.0	NT=affinity-proteomics;VV=v1.0.0	NT=human;VV=v1.1.0
PAD000050-CE000177-205	Homo sapiens	blood plasma	normal	not available	not available	adult	CE000177	26	study sample	blood plasma	PAD000050-r00026-CE000177-205	protein expression profiling by antibody array	1	Limbic_NPX_2025-06-05.npx.parquet	ftp://ftp.pride.ebi.ac.uk/pride/data/archive/2026/09/PAD000050/Limbic_NPX_2025-06-05.npx.parquet	NT=Olink platform;AC=PRIDE:0000654	Olink Explore HT	Explore HT	NPX	Limbic 20 Run 2 Plate 4	Intensity	Explore_HT	Olink Explore HT	Intensity	v1.1.0	NT=sdrf-skills;VV=v0.0.0	NT=affinity-proteomics;VV=v1.0.0	NT=human;VV=v1.1.0
PAD000050-CE000340-205	Homo sapiens	blood plasma	normal	not available	not available	adult	CE000340	27	study sample	blood plasma	PAD000050-r00027-CE000340-205	protein expression profiling by antibody array	1	Limbic_NPX_2025-06-05.npx.parquet	ftp://ftp.pride.ebi.ac.uk/pride/data/archive/2026/09/PAD000050/Limbic_NPX_2025-06-05.npx.parquet	NT=Olink platform;AC=PRIDE:0000654	Olink Explore HT	Explore HT	NPX	limbic run 3	Intensity	Explore_HT	Olink Explore HT	Intensity	v1.1.0	NT=sdrf-skills;VV=v0.0.0	NT=affinity-proteomics;VV=v1.0.0	NT=human;VV=v1.1.0
PAD000050-CE000150-205	Homo sapiens	blood plasma	normal	not available	not available	adult	CE000150	28	study sample	blood plasma	PAD000050-r00028-CE000150-205	protein expression profiling by antibody array	1	Limbic_NPX_2025-06-05.npx.parquet	ftp://ftp.pride.ebi.ac.uk/pride/data/archive/2026/09/PAD000050/Limbic_NPX_2025-06-05.npx.parquet	NT=Olink platform;AC=PRIDE:0000654	Olink Explore HT	Explore HT	NPX	limbic run 3	Intensity	Explore_HT	Olink Explore HT	Intensity	v1.1.0	NT=sdrf-skills;VV=v0.0.0	NT=affinity-proteomics;VV=v1.0.0	NT=human;VV=v1.1.0
PAD000050-CE001560-205	Homo sapiens	blood plasma	normal	not available	not available	adult	CE001560	22	study sample	blood plasma	PAD000050-r00029-CE001560-205	protein expression profiling by antibody array	1	Limbic_NPX_2025-06-05.npx.parquet	ftp://ftp.pride.ebi.ac.uk/pride/data/archive/2026/09/PAD000050/Limbic_NPX_2025-06-05.npx.parquet	NT=Olink platform;AC=PRIDE:0000654	Olink Explore HT	Explore HT	NPX	limbic run 3	Intensity	Explore_HT	Olink Explore HT	Intensity	v1.1.0	NT=sdrf-skills;VV=v0.0.0	NT=affinity-proteomics;VV=v1.0.0	NT=human;VV=v1.1.0
PAD000050-CE000157-204	Homo sapiens	blood plasma	normal	not available	not available	adult	CE000157	5	study sample	blood plasma	PAD000050-r00030-CE000157-204	protein expression profiling by antibody array	1	Limbic_NPX_2025-06-05.npx.parquet	ftp://ftp.pride.ebi.ac.uk/pride/data/archive/2026/09/PAD000050/Limbic_NPX_2025-06-05.npx.parquet	NT=Olink platform;AC=PRIDE:0000654	Olink Explore HT	Explore HT	NPX	limbic run 3	Intensity	Explore_HT	Olink Explore HT	Intensity	v1.1.0	NT=sdrf-skills;VV=v0.0.0	NT=affinity-proteomics;VV=v1.0.0	NT=human;VV=v1.1.0
PAD000050-CE001778-204	Homo sapiens	blood plasma	normal	not available	not available	adult	CE001778	18	study sample	blood plasma	PAD000050-r00031-CE001778-204	protein expression profiling by antibody array	1	Limbic_NPX_2025-06-05.npx.parquet	ftp://ftp.pride.ebi.ac.uk/pride/data/archive/2026/09/PAD000050/Limbic_NPX_2025-06-05.npx.parquet	NT=Olink platform;AC=PRIDE:0000654	Olink Explore HT	Explore HT	NPX	limbic run 3	Intensity	Explore_HT	Olink Explore HT	Intensity	v1.1.0	NT=sdrf-skills;VV=v0.0.0	NT=affinity-proteomics;VV=v1.0.0	NT=human;VV=v1.1.0
PAD000050-CE002444-201	Homo sapiens	blood plasma	normal	not available	not available	adult	CE002444	29	study sample	blood plasma	PAD000050-r00032-CE002444-201	protein expression profiling by antibody array	1	Limbic_NPX_2025-06-05.npx.parquet	ftp://ftp.pride.ebi.ac.uk/pride/data/archive/2026/09/PAD000050/Limbic_NPX_2025-06-05.npx.parquet	NT=Olink platform;AC=PRIDE:0000654	Olink Explore HT	Explore HT	NPX	limbic_3grp_run_1_plate1	Intensity	Explore_HT	Olink Explore HT	Intensity	v1.1.0	NT=sdrf-skills;VV=v0.0.0	NT=affinity-proteomics;VV=v1.0.0	NT=human;VV=v1.1.0
PAD000050-CE002785-205	Homo sapiens	blood plasma	normal	not available	not available	adult	CE002785	30	study sample	blood plasma	PAD000050-r00033-CE002785-205	protein expression profiling by antibody array	1	Limbic_NPX_2025-06-05.npx.parquet	ftp://ftp.pride.ebi.ac.uk/pride/data/archive/2026/09/PAD000050/Limbic_NPX_2025-06-05.npx.parquet	NT=Olink platform;AC=PRIDE:0000654	Olink Explore HT	Explore HT	NPX	limbic_3grp_run_1_plate1	Intensity	Explore_HT	Olink Explore HT	Intensity	v1.1.0	NT=sdrf-skills;VV=v0.0.0	NT=affinity-proteomics;VV=v1.0.0	NT=human;VV=v1.1.0
PAD000050-CE000018-205	Homo sapiens	blood plasma	normal	not available	not available	adult	CE000018	31	study sample	blood plasma	PAD000050-r00034-CE000018-205	protein expression profiling by antibody array	1	Limbic_NPX_2025-06-05.npx.parquet	ftp://ftp.pride.ebi.ac.uk/pride/data/archive/2026/09/PAD000050/Limbic_NPX_2025-06-05.npx.parquet	NT=Olink platform;AC=PRIDE:0000654	Olink Explore HT	Explore HT	NPX	limbic_3grp_run_1_plate1	Intensity	Explore_HT	Olink Explore HT	Intensity	v1.1.0	NT=sdrf-skills;VV=v0.0.0	NT=affinity-proteomics;VV=v1.0.0	NT=human;VV=v1.1.0
PAD000050-CE000225-202	Homo sapiens	blood plasma	normal	not available	not available	adult	CE000225	32	study sample	blood plasma	PAD000050-r00035-CE000225-202	protein expression profiling by antibody array	1	Limbic_NPX_2025-06-05.npx.parquet	ftp://ftp.pride.ebi.ac.uk/pride/data/archive/2026/09/PAD000050/Limbic_NPX_2025-06-05.npx.parquet	NT=Olink platform;AC=PRIDE:0000654	Olink Explore HT	Explore HT	NPX	limbic_3grp_run_1_plate1	Intensity	Explore_HT	Olink Explore HT	Intensity	v1.1.0	NT=sdrf-skills;VV=v0.0.0	NT=affinity-proteomics;VV=v1.0.0	NT=human;VV=v1.1.0
PAD000050-CE001740-202	Homo sapiens	blood plasma	normal	not available	not available	adult	CE001740	33	study sample	blood plasma	PAD000050-r00036-CE001740-202	protein expression profiling by antibody array	1	Limbic_NPX_2025-06-05.npx.parquet	ftp://ftp.pride.ebi.ac.uk/pride/data/archive/2026/09/PAD000050/Limbic_NPX_2025-06-05.npx.parquet	NT=Olink platform;AC=PRIDE:0000654	Olink Explore HT	Explore HT	NPX	limbic_3grp_run_1_plate1	Intensity	Explore_HT	Olink Explore HT	Intensity	v1.1.0	NT=sdrf-skills;VV=v0.0.0	NT=affinity-proteomics;VV=v1.0.0	NT=human;VV=v1.1.0
PAD000050-CE002446-203	Homo sapiens	blood plasma	normal	not available	not available	adult	CE002446	34	study sample	blood plasma	PAD000050-r00037-CE002446-203	protein expression profiling by antibody array	1	Limbic_NPX_2025-06-05.npx.parquet	ftp://ftp.pride.ebi.ac.uk/pride/data/archive/2026/09/PAD000050/Limbic_NPX_2025-06-05.npx.parquet	NT=Olink platform;AC=PRIDE:0000654	Olink Explore HT	Explore HT	NPX	limbic_3grp_run_1_plate1	Intensity	Explore_HT	Olink Explore HT	Intensity	v1.1.0	NT=sdrf-skills;VV=v0.0.0	NT=affinity-proteomics;VV=v1.0.0	NT=human;VV=v1.1.0
PAD000050-CE000001-205	Homo sapiens	blood plasma	normal	not available	not available	adult	CE000001	35	study sample	blood plasma	PAD000050-r00038-CE000001-205	protein expression profiling by antibody array	1	Limbic_NPX_2025-06-05.npx.parquet	ftp://ftp.pride.ebi.ac.uk/pride/data/archive/2026/09/PAD000050/Limbic_NPX_2025-06-05.npx.parquet	NT=Olink platform;AC=PRIDE:0000654	Olink Explore HT	Explore HT	NPX	limbic_3grp_run_1_plate1	Intensity	Explore_HT	Olink Explore HT	Intensity	v1.1.0	NT=sdrf-skills;VV=v0.0.0	NT=affinity-proteomics;VV=v1.0.0	NT=human;VV=v1.1.0
PAD000050-CE000046-202	Homo sapiens	blood plasma	normal	not available	not available	adult	CE000046	36	study sample	blood plasma	PAD000050-r00039-CE000046-202	protein expression profiling by antibody array	1	Limbic_NPX_2025-06-05.npx.parquet	ftp://ftp.pride.ebi.ac.uk/pride/data/archive/2026/09/PAD000050/Limbic_NPX_2025-06-05.npx.parquet	NT=Olink platform;AC=PRIDE:0000654	Olink Explore HT	Explore HT	NPX	limbic_3grp_run_1_plate1	Intensity	Explore_HT	Olink Explore HT	Intensity	v1.1.0	NT=sdrf-skills;VV=v0.0.0	NT=affinity-proteomics;VV=v1.0.0	NT=human;VV=v1.1.0
PAD000050-CE000177-206	Homo sapiens	blood plasma	normal	not available	not available	adult	CE000177	26	study sample	blood plasma	PAD000050-r00040-CE000177-206	protein expression profiling by antibody array	1	Limbic_NPX_2025-06-05.npx.parquet	ftp://ftp.pride.ebi.ac.uk/pride/data/archive/2026/09/PAD000050/Limbic_NPX_2025-06-05.npx.parquet	NT=Olink platform;AC=PRIDE:0000654	Olink Explore HT	Explore HT	NPX	limbic_3grp_run_1_plate1	Intensity	Explore_HT	Olink Explore HT	Intensity	v1.1.0	NT=sdrf-skills;VV=v0.0.0	NT=affinity-proteomics;VV=v1.0.0	NT=human;VV=v1.1.0
PAD000050-CE001744-202	Homo sapiens	blood plasma	normal	not available	not available	adult	CE001744	37	study sample	blood plasma	PAD000050-r00041-CE001744-202	protein expression profiling by antibody array	1	Limbic_NPX_2025-06-05.npx.parquet	ftp://ftp.pride.ebi.ac.uk/pride/data/archive/2026/09/PAD000050/Limbic_NPX_2025-06-05.npx.parquet	NT=Olink platform;AC=PRIDE:0000654	Olink Explore HT	Explore HT	NPX	limbic_3grp_run_1_plate1	Intensity	Explore_HT	Olink Explore HT	Intensity	v1.1.0	NT=sdrf-skills;VV=v0.0.0	NT=affinity-proteomics;VV=v1.0.0	NT=human;VV=v1.1.0
PAD000050-CE001859-204	Homo sapiens	blood plasma	normal	not available	not available	adult	CE001859	2	study sample	blood plasma	PAD000050-r00042-CE001859-204	protein expression profiling by antibody array	1	Limbic_NPX_2025-06-05.npx.parquet	ftp://ftp.pride.ebi.ac.uk/pride/data/archive/2026/09/PAD000050/Limbic_NPX_2025-06-05.npx.parquet	NT=Olink platform;AC=PRIDE:0000654	Olink Explore HT	Explore HT	NPX	limbic_3grp_run_1_plate1	Intensity	Explore_HT	Olink Explore HT	Intensity	v1.1.0	NT=sdrf-skills;VV=v0.0.0	NT=affinity-proteomics;VV=v1.0.0	NT=human;VV=v1.1.0
PAD000050-CE002166-201	Homo sapiens	blood plasma	normal	not available	not available	adult	CE002166	38	study sample	blood plasma	PAD000050-r00043-CE002166-201	protein expression profiling by antibody array	1	Limbic_NPX_2025-06-05.npx.parquet	ftp://ftp.pride.ebi.ac.uk/pride/data/archive/2026/09/PAD000050/Limbic_NPX_2025-06-05.npx.parquet	NT=Olink platform;AC=PRIDE:0000654	Olink Explore HT	Explore HT	NPX	limbic_3grp_run_1_plate1	Intensity	Explore_HT	Olink Explore HT	Intensity	v1.1.0	NT=sdrf-skills;VV=v0.0.0	NT=affinity-proteomics;VV=v1.0.0	NT=human;VV=v1.1.0
PAD000050-CE002320-204	Homo sapiens	blood plasma	normal	not available	not available	adult	CE002320	39	study sample	blood plasma	PAD000050-r00044-CE002320-204	protein expression profiling by antibody array	1	Limbic_NPX_2025-06-05.npx.parquet	ftp://ftp.pride.ebi.ac.uk/pride/data/archive/2026/09/PAD000050/Limbic_NPX_2025-06-05.npx.parquet	NT=Olink platform;AC=PRIDE:0000654	Olink Explore HT	Explore HT	NPX	limbic_3grp_run_1_plate1	Intensity	Explore_HT	Olink Explore HT	Intensity	v1.1.0	NT=sdrf-skills;VV=v0.0.0	NT=affinity-proteomics;VV=v1.0.0	NT=human;VV=v1.1.0
PAD000050-CE002452-201	Homo sapiens	blood plasma	normal	not available	not available	adult	CE002452	40	study sample	blood plasma	PAD000050-r00045-CE002452-201	protein expression profiling by antibody array	1	Limbic_NPX_2025-06-05.npx.parquet	ftp://ftp.pride.ebi.ac.uk/pride/data/archive/2026/09/PAD000050/Limbic_NPX_2025-06-05.npx.parquet	NT=Olink platform;AC=PRIDE:0000654	Olink Explore HT	Explore HT	NPX	limbic_3grp_run_1_plate1	Intensity	Explore_HT	Olink Explore HT	Intensity	v1.1.0	NT=sdrf-skills;VV=v0.0.0	NT=affinity-proteomics;VV=v1.0.0	NT=human;VV=v1.1.0
PAD000050-CE000006-205	Homo sapiens	blood plasma	normal	not available	not available	adult	CE000006	41	study sample	blood plasma	PAD000050-r00046-CE000006-205	protein expression profiling by antibody array	1	Limbic_NPX_2025-06-05.npx.parquet	ftp://ftp.pride.ebi.ac.uk/pride/data/archive/2026/09/PAD000050/Limbic_NPX_2025-06-05.npx.parquet	NT=Olink platform;AC=PRIDE:0000654	Olink Explore HT	Explore HT	NPX	limbic_3grp_run_1_plate1	Intensity	Explore_HT	Olink Explore HT	Intensity	v1.1.0	NT=sdrf-skills;VV=v0.0.0	NT=affinity-proteomics;VV=v1.0.0	NT=human;VV=v1.1.0
PAD000050-CE000179-203	Homo sapiens	blood plasma	normal	not available	not available	adult	CE000179	7	study sample	blood plasma	PAD000050-r00047-CE000179-203	protein expression profiling by antibody array	1	Limbic_NPX_2025-06-05.npx.parquet	ftp://ftp.pride.ebi.ac.uk/pride/data/archive/2026/09/PAD000050/Limbic_NPX_2025-06-05.npx.parquet	NT=Olink platform;AC=PRIDE:0000654	Olink Explore HT	Explore HT	NPX	limbic_3grp_run_1_plate1	Intensity	Explore_HT	Olink Explore HT	Intensity	v1.1.0	NT=sdrf-skills;VV=v0.0.0	NT=affinity-proteomics;VV=v1.0.0	NT=human;VV=v1.1.0
PAD000050-CE000228-202	Homo sapiens	blood plasma	normal	not available	not available	adult	CE000228	42	study sample	blood plasma	PAD000050-r00048-CE000228-202	protein expression profiling by antibody array	1	Limbic_NPX_2025-06-05.npx.parquet	ftp://ftp.pride.ebi.ac.uk/pride/data/archive/2026/09/PAD000050/Limbic_NPX_2025-06-05.npx.parquet	NT=Olink platform;AC=PRIDE:0000654	Olink Explore HT	Explore HT	NPX	limbic_3grp_run_1_plate1	Intensity	Explore_HT	Olink Explore HT	Intensity	v1.1.0	NT=sdrf-skills;VV=v0.0.0	NT=affinity-proteomics;VV=v1.0.0	NT=human;VV=v1.1.0
PAD000050-CE001900-202	Homo sapiens	blood plasma	normal	not available	not available	adult	CE001900	43	study sample	blood plasma	PAD000050-r00049-CE001900-202	protein expression profiling by antibody array	1	Limbic_NPX_2025-06-05.npx.parquet	ftp://ftp.pride.ebi.ac.uk/pride/data/archive/2026/09/PAD000050/Limbic_NPX_2025-06-05.npx.parquet	NT=Olink platform;AC=PRIDE:0000654	Olink Explore HT	Explore HT	NPX	limbic_3grp_run_1_plate1	Intensity	Explore_HT	Olink Explore HT	Intensity	v1.1.0	NT=sdrf-skills;VV=v0.0.0	NT=affinity-proteomics;VV=v1.0.0	NT=human;VV=v1.1.0
PAD000050-CE001979-201	Homo sapiens	blood plasma	normal	not available	not available	adult	CE001979	44	study sample	blood plasma	PAD000050-r00050-CE001979-201	protein expression profiling by antibody array	1	Limbic_NPX_2025-06-05.npx.parquet	ftp://ftp.pride.ebi.ac.uk/pride/data/archive/2026/09/PAD000050/Limbic_NPX_2025-06-05.npx.parquet	NT=Olink platform;AC=PRIDE:0000654	Olink Explore HT	Explore HT	NPX	limbic_3grp_run_1_plate1	Intensity	Explore_HT	Olink Explore HT	Intensity	v1.1.0	NT=sdrf-skills;VV=v0.0.0	NT=affinity-proteomics;VV=v1.0.0	NT=human;VV=v1.1.0
PAD000050-CE002167-203	Homo sapiens	blood plasma	normal	not available	not available	adult	CE002167	45	study sample	blood plasma	PAD000050-r00051-CE002167-203	protein expression profiling by antibody array	1	Limbic_NPX_2025-06-05.npx.parquet	ftp://ftp.pride.ebi.ac.uk/pride/data/archive/2026/09/PAD000050/Limbic_NPX_2025-06-05.npx.parquet	NT=Olink platform;AC=PRIDE:0000654	Olink Explore HT	Explore HT	NPX	limbic_3grp_run_1_plate1	Intensity	Explore_HT	Olink Explore HT	Intensity	v1.1.0	NT=sdrf-skills;VV=v0.0.0	NT=affinity-proteomics;VV=v1.0.0	NT=human;VV=v1.1.0
PAD000050-CE002326-203	Homo sapiens	blood plasma	normal	not available	not available	adult	CE002326	46	study sample	blood plasma	PAD000050-r00052-CE002326-203	protein expression profiling by antibody array	1	Limbic_NPX_2025-06-05.npx.parquet	ftp://ftp.pride.ebi.ac.uk/pride/data/archive/2026/09/PAD000050/Limbic_NPX_2025-06-05.npx.parquet	NT=Olink platform;AC=PRIDE:0000654	Olink Explore HT	Explore HT	NPX	limbic_3grp_run_1_plate1	Intensity	Explore_HT	Olink Explore HT	Intensity	v1.1.0	NT=sdrf-skills;VV=v0.0.0	NT=affinity-proteomics;VV=v1.0.0	NT=human;VV=v1.1.0
PAD000050-CE002395-204	Homo sapiens	blood plasma	normal	not available	not available	adult	CE002395	47	study sample	blood plasma	PAD000050-r00053-CE002395-204	protein expression profiling by antibody array	1	Limbic_NPX_2025-06-05.npx.parquet	ftp://ftp.pride.ebi.ac.uk/pride/data/archive/2026/09/PAD000050/Limbic_NPX_2025-06-05.npx.parquet	NT=Olink platform;AC=PRIDE:0000654	Olink Explore HT	Explore HT	NPX	limbic_3grp_run_1_plate1	Intensity	Explore_HT	Olink Explore HT	Intensity	v1.1.0	NT=sdrf-skills;VV=v0.0.0	NT=affinity-proteomics;VV=v1.0.0	NT=human;VV=v1.1.0
PAD000050-CE000071-205	Homo sapiens	blood plasma	normal	not available	not available	adult	CE000071	48	study sample	blood plasma	PAD000050-r00054-CE000071-205	protein expression profiling by antibody array	1	Limbic_NPX_2025-06-05.npx.parquet	ftp://ftp.pride.ebi.ac.uk/pride/data/archive/2026/09/PAD000050/Limbic_NPX_2025-06-05.npx.parquet	NT=Olink platform;AC=PRIDE:0000654	Olink Explore HT	Explore HT	NPX	limbic_3grp_run_1_plate1	Intensity	Explore_HT	Olink Explore HT	Intensity	v1.1.0	NT=sdrf-skills;VV=v0.0.0	NT=affinity-proteomics;VV=v1.0.0	NT=human;VV=v1.1.0
PAD000050-CE001880-204	Homo sapiens	blood plasma	normal	not available	not available	adult	CE001880	49	study sample	blood plasma	PAD000050-r00055-CE001880-204	protein expression profiling by antibody array	1	Limbic_NPX_2025-06-05.npx.parquet	ftp://ftp.pride.ebi.ac.uk/pride/data/archive/2026/09/PAD000050/Limbic_NPX_2025-06-05.npx.parquet	NT=Olink platform;AC=PRIDE:0000654	Olink Explore HT	Explore HT	NPX	limbic_3grp_run_1_plate1	Intensity	Explore_HT	Olink Explore HT	Intensity	v1.1.0	NT=sdrf-skills;VV=v0.0.0	NT=affinity-proteomics;VV=v1.0.0	NT=human;VV=v1.1.0
PAD000050-CE001937-204	Homo sapiens	blood plasma	normal	not available	not available	adult	CE001937	1	study sample	blood plasma	PAD000050-r00056-CE001937-204	protein expression profiling by antibody array	1	Limbic_NPX_2025-06-05.npx.parquet	ftp://ftp.pride.ebi.ac.uk/pride/data/archive/2026/09/PAD000050/Limbic_NPX_2025-06-05.npx.parquet	NT=Olink platform;AC=PRIDE:0000654	Olink Explore HT	Explore HT	NPX	limbic_3grp_run_1_plate1	Intensity	Explore_HT	Olink Explore HT	Intensity	v1.1.0	NT=sdrf-skills;VV=v0.0.0	NT=affinity-proteomics;VV=v1.0.0	NT=human;VV=v1.1.0
PAD000050-CE002105-203	Homo sapiens	blood plasma	normal	not available	not available	adult	CE002105	50	study sample	blood plasma	PAD000050-r00057-CE002105-203	protein expression profiling by antibody array	1	Limbic_NPX_2025-06-05.npx.parquet	ftp://ftp.pride.ebi.ac.uk/pride/data/archive/2026/09/PAD000050/Limbic_NPX_2025-06-05.npx.parquet	NT=Olink platform;AC=PRIDE:0000654	Olink Explore HT	Explore HT	NPX	limbic_3grp_run_1_plate1	Intensity	Explore_HT	Olink Explore HT	Intensity	v1.1.0	NT=sdrf-skills;VV=v0.0.0	NT=affinity-proteomics;VV=v1.0.0	NT=human;VV=v1.1.0
PAD000050-CE000014-204	Homo sapiens	blood plasma	normal	not available	not available	adult	CE000014	51	study sample	blood plasma	PAD000050-r00058-CE000014-204	protein expression profiling by antibody array	1	Limbic_NPX_2025-06-05.npx.parquet	ftp://ftp.pride.ebi.ac.uk/pride/data/archive/2026/09/PAD000050/Limbic_NPX_2025-06-05.npx.parquet	NT=Olink platform;AC=PRIDE:0000654	Olink Explore HT	Explore HT	NPX	limbic_3grp_run_1_plate1	Intensity	Explore_HT	Olink Explore HT	Intensity	v1.1.0	NT=sdrf-skills;VV=v0.0.0	NT=affinity-proteomics;VV=v1.0.0	NT=human;VV=v1.1.0
PAD000050-CE000080-202	Homo sapiens	blood plasma	normal	not available	not available	adult	CE000080	52	study sample	blood plasma	PAD000050-r00059-CE000080-202	protein expression profiling by antibody array	1	Limbic_NPX_2025-06-05.npx.parquet	ftp://ftp.pride.ebi.ac.uk/pride/data/archive/2026/09/PAD000050/Limbic_NPX_2025-06-05.npx.parquet	NT=Olink platform;AC=PRIDE:0000654	Olink Explore HT	Explore HT	NPX	limbic_3grp_run_1_plate1	Intensity	Explore_HT	Olink Explore HT	Intensity	v1.1.0	NT=sdrf-skills;VV=v0.0.0	NT=affinity-proteomics;VV=v1.0.0	NT=human;VV=v1.1.0
PAD000050-CE000236-206	Homo sapiens	blood plasma	normal	not available	not available	adult	CE000236	53	study sample	blood plasma	PAD000050-r00060-CE000236-206	protein expression profiling by antibody array	1	Limbic_NPX_2025-06-05.npx.parquet	ftp://ftp.pride.ebi.ac.uk/pride/data/archive/2026/09/PAD000050/Limbic_NPX_2025-06-05.npx.parquet	NT=Olink platform;AC=PRIDE:0000654	Olink Explore HT	Explore HT	NPX	limbic_3grp_run_1_plate1	Intensity	Explore_HT	Olink Explore HT	Intensity	v1.1.0	NT=sdrf-skills;VV=v0.0.0	NT=affinity-proteomics;VV=v1.0.0	NT=human;VV=v1.1.0
PAD000050-CE001840-202	Homo sapiens	blood plasma	normal	not available	not available	adult	CE001840	54	study sample	blood plasma	PAD000050-r00061-CE001840-202	protein expression profiling by antibody array	1	Limbic_NPX_2025-06-05.npx.parquet	ftp://ftp.pride.ebi.ac.uk/pride/data/archive/2026/09/PAD000050/Limbic_NPX_2025-06-05.npx.parquet	NT=Olink platform;AC=PRIDE:0000654	Olink Explore HT	Explore HT	NPX	limbic_3grp_run_1_plate1	Intensity	Explore_HT	Olink Explore HT	Intensity	v1.1.0	NT=sdrf-skills;VV=v0.0.0	NT=affinity-proteomics;VV=v1.0.0	NT=human;VV=v1.1.0
PAD000050-CE002231-201	Homo sapiens	blood plasma	normal	not available	not available	adult	CE002231	55	study sample	blood plasma	PAD000050-r00062-CE002231-201	protein expression profiling by antibody array	1	Limbic_NPX_2025-06-05.npx.parquet	ftp://ftp.pride.ebi.ac.uk/pride/data/archive/2026/09/PAD000050/Limbic_NPX_2025-06-05.npx.parquet	NT=Olink platform;AC=PRIDE:0000654	Olink Explore HT	Explore HT	NPX	limbic_3grp_run_1_plate1	Intensity	Explore_HT	Olink Explore HT	Intensity	v1.1.0	NT=sdrf-skills;VV=v0.0.0	NT=affinity-proteomics;VV=v1.0.0	NT=human;VV=v1.1.0
PAD000050-CE002332-203	Homo sapiens	blood plasma	normal	not available	not available	adult	CE002332	56	study sample	blood plasma	PAD000050-r00063-CE002332-203	protein expression profiling by antibody array	1	Limbic_NPX_2025-06-05.npx.parquet	ftp://ftp.pride.ebi.ac.uk/pride/data/archive/2026/09/PAD000050/Limbic_NPX_2025-06-05.npx.parquet	NT=Olink platform;AC=PRIDE:0000654	Olink Explore HT	Explore HT	NPX	limbic_3grp_run_1_plate1	Intensity	Explore_HT	Olink Explore HT	Intensity	v1.1.0	NT=sdrf-skills;VV=v0.0.0	NT=affinity-proteomics;VV=v1.0.0	NT=human;VV=v1.1.0
PAD000050-CE000112-202	Homo sapiens	blood plasma	normal	not available	not available	adult	CE000112	57	study sample	blood plasma	PAD000050-r00064-CE000112-202	protein expression profiling by antibody array	1	Limbic_NPX_2025-06-05.npx.parquet	ftp://ftp.pride.ebi.ac.uk/pride/data/archive/2026/09/PAD000050/Limbic_NPX_2025-06-05.npx.parquet	NT=Olink platform;AC=PRIDE:0000654	Olink Explore HT	Explore HT	NPX	limbic_3grp_run_1_plate1	Intensity	Explore_HT	Olink Explore HT	Intensity	v1.1.0	NT=sdrf-skills;VV=v0.0.0	NT=affinity-proteomics;VV=v1.0.0	NT=human;VV=v1.1.0
PAD000050-CE002519-201	Homo sapiens	blood plasma	normal	not available	not available	adult	CE002519	58	study sample	blood plasma	PAD000050-r00065-CE002519-201	protein expression profiling by antibody array	1	Limbic_NPX_2025-06-05.npx.parquet	ftp://ftp.pride.ebi.ac.uk/pride/data/archive/2026/09/PAD000050/Limbic_NPX_2025-06-05.npx.parquet	NT=Olink platform;AC=PRIDE:0000654	Olink Explore HT	Explore HT	NPX	limbic_3grp_run_1_plate1	Intensity	Explore_HT	Olink Explore HT	Intensity	v1.1.0	NT=sdrf-skills;VV=v0.0.0	NT=affinity-proteomics;VV=v1.0.0	NT=human;VV=v1.1.0
PAD000050-CE001844-203	Homo sapiens	blood plasma	normal	not available	not available	adult	CE001844	59	study sample	blood plasma	PAD000050-r00066-CE001844-203	protein expression profiling by antibody array	1	Limbic_NPX_2025-06-05.npx.parquet	ftp://ftp.pride.ebi.ac.uk/pride/data/archive/2026/09/PAD000050/Limbic_NPX_2025-06-05.npx.parquet	NT=Olink platform;AC=PRIDE:0000654	Olink Explore HT	Explore HT	NPX	limbic_3grp_run_1_plate1	Intensity	Explore_HT	Olink Explore HT	Intensity	v1.1.0	NT=sdrf-skills;VV=v0.0.0	NT=affinity-proteomics;VV=v1.0.0	NT=human;VV=v1.1.0
PAD000050-CE002152-202	Homo sapiens	blood plasma	normal	not available	not available	adult	CE002152	60	study sample	blood plasma	PAD000050-r00067-CE002152-202	protein expression profiling by antibody array	1	Limbic_NPX_2025-06-05.npx.parquet	ftp://ftp.pride.ebi.ac.uk/pride/data/archive/2026/09/PAD000050/Limbic_NPX_2025-06-05.npx.parquet	NT=Olink platform;AC=PRIDE:0000654	Olink Explore HT	Explore HT	NPX	limbic_3grp_run_1_plate1	Intensity	Explore_HT	Olink Explore HT	Intensity	v1.1.0	NT=sdrf-skills;VV=v0.0.0	NT=affinity-proteomics;VV=v1.0.0	NT=human;VV=v1.1.0
PAD000050-CE002421-203	Homo sapiens	blood plasma	normal	not available	not available	adult	CE002421	61	study sample	blood plasma	PAD000050-r00068-CE002421-203	protein expression profiling by antibody array	1	Limbic_NPX_2025-06-05.npx.parquet	ftp://ftp.pride.ebi.ac.uk/pride/data/archive/2026/09/PAD000050/Limbic_NPX_2025-06-05.npx.parquet	NT=Olink platform;AC=PRIDE:0000654	Olink Explore HT	Explore HT	NPX	limbic_3grp_run_1_plate1	Intensity	Explore_HT	Olink Explore HT	Intensity	v1.1.0	NT=sdrf-skills;VV=v0.0.0	NT=affinity-proteomics;VV=v1.0.0	NT=human;VV=v1.1.0
PAD000050-CE002608-202	Homo sapiens	blood plasma	normal	not available	not available	adult	CE002608	62	study sample	blood plasma	PAD000050-r00069-CE002608-202	protein expression profiling by antibody array	1	Limbic_NPX_2025-06-05.npx.parquet	ftp://ftp.pride.ebi.ac.uk/pride/data/archive/2026/09/PAD000050/Limbic_NPX_2025-06-05.npx.parquet	NT=Olink platform;AC=PRIDE:0000654	Olink Explore HT	Explore HT	NPX	limbic_3grp_run_1_plate1	Intensity	Explore_HT	Olink Explore HT	Intensity	v1.1.0	NT=sdrf-skills;VV=v0.0.0	NT=affinity-proteomics;VV=v1.0.0	NT=human;VV=v1.1.0
PAD000050-CE000131-203	Homo sapiens	blood plasma	normal	not available	not available	adult	CE000131	63	study sample	blood plasma	PAD000050-r00070-CE000131-203	protein expression profiling by antibody array	1	Limbic_NPX_2025-06-05.npx.parquet	ftp://ftp.pride.ebi.ac.uk/pride/data/archive/2026/09/PAD000050/Limbic_NPX_2025-06-05.npx.parquet	NT=Olink platform;AC=PRIDE:0000654	Olink Explore HT	Explore HT	NPX	limbic_3grp_run_1_plate1	Intensity	Explore_HT	Olink Explore HT	Intensity	v1.1.0	NT=sdrf-skills;VV=v0.0.0	NT=affinity-proteomics;VV=v1.0.0	NT=human;VV=v1.1.0
PAD000050-CE000205-204	Homo sapiens	blood plasma	normal	not available	not available	adult	CE000205	64	study sample	blood plasma	PAD000050-r00071-CE000205-204	protein expression profiling by antibody array	1	Limbic_NPX_2025-06-05.npx.parquet	ftp://ftp.pride.ebi.ac.uk/pride/data/archive/2026/09/PAD000050/Limbic_NPX_2025-06-05.npx.parquet	NT=Olink platform;AC=PRIDE:0000654	Olink Explore HT	Explore HT	NPX	limbic_3grp_run_1_plate1	Intensity	Explore_HT	Olink Explore HT	Intensity	v1.1.0	NT=sdrf-skills;VV=v0.0.0	NT=affinity-proteomics;VV=v1.0.0	NT=human;VV=v1.1.0
PAD000050-CE000150-206	Homo sapiens	blood plasma	normal	not available	not available	adult	CE000150	28	study sample	blood plasma	PAD000050-r00072-CE000150-206	protein expression profiling by antibody array	1	Limbic_NPX_2025-06-05.npx.parquet	ftp://ftp.pride.ebi.ac.uk/pride/data/archive/2026/09/PAD000050/Limbic_NPX_2025-06-05.npx.parquet	NT=Olink platform;AC=PRIDE:0000654	Olink Explore HT	Explore HT	NPX	limbic_3grp_run_1_plate2	Intensity	Explore_HT	Olink Explore HT	Intensity	v1.1.0	NT=sdrf-skills;VV=v0.0.0	NT=affinity-proteomics;VV=v1.0.0	NT=human;VV=v1.1.0
PAD000050-CE000273-202	Homo sapiens	blood plasma	normal	not available	not available	adult	CE000273	65	study sample	blood plasma	PAD000050-r00073-CE000273-202	protein expression profiling by antibody array	1	Limbic_NPX_2025-06-05.npx.parquet	ftp://ftp.pride.ebi.ac.uk/pride/data/archive/2026/09/PAD000050/Limbic_NPX_2025-06-05.npx.parquet	NT=Olink platform;AC=PRIDE:0000654	Olink Explore HT	Explore HT	NPX	limbic_3grp_run_1_plate2	Intensity	Explore_HT	Olink Explore HT	Intensity	v1.1.0	NT=sdrf-skills;VV=v0.0.0	NT=affinity-proteomics;VV=v1.0.0	NT=human;VV=v1.1.0
PAD000050-CE000771-202	Homo sapiens	blood plasma	normal	not available	not available	adult	CE000771	66	study sample	blood plasma	PAD000050-r00074-CE000771-202	protein expression profiling by antibody array	1	Limbic_NPX_2025-06-05.npx.parquet	ftp://ftp.pride.ebi.ac.uk/pride/data/archive/2026/09/PAD000050/Limbic_NPX_2025-06-05.npx.parquet	NT=Olink platform;AC=PRIDE:0000654	Olink Explore HT	Explore HT	NPX	limbic_3grp_run_1_plate2	Intensity	Explore_HT	Olink Explore HT	Intensity	v1.1.0	NT=sdrf-skills;VV=v0.0.0	NT=affinity-proteomics;VV=v1.0.0	NT=human;VV=v1.1.0
PAD000050-CE000834-202	Homo sapiens	blood plasma	normal	not available	not available	adult	CE000834	67	study sample	blood plasma	PAD000050-r00075-CE000834-202	protein expression profiling by antibody array	1	Limbic_NPX_2025-06-05.npx.parquet	ftp://ftp.pride.ebi.ac.uk/pride/data/archive/2026/09/PAD000050/Limbic_NPX_2025-06-05.npx.parquet	NT=Olink platform;AC=PRIDE:0000654	Olink Explore HT	Explore HT	NPX	limbic_3grp_run_1_plate2	Intensity	Explore_HT	Olink Explore HT	Intensity	v1.1.0	NT=sdrf-skills;VV=v0.0.0	NT=affinity-proteomics;VV=v1.0.0	NT=human;VV=v1.1.0
PAD000050-CE000725-202	Homo sapiens	blood plasma	normal	not available	not available	adult	CE000725	68	study sample	blood plasma	PAD000050-r00076-CE000725-202	protein expression profiling by antibody array	1	Limbic_NPX_2025-06-05.npx.parquet	ftp://ftp.pride.ebi.ac.uk/pride/data/archive/2026/09/PAD000050/Limbic_NPX_2025-06-05.npx.parquet	NT=Olink platform;AC=PRIDE:0000654	Olink Explore HT	Explore HT	NPX	limbic_3grp_run_1_plate2	Intensity	Explore_HT	Olink Explore HT	Intensity	v1.1.0	NT=sdrf-skills;VV=v0.0.0	NT=affinity-proteomics;VV=v1.0.0	NT=human;VV=v1.1.0
PAD000050-CE000387-203	Homo sapiens	blood plasma	normal	not available	not available	adult	CE000387	6	study sample	blood plasma	PAD000050-r00077-CE000387-203	protein expression profiling by antibody array	1	Limbic_NPX_2025-06-05.npx.parquet	ftp://ftp.pride.ebi.ac.uk/pride/data/archive/2026/09/PAD000050/Limbic_NPX_2025-06-05.npx.parquet	NT=Olink platform;AC=PRIDE:0000654	Olink Explore HT	Explore HT	NPX	limbic_3grp_run_1_plate2	Intensity	Explore_HT	Olink Explore HT	Intensity	v1.1.0	NT=sdrf-skills;VV=v0.0.0	NT=affinity-proteomics;VV=v1.0.0	NT=human;VV=v1.1.0
PAD000050-CE000646-203	Homo sapiens	blood plasma	normal	not available	not available	adult	CE000646	4	study sample	blood plasma	PAD000050-r00078-CE000646-203	protein expression profiling by antibody array	1	Limbic_NPX_2025-06-05.npx.parquet	ftp://ftp.pride.ebi.ac.uk/pride/data/archive/2026/09/PAD000050/Limbic_NPX_2025-06-05.npx.parquet	NT=Olink platform;AC=PRIDE:0000654	Olink Explore HT	Explore HT	NPX	limbic_3grp_run_1_plate2	Intensity	Explore_HT	Olink Explore HT	Intensity	v1.1.0	NT=sdrf-skills;VV=v0.0.0	NT=affinity-proteomics;VV=v1.0.0	NT=human;VV=v1.1.0
PAD000050-CE000293-205	Homo sapiens	blood plasma	normal	not available	not available	adult	CE000293	69	study sample	blood plasma	PAD000050-r00079-CE000293-205	protein expression profiling by antibody array	1	Limbic_NPX_2025-06-05.npx.parquet	ftp://ftp.pride.ebi.ac.uk/pride/data/archive/2026/09/PAD000050/Limbic_NPX_2025-06-05.npx.parquet	NT=Olink platform;AC=PRIDE:0000654	Olink Explore HT	Explore HT	NPX	limbic_3grp_run_1_plate2	Intensity	Explore_HT	Olink Explore HT	Intensity	v1.1.0	NT=sdrf-skills;VV=v0.0.0	NT=affinity-proteomics;VV=v1.0.0	NT=human;VV=v1.1.0
PAD000050-CE000276-205	Homo sapiens	blood plasma	normal	not available	not available	adult	CE000276	70	study sample	blood plasma	PAD000050-r00080-CE000276-205	protein expression profiling by antibody array	1	Limbic_NPX_2025-06-05.npx.parquet	ftp://ftp.pride.ebi.ac.uk/pride/data/archive/2026/09/PAD000050/Limbic_NPX_2025-06-05.npx.parquet	NT=Olink platform;AC=PRIDE:0000654	Olink Explore HT	Explore HT	NPX	limbic_3grp_run_1_plate2	Intensity	Explore_HT	Olink Explore HT	Intensity	v1.1.0	NT=sdrf-skills;VV=v0.0.0	NT=affinity-proteomics;VV=v1.0.0	NT=human;VV=v1.1.0
PAD000050-CE000383-205	Homo sapiens	blood plasma	normal	not available	not available	adult	CE000383	71	study sample	blood plasma	PAD000050-r00081-CE000383-205	protein expression profiling by antibody array	1	Limbic_NPX_2025-06-05.npx.parquet	ftp://ftp.pride.ebi.ac.uk/pride/data/archive/2026/09/PAD000050/Limbic_NPX_2025-06-05.npx.parquet	NT=Olink platform;AC=PRIDE:0000654	Olink Explore HT	Explore HT	NPX	limbic_3grp_run_1_plate2	Intensity	Explore_HT	Olink Explore HT	Intensity	v1.1.0	NT=sdrf-skills;VV=v0.0.0	NT=affinity-proteomics;VV=v1.0.0	NT=human;VV=v1.1.0
PAD000050-CE000562-202	Homo sapiens	blood plasma	normal	not available	not available	adult	CE000562	72	study sample	blood plasma	PAD000050-r00082-CE000562-202	protein expression profiling by antibody array	1	Limbic_NPX_2025-06-05.npx.parquet	ftp://ftp.pride.ebi.ac.uk/pride/data/archive/2026/09/PAD000050/Limbic_NPX_2025-06-05.npx.parquet	NT=Olink platform;AC=PRIDE:0000654	Olink Explore HT	Explore HT	NPX	limbic_3grp_run_1_plate2	Intensity	Explore_HT	Olink Explore HT	Intensity	v1.1.0	NT=sdrf-skills;VV=v0.0.0	NT=affinity-proteomics;VV=v1.0.0	NT=human;VV=v1.1.0
PAD000050-CE000292-203	Homo sapiens	blood plasma	normal	not available	not available	adult	CE000292	73	study sample	blood plasma	PAD000050-r00083-CE000292-203	protein expression profiling by antibody array	1	Limbic_NPX_2025-06-05.npx.parquet	ftp://ftp.pride.ebi.ac.uk/pride/data/archive/2026/09/PAD000050/Limbic_NPX_2025-06-05.npx.parquet	NT=Olink platform;AC=PRIDE:0000654	Olink Explore HT	Explore HT	NPX	limbic_3grp_run_1_plate2	Intensity	Explore_HT	Olink Explore HT	Intensity	v1.1.0	NT=sdrf-skills;VV=v0.0.0	NT=affinity-proteomics;VV=v1.0.0	NT=human;VV=v1.1.0
PAD000050-CE000367-205	Homo sapiens	blood plasma	normal	not available	not available	adult	CE000367	74	study sample	blood plasma	PAD000050-r00084-CE000367-205	protein expression profiling by antibody array	1	Limbic_NPX_2025-06-05.npx.parquet	ftp://ftp.pride.ebi.ac.uk/pride/data/archive/2026/09/PAD000050/Limbic_NPX_2025-06-05.npx.parquet	NT=Olink platform;AC=PRIDE:0000654	Olink Explore HT	Explore HT	NPX	limbic_3grp_run_1_plate2	Intensity	Explore_HT	Olink Explore HT	Intensity	v1.1.0	NT=sdrf-skills;VV=v0.0.0	NT=affinity-proteomics;VV=v1.0.0	NT=human;VV=v1.1.0
PAD000050-CE000450-205	Homo sapiens	blood plasma	normal	not available	not available	adult	CE000450	75	study sample	blood plasma	PAD000050-r00085-CE000450-205	protein expression profiling by antibody array	1	Limbic_NPX_2025-06-05.npx.parquet	ftp://ftp.pride.ebi.ac.uk/pride/data/archive/2026/09/PAD000050/Limbic_NPX_2025-06-05.npx.parquet	NT=Olink platform;AC=PRIDE:0000654	Olink Explore HT	Explore HT	NPX	limbic_3grp_run_1_plate2	Intensity	Explore_HT	Olink Explore HT	Intensity	v1.1.0	NT=sdrf-skills;VV=v0.0.0	NT=affinity-proteomics;VV=v1.0.0	NT=human;VV=v1.1.0
PAD000050-CE000589-202	Homo sapiens	blood plasma	normal	not available	not available	adult	CE000589	76	study sample	blood plasma	PAD000050-r00086-CE000589-202	protein expression profiling by antibody array	1	Limbic_NPX_2025-06-05.npx.parquet	ftp://ftp.pride.ebi.ac.uk/pride/data/archive/2026/09/PAD000050/Limbic_NPX_2025-06-05.npx.parquet	NT=Olink platform;AC=PRIDE:0000654	Olink Explore HT	Explore HT	NPX	limbic_3grp_run_1_plate2	Intensity	Explore_HT	Olink Explore HT	Intensity	v1.1.0	NT=sdrf-skills;VV=v0.0.0	NT=affinity-proteomics;VV=v1.0.0	NT=human;VV=v1.1.0
PAD000050-CE000752-202	Homo sapiens	blood plasma	normal	not available	not available	adult	CE000752	77	study sample	blood plasma	PAD000050-r00087-CE000752-202	protein expression profiling by antibody array	1	Limbic_NPX_2025-06-05.npx.parquet	ftp://ftp.pride.ebi.ac.uk/pride/data/archive/2026/09/PAD000050/Limbic_NPX_2025-06-05.npx.parquet	NT=Olink platform;AC=PRIDE:0000654	Olink Explore HT	Explore HT	NPX	limbic_3grp_run_1_plate2	Intensity	Explore_HT	Olink Explore HT	Intensity	v1.1.0	NT=sdrf-skills;VV=v0.0.0	NT=affinity-proteomics;VV=v1.0.0	NT=human;VV=v1.1.0
PAD000050-CE000785-203	Homo sapiens	blood plasma	normal	not available	not available	adult	CE000785	78	study sample	blood plasma	PAD000050-r00088-CE000785-203	protein expression profiling by antibody array	1	Limbic_NPX_2025-06-05.npx.parquet	ftp://ftp.pride.ebi.ac.uk/pride/data/archive/2026/09/PAD000050/Limbic_NPX_2025-06-05.npx.parquet	NT=Olink platform;AC=PRIDE:0000654	Olink Explore HT	Explore HT	NPX	limbic_3grp_run_1_plate2	Intensity	Explore_HT	Olink Explore HT	Intensity	v1.1.0	NT=sdrf-skills;VV=v0.0.0	NT=affinity-proteomics;VV=v1.0.0	NT=human;VV=v1.1.0
PAD000050-CE000958-202	Homo sapiens	blood plasma	normal	not available	not available	adult	CE000958	79	study sample	blood plasma	PAD000050-r00089-CE000958-202	protein expression profiling by antibody array	1	Limbic_NPX_2025-06-05.npx.parquet	ftp://ftp.pride.ebi.ac.uk/pride/data/archive/2026/09/PAD000050/Limbic_NPX_2025-06-05.npx.parquet	NT=Olink platform;AC=PRIDE:0000654	Olink Explore HT	Explore HT	NPX	limbic_3grp_run_1_plate2	Intensity	Explore_HT	Olink Explore HT	Intensity	v1.1.0	NT=sdrf-skills;VV=v0.0.0	NT=affinity-proteomics;VV=v1.0.0	NT=human;VV=v1.1.0
PAD000050-CE003010-201	Homo sapiens	blood plasma	normal	not available	not available	adult	CE003010	80	study sample	blood plasma	PAD000050-r00090-CE003010-201	protein expression profiling by antibody array	1	Limbic_NPX_2025-06-05.npx.parquet	ftp://ftp.pride.ebi.ac.uk/pride/data/archive/2026/09/PAD000050/Limbic_NPX_2025-06-05.npx.parquet	NT=Olink platform;AC=PRIDE:0000654	Olink Explore HT	Explore HT	NPX	limbic_3grp_run_1_plate2	Intensity	Explore_HT	Olink Explore HT	Intensity	v1.1.0	NT=sdrf-skills;VV=v0.0.0	NT=affinity-proteomics;VV=v1.0.0	NT=human;VV=v1.1.0
PAD000050-CE000157-203	Homo sapiens	blood plasma	normal	not available	not available	adult	CE000157	5	study sample	blood plasma	PAD000050-r00091-CE000157-203	protein expression profiling by antibody array	1	Limbic_NPX_2025-06-05.npx.parquet	ftp://ftp.pride.ebi.ac.uk/pride/data/archive/2026/09/PAD000050/Limbic_NPX_2025-06-05.npx.parquet	NT=Olink platform;AC=PRIDE:0000654	Olink Explore HT	Explore HT	NPX	limbic_3grp_run_1_plate2	Intensity	Explore_HT	Olink Explore HT	Intensity	v1.1.0	NT=sdrf-skills;VV=v0.0.0	NT=affinity-proteomics;VV=v1.0.0	NT=human;VV=v1.1.0
PAD000050-CE000363-205	Homo sapiens	blood plasma	normal	not available	not available	adult	CE000363	81	study sample	blood plasma	PAD000050-r00092-CE000363-205	protein expression profiling by antibody array	1	Limbic_NPX_2025-06-05.npx.parquet	ftp://ftp.pride.ebi.ac.uk/pride/data/archive/2026/09/PAD000050/Limbic_NPX_2025-06-05.npx.parquet	NT=Olink platform;AC=PRIDE:0000654	Olink Explore HT	Explore HT	NPX	limbic_3grp_run_1_plate2	Intensity	Explore_HT	Olink Explore HT	Intensity	v1.1.0	NT=sdrf-skills;VV=v0.0.0	NT=affinity-proteomics;VV=v1.0.0	NT=human;VV=v1.1.0
PAD000050-CE000400-205	Homo sapiens	blood plasma	normal	not available	not available	adult	CE000400	82	study sample	blood plasma	PAD000050-r00093-CE000400-205	protein expression profiling by antibody array	1	Limbic_NPX_2025-06-05.npx.parquet	ftp://ftp.pride.ebi.ac.uk/pride/data/archive/2026/09/PAD000050/Limbic_NPX_2025-06-05.npx.parquet	NT=Olink platform;AC=PRIDE:0000654	Olink Explore HT	Explore HT	NPX	limbic_3grp_run_1_plate2	Intensity	Explore_HT	Olink Explore HT	Intensity	v1.1.0	NT=sdrf-skills;VV=v0.0.0	NT=affinity-proteomics;VV=v1.0.0	NT=human;VV=v1.1.0
PAD000050-CE000456-202	Homo sapiens	blood plasma	normal	not available	not available	adult	CE000456	83	study sample	blood plasma	PAD000050-r00094-CE000456-202	protein expression profiling by antibody array	1	Limbic_NPX_2025-06-05.npx.parquet	ftp://ftp.pride.ebi.ac.uk/pride/data/archive/2026/09/PAD000050/Limbic_NPX_2025-06-05.npx.parquet	NT=Olink platform;AC=PRIDE:0000654	Olink Explore HT	Explore HT	NPX	limbic_3grp_run_1_plate2	Intensity	Explore_HT	Olink Explore HT	Intensity	v1.1.0	NT=sdrf-skills;VV=v0.0.0	NT=affinity-proteomics;VV=v1.0.0	NT=human;VV=v1.1.0
PAD000050-CE003322-201	Homo sapiens	blood plasma	normal	not available	not available	adult	CE003322	84	study sample	blood plasma	PAD000050-r00095-CE003322-201	protein expression profiling by antibody array	1	Limbic_NPX_2025-06-05.npx.parquet	ftp://ftp.pride.ebi.ac.uk/pride/data/archive/2026/09/PAD000050/Limbic_NPX_2025-06-05.npx.parquet	NT=Olink platform;AC=PRIDE:0000654	Olink Explore HT	Explore HT	NPX	limbic_3grp_run_1_plate2	Intensity	Explore_HT	Olink Explore HT	Intensity	v1.1.0	NT=sdrf-skills;VV=v0.0.0	NT=affinity-proteomics;VV=v1.0.0	NT=human;VV=v1.1.0
PAD000050-CE000436-206	Homo sapiens	blood plasma	normal	not available	not available	adult	CE000436	85	study sample	blood plasma	PAD000050-r00096-CE000436-206	protein expression profiling by antibody array	1	Limbic_NPX_2025-06-05.npx.parquet	ftp://ftp.pride.ebi.ac.uk/pride/data/archive/2026/09/PAD000050/Limbic_NPX_2025-06-05.npx.parquet	NT=Olink platform;AC=PRIDE:0000654	Olink Explore HT	Explore HT	NPX	limbic_3grp_run_1_plate2	Intensity	Explore_HT	Olink Explore HT	Intensity	v1.1.0	NT=sdrf-skills;VV=v0.0.0	NT=affinity-proteomics;VV=v1.0.0	NT=human;VV=v1.1.0
PAD000050-CE000762-202	Homo sapiens	blood plasma	normal	not available	not available	adult	CE000762	86	study sample	blood plasma	PAD000050-r00097-CE000762-202	protein expression profiling by antibody array	1	Limbic_NPX_2025-06-05.npx.parquet	ftp://ftp.pride.ebi.ac.uk/pride/data/archive/2026/09/PAD000050/Limbic_NPX_2025-06-05.npx.parquet	NT=Olink platform;AC=PRIDE:0000654	Olink Explore HT	Explore HT	NPX	limbic_3grp_run_1_plate2	Intensity	Explore_HT	Olink Explore HT	Intensity	v1.1.0	NT=sdrf-skills;VV=v0.0.0	NT=affinity-proteomics;VV=v1.0.0	NT=human;VV=v1.1.0
PAD000050-CE000730-202	Homo sapiens	blood plasma	normal	not available	not available	adult	CE000730	87	study sample	blood plasma	PAD000050-r00098-CE000730-202	protein expression profiling by antibody array	1	Limbic_NPX_2025-06-05.npx.parquet	ftp://ftp.pride.ebi.ac.uk/pride/data/archive/2026/09/PAD000050/Limbic_NPX_2025-06-05.npx.parquet	NT=Olink platform;AC=PRIDE:0000654	Olink Explore HT	Explore HT	NPX	limbic_3grp_run_1_plate2	Intensity	Explore_HT	Olink Explore HT	Intensity	v1.1.0	NT=sdrf-skills;VV=v0.0.0	NT=affinity-proteomics;VV=v1.0.0	NT=human;VV=v1.1.0
PAD000050-CE000817-203	Homo sapiens	blood plasma	normal	not available	not available	adult	CE000817	88	study sample	blood plasma	PAD000050-r00099-CE000817-203	protein expression profiling by antibody array	1	Limbic_NPX_2025-06-05.npx.parquet	ftp://ftp.pride.ebi.ac.uk/pride/data/archive/2026/09/PAD000050/Limbic_NPX_2025-06-05.npx.parquet	NT=Olink platform;AC=PRIDE:0000654	Olink Explore HT	Explore HT	NPX	limbic_3grp_run_1_plate2	Intensity	Explore_HT	Olink Explore HT	Intensity	v1.1.0	NT=sdrf-skills;VV=v0.0.0	NT=affinity-proteomics;VV=v1.0.0	NT=human;VV=v1.1.0
PAD000050-CE000327-202	Homo sapiens	blood plasma	normal	not available	not available	adult	CE000327	89	study sample	blood plasma	PAD000050-r00100-CE000327-202	protein expression profiling by antibody array	1	Limbic_NPX_2025-06-05.npx.parquet	ftp://ftp.pride.ebi.ac.uk/pride/data/archive/2026/09/PAD000050/Limbic_NPX_2025-06-05.npx.parquet	NT=Olink platform;AC=PRIDE:0000654	Olink Explore HT	Explore HT	NPX	limbic_3grp_run_1_plate2	Intensity	Explore_HT	Olink Explore HT	Intensity	v1.1.0	NT=sdrf-skills;VV=v0.0.0	NT=affinity-proteomics;VV=v1.0.0	NT=human;VV=v1.1.0
PAD000050-CE000692-204	Homo sapiens	blood plasma	normal	not available	not available	adult	CE000692	19	study sample	blood plasma	PAD000050-r00101-CE000692-204	protein expression profiling by antibody array	1	Limbic_NPX_2025-06-05.npx.parquet	ftp://ftp.pride.ebi.ac.uk/pride/data/archive/2026/09/PAD000050/Limbic_NPX_2025-06-05.npx.parquet	NT=Olink platform;AC=PRIDE:0000654	Olink Explore HT	Explore HT	NPX	limbic_3grp_run_1_plate2	Intensity	Explore_HT	Olink Explore HT	Intensity	v1.1.0	NT=sdrf-skills;VV=v0.0.0	NT=affinity-proteomics;VV=v1.0.0	NT=human;VV=v1.1.0
PAD000050-CE000852-202	Homo sapiens	blood plasma	normal	not available	not available	adult	CE000852	90	study sample	blood plasma	PAD000050-r00102-CE000852-202	protein expression profiling by antibody array	1	Limbic_NPX_2025-06-05.npx.parquet	ftp://ftp.pride.ebi.ac.uk/pride/data/archive/2026/09/PAD000050/Limbic_NPX_2025-06-05.npx.parquet	NT=Olink platform;AC=PRIDE:0000654	Olink Explore HT	Explore HT	NPX	limbic_3grp_run_1_plate2	Intensity	Explore_HT	Olink Explore HT	Intensity	v1.1.0	NT=sdrf-skills;VV=v0.0.0	NT=affinity-proteomics;VV=v1.0.0	NT=human;VV=v1.1.0
PAD000050-CE000728-202	Homo sapiens	blood plasma	normal	not available	not available	adult	CE000728	91	study sample	blood plasma	PAD000050-r00103-CE000728-202	protein expression profiling by antibody array	1	Limbic_NPX_2025-06-05.npx.parquet	ftp://ftp.pride.ebi.ac.uk/pride/data/archive/2026/09/PAD000050/Limbic_NPX_2025-06-05.npx.parquet	NT=Olink platform;AC=PRIDE:0000654	Olink Explore HT	Explore HT	NPX	limbic_3grp_run_1_plate2	Intensity	Explore_HT	Olink Explore HT	Intensity	v1.1.0	NT=sdrf-skills;VV=v0.0.0	NT=affinity-proteomics;VV=v1.0.0	NT=human;VV=v1.1.0
PAD000050-CE000270-202	Homo sapiens	blood plasma	normal	not available	not available	adult	CE000270	92	study sample	blood plasma	PAD000050-r00104-CE000270-202	protein expression profiling by antibody array	1	Limbic_NPX_2025-06-05.npx.parquet	ftp://ftp.pride.ebi.ac.uk/pride/data/archive/2026/09/PAD000050/Limbic_NPX_2025-06-05.npx.parquet	NT=Olink platform;AC=PRIDE:0000654	Olink Explore HT	Explore HT	NPX	limbic_3grp_run_1_plate2	Intensity	Explore_HT	Olink Explore HT	Intensity	v1.1.0	NT=sdrf-skills;VV=v0.0.0	NT=affinity-proteomics;VV=v1.0.0	NT=human;VV=v1.1.0
PAD000050-CE000829-203	Homo sapiens	blood plasma	normal	not available	not available	adult	CE000829	93	study sample	blood plasma	PAD000050-r00105-CE000829-203	protein expression profiling by antibody array	1	Limbic_NPX_2025-06-05.npx.parquet	ftp://ftp.pride.ebi.ac.uk/pride/data/archive/2026/09/PAD000050/Limbic_NPX_2025-06-05.npx.parquet	NT=Olink platform;AC=PRIDE:0000654	Olink Explore HT	Explore HT	NPX	limbic_3grp_run_1_plate2	Intensity	Explore_HT	Olink Explore HT	Intensity	v1.1.0	NT=sdrf-skills;VV=v0.0.0	NT=affinity-proteomics;VV=v1.0.0	NT=human;VV=v1.1.0
PAD000050-CE000732-203	Homo sapiens	blood plasma	normal	not available	not available	adult	CE000732	94	study sample	blood plasma	PAD000050-r00106-CE000732-203	protein expression profiling by antibody array	1	Limbic_NPX_2025-06-05.npx.parquet	ftp://ftp.pride.ebi.ac.uk/pride/data/archive/2026/09/PAD000050/Limbic_NPX_2025-06-05.npx.parquet	NT=Olink platform;AC=PRIDE:0000654	Olink Explore HT	Explore HT	NPX	limbic_3grp_run_1_plate2	Intensity	Explore_HT	Olink Explore HT	Intensity	v1.1.0	NT=sdrf-skills;VV=v0.0.0	NT=affinity-proteomics;VV=v1.0.0	NT=human;VV=v1.1.0
PAD000050-CE003328-201	Homo sapiens	blood plasma	normal	not available	not available	adult	CE003328	95	study sample	blood plasma	PAD000050-r00107-CE003328-201	protein expression profiling by antibody array	1	Limbic_NPX_2025-06-05.npx.parquet	ftp://ftp.pride.ebi.ac.uk/pride/data/archive/2026/09/PAD000050/Limbic_NPX_2025-06-05.npx.parquet	NT=Olink platform;AC=PRIDE:0000654	Olink Explore HT	Explore HT	NPX	limbic_3grp_run_2_plate3	Intensity	Explore_HT	Olink Explore HT	Intensity	v1.1.0	NT=sdrf-skills;VV=v0.0.0	NT=affinity-proteomics;VV=v1.0.0	NT=human;VV=v1.1.0
PAD000050-CE001032-203	Homo sapiens	blood plasma	normal	not available	not available	adult	CE001032	14	study sample	blood plasma	PAD000050-r00108-CE001032-203	protein expression profiling by antibody array	1	Limbic_NPX_2025-06-05.npx.parquet	ftp://ftp.pride.ebi.ac.uk/pride/data/archive/2026/09/PAD000050/Limbic_NPX_2025-06-05.npx.parquet	NT=Olink platform;AC=PRIDE:0000654	Olink Explore HT	Explore HT	NPX	limbic_3grp_run_2_plate3	Intensity	Explore_HT	Olink Explore HT	Intensity	v1.1.0	NT=sdrf-skills;VV=v0.0.0	NT=affinity-proteomics;VV=v1.0.0	NT=human;VV=v1.1.0
PAD000050-CE000883-206	Homo sapiens	blood plasma	normal	not available	not available	adult	CE000883	96	study sample	blood plasma	PAD000050-r00109-CE000883-206	protein expression profiling by antibody array	1	Limbic_NPX_2025-06-05.npx.parquet	ftp://ftp.pride.ebi.ac.uk/pride/data/archive/2026/09/PAD000050/Limbic_NPX_2025-06-05.npx.parquet	NT=Olink platform;AC=PRIDE:0000654	Olink Explore HT	Explore HT	NPX	limbic_3grp_run_2_plate3	Intensity	Explore_HT	Olink Explore HT	Intensity	v1.1.0	NT=sdrf-skills;VV=v0.0.0	NT=affinity-proteomics;VV=v1.0.0	NT=human;VV=v1.1.0
PAD000050-CE001002-203	Homo sapiens	blood plasma	normal	not available	not available	adult	CE001002	97	study sample	blood plasma	PAD000050-r00110-CE001002-203	protein expression profiling by antibody array	1	Limbic_NPX_2025-06-05.npx.parquet	ftp://ftp.pride.ebi.ac.uk/pride/data/archive/2026/09/PAD000050/Limbic_NPX_2025-06-05.npx.parquet	NT=Olink platform;AC=PRIDE:0000654	Olink Explore HT	Explore HT	NPX	limbic_3grp_run_2_plate3	Intensity	Explore_HT	Olink Explore HT	Intensity	v1.1.0	NT=sdrf-skills;VV=v0.0.0	NT=affinity-proteomics;VV=v1.0.0	NT=human;VV=v1.1.0
PAD000050-CE001556-203	Homo sapiens	blood plasma	normal	not available	not available	adult	CE001556	98	study sample	blood plasma	PAD000050-r00111-CE001556-203	protein expression profiling by antibody array	1	Limbic_NPX_2025-06-05.npx.parquet	ftp://ftp.pride.ebi.ac.uk/pride/data/archive/2026/09/PAD000050/Limbic_NPX_2025-06-05.npx.parquet	NT=Olink platform;AC=PRIDE:0000654	Olink Explore HT	Explore HT	NPX	limbic_3grp_run_2_plate3	Intensity	Explore_HT	Olink Explore HT	Intensity	v1.1.0	NT=sdrf-skills;VV=v0.0.0	NT=affinity-proteomics;VV=v1.0.0	NT=human;VV=v1.1.0
PAD000050-CE002827-201	Homo sapiens	blood plasma	normal	not available	not available	adult	CE002827	99	study sample	blood plasma	PAD000050-r00112-CE002827-201	protein expression profiling by antibody array	1	Limbic_NPX_2025-06-05.npx.parquet	ftp://ftp.pride.ebi.ac.uk/pride/data/archive/2026/09/PAD000050/Limbic_NPX_2025-06-05.npx.parquet	NT=Olink platform;AC=PRIDE:0000654	Olink Explore HT	Explore HT	NPX	limbic_3grp_run_2_plate3	Intensity	Explore_HT	Olink Explore HT	Intensity	v1.1.0	NT=sdrf-skills;VV=v0.0.0	NT=affinity-proteomics;VV=v1.0.0	NT=human;VV=v1.1.0
PAD000050-CE001164-203	Homo sapiens	blood plasma	normal	not available	not available	adult	CE001164	100	study sample	blood plasma	PAD000050-r00113-CE001164-203	protein expression profiling by antibody array	1	Limbic_NPX_2025-06-05.npx.parquet	ftp://ftp.pride.ebi.ac.uk/pride/data/archive/2026/09/PAD000050/Limbic_NPX_2025-06-05.npx.parquet	NT=Olink platform;AC=PRIDE:0000654	Olink Explore HT	Explore HT	NPX	limbic_3grp_run_2_plate3	Intensity	Explore_HT	Olink Explore HT	Intensity	v1.1.0	NT=sdrf-skills;VV=v0.0.0	NT=affinity-proteomics;VV=v1.0.0	NT=human;VV=v1.1.0
PAD000050-CE002883-203	Homo sapiens	blood plasma	normal	not available	not available	adult	CE002883	101	study sample	blood plasma	PAD000050-r00114-CE002883-203	protein expression profiling by antibody array	1	Limbic_NPX_2025-06-05.npx.parquet	ftp://ftp.pride.ebi.ac.uk/pride/data/archive/2026/09/PAD000050/Limbic_NPX_2025-06-05.npx.parquet	NT=Olink platform;AC=PRIDE:0000654	Olink Explore HT	Explore HT	NPX	limbic_3grp_run_2_plate3	Intensity	Explore_HT	Olink Explore HT	Intensity	v1.1.0	NT=sdrf-skills;VV=v0.0.0	NT=affinity-proteomics;VV=v1.0.0	NT=human;VV=v1.1.0
PAD000050-CE001037-203	Homo sapiens	blood plasma	normal	not available	not available	adult	CE001037	102	study sample	blood plasma	PAD000050-r00115-CE001037-203	protein expression profiling by antibody array	1	Limbic_NPX_2025-06-05.npx.parquet	ftp://ftp.pride.ebi.ac.uk/pride/data/archive/2026/09/PAD000050/Limbic_NPX_2025-06-05.npx.parquet	NT=Olink platform;AC=PRIDE:0000654	Olink Explore HT	Explore HT	NPX	limbic_3grp_run_2_plate3	Intensity	Explore_HT	Olink Explore HT	Intensity	v1.1.0	NT=sdrf-skills;VV=v0.0.0	NT=affinity-proteomics;VV=v1.0.0	NT=human;VV=v1.1.0
PAD000050-CE001234-202	Homo sapiens	blood plasma	normal	not available	not available	adult	CE001234	103	study sample	blood plasma	PAD000050-r00116-CE001234-202	protein expression profiling by antibody array	1	Limbic_NPX_2025-06-05.npx.parquet	ftp://ftp.pride.ebi.ac.uk/pride/data/archive/2026/09/PAD000050/Limbic_NPX_2025-06-05.npx.parquet	NT=Olink platform;AC=PRIDE:0000654	Olink Explore HT	Explore HT	NPX	limbic_3grp_run_2_plate3	Intensity	Explore_HT	Olink Explore HT	Intensity	v1.1.0	NT=sdrf-skills;VV=v0.0.0	NT=affinity-proteomics;VV=v1.0.0	NT=human;VV=v1.1.0
PAD000050-CE001388-202	Homo sapiens	blood plasma	normal	not available	not available	adult	CE001388	104	study sample	blood plasma	PAD000050-r00117-CE001388-202	protein expression profiling by antibody array	1	Limbic_NPX_2025-06-05.npx.parquet	ftp://ftp.pride.ebi.ac.uk/pride/data/archive/2026/09/PAD000050/Limbic_NPX_2025-06-05.npx.parquet	NT=Olink platform;AC=PRIDE:0000654	Olink Explore HT	Explore HT	NPX	limbic_3grp_run_2_plate3	Intensity	Explore_HT	Olink Explore HT	Intensity	v1.1.0	NT=sdrf-skills;VV=v0.0.0	NT=affinity-proteomics;VV=v1.0.0	NT=human;VV=v1.1.0
PAD000050-CE003274-202	Homo sapiens	blood plasma	normal	not available	not available	adult	CE003274	105	study sample	blood plasma	PAD000050-r00118-CE003274-202	protein expression profiling by antibody array	1	Limbic_NPX_2025-06-05.npx.parquet	ftp://ftp.pride.ebi.ac.uk/pride/data/archive/2026/09/PAD000050/Limbic_NPX_2025-06-05.npx.parquet	NT=Olink platform;AC=PRIDE:0000654	Olink Explore HT	Explore HT	NPX	limbic_3grp_run_2_plate3	Intensity	Explore_HT	Olink Explore HT	Intensity	v1.1.0	NT=sdrf-skills;VV=v0.0.0	NT=affinity-proteomics;VV=v1.0.0	NT=human;VV=v1.1.0
PAD000050-CE001034-203	Homo sapiens	blood plasma	normal	not available	not available	adult	CE001034	16	study sample	blood plasma	PAD000050-r00119-CE001034-203	protein expression profiling by antibody array	1	Limbic_NPX_2025-06-05.npx.parquet	ftp://ftp.pride.ebi.ac.uk/pride/data/archive/2026/09/PAD000050/Limbic_NPX_2025-06-05.npx.parquet	NT=Olink platform;AC=PRIDE:0000654	Olink Explore HT	Explore HT	NPX	limbic_3grp_run_2_plate3	Intensity	Explore_HT	Olink Explore HT	Intensity	v1.1.0	NT=sdrf-skills;VV=v0.0.0	NT=affinity-proteomics;VV=v1.0.0	NT=human;VV=v1.1.0
PAD000050-CE000663-203	Homo sapiens	blood plasma	normal	not available	not available	adult	CE000663	106	study sample	blood plasma	PAD000050-r00120-CE000663-203	protein expression profiling by antibody array	1	Limbic_NPX_2025-06-05.npx.parquet	ftp://ftp.pride.ebi.ac.uk/pride/data/archive/2026/09/PAD000050/Limbic_NPX_2025-06-05.npx.parquet	NT=Olink platform;AC=PRIDE:0000654	Olink Explore HT	Explore HT	NPX	limbic_3grp_run_2_plate3	Intensity	Explore_HT	Olink Explore HT	Intensity	v1.1.0	NT=sdrf-skills;VV=v0.0.0	NT=affinity-proteomics;VV=v1.0.0	NT=human;VV=v1.1.0
PAD000050-CE001538-202	Homo sapiens	blood plasma	normal	not available	not available	adult	CE001538	107	study sample	blood plasma	PAD000050-r00121-CE001538-202	protein expression profiling by antibody array	1	Limbic_NPX_2025-06-05.npx.parquet	ftp://ftp.pride.ebi.ac.uk/pride/data/archive/2026/09/PAD000050/Limbic_NPX_2025-06-05.npx.parquet	NT=Olink platform;AC=PRIDE:0000654	Olink Explore HT	Explore HT	NPX	limbic_3grp_run_2_plate3	Intensity	Explore_HT	Olink Explore HT	Intensity	v1.1.0	NT=sdrf-skills;VV=v0.0.0	NT=affinity-proteomics;VV=v1.0.0	NT=human;VV=v1.1.0
PAD000050-CE002902-201	Homo sapiens	blood plasma	normal	not available	not available	adult	CE002902	108	study sample	blood plasma	PAD000050-r00122-CE002902-201	protein expression profiling by antibody array	1	Limbic_NPX_2025-06-05.npx.parquet	ftp://ftp.pride.ebi.ac.uk/pride/data/archive/2026/09/PAD000050/Limbic_NPX_2025-06-05.npx.parquet	NT=Olink platform;AC=PRIDE:0000654	Olink Explore HT	Explore HT	NPX	limbic_3grp_run_2_plate3	Intensity	Explore_HT	Olink Explore HT	Intensity	v1.1.0	NT=sdrf-skills;VV=v0.0.0	NT=affinity-proteomics;VV=v1.0.0	NT=human;VV=v1.1.0
PAD000050-CE003298-203	Homo sapiens	blood plasma	normal	not available	not available	adult	CE003298	109	study sample	blood plasma	PAD000050-r00123-CE003298-203	protein expression profiling by antibody array	1	Limbic_NPX_2025-06-05.npx.parquet	ftp://ftp.pride.ebi.ac.uk/pride/data/archive/2026/09/PAD000050/Limbic_NPX_2025-06-05.npx.parquet	NT=Olink platform;AC=PRIDE:0000654	Olink Explore HT	Explore HT	NPX	limbic_3grp_run_2_plate3	Intensity	Explore_HT	Olink Explore HT	Intensity	v1.1.0	NT=sdrf-skills;VV=v0.0.0	NT=affinity-proteomics;VV=v1.0.0	NT=human;VV=v1.1.0
PAD000050-CE001148-204	Homo sapiens	blood plasma	normal	not available	not available	adult	CE001148	9	study sample	blood plasma	PAD000050-r00124-CE001148-204	protein expression profiling by antibody array	1	Limbic_NPX_2025-06-05.npx.parquet	ftp://ftp.pride.ebi.ac.uk/pride/data/archive/2026/09/PAD000050/Limbic_NPX_2025-06-05.npx.parquet	NT=Olink platform;AC=PRIDE:0000654	Olink Explore HT	Explore HT	NPX	limbic_3grp_run_2_plate3	Intensity	Explore_HT	Olink Explore HT	Intensity	v1.1.0	NT=sdrf-skills;VV=v0.0.0	NT=affinity-proteomics;VV=v1.0.0	NT=human;VV=v1.1.0
PAD000050-CE001483-204	Homo sapiens	blood plasma	normal	not available	not available	adult	CE001483	110	study sample	blood plasma	PAD000050-r00125-CE001483-204	protein expression profiling by antibody array	1	Limbic_NPX_2025-06-05.npx.parquet	ftp://ftp.pride.ebi.ac.uk/pride/data/archive/2026/09/PAD000050/Limbic_NPX_2025-06-05.npx.parquet	NT=Olink platform;AC=PRIDE:0000654	Olink Explore HT	Explore HT	NPX	limbic_3grp_run_2_plate3	Intensity	Explore_HT	Olink Explore HT	Intensity	v1.1.0	NT=sdrf-skills;VV=v0.0.0	NT=affinity-proteomics;VV=v1.0.0	NT=human;VV=v1.1.0
PAD000050-CE001575-203	Homo sapiens	blood plasma	normal	not available	not available	adult	CE001575	10	study sample	blood plasma	PAD000050-r00126-CE001575-203	protein expression profiling by antibody array	1	Limbic_NPX_2025-06-05.npx.parquet	ftp://ftp.pride.ebi.ac.uk/pride/data/archive/2026/09/PAD000050/Limbic_NPX_2025-06-05.npx.parquet	NT=Olink platform;AC=PRIDE:0000654	Olink Explore HT	Explore HT	NPX	limbic_3grp_run_2_plate3	Intensity	Explore_HT	Olink Explore HT	Intensity	v1.1.0	NT=sdrf-skills;VV=v0.0.0	NT=affinity-proteomics;VV=v1.0.0	NT=human;VV=v1.1.0
PAD000050-CE001472-203	Homo sapiens	blood plasma	normal	not available	not available	adult	CE001472	111	study sample	blood plasma	PAD000050-r00127-CE001472-203	protein expression profiling by antibody array	1	Limbic_NPX_2025-06-05.npx.parquet	ftp://ftp.pride.ebi.ac.uk/pride/data/archive/2026/09/PAD000050/Limbic_NPX_2025-06-05.npx.parquet	NT=Olink platform;AC=PRIDE:0000654	Olink Explore HT	Explore HT	NPX	limbic_3grp_run_2_plate3	Intensity	Explore_HT	Olink Explore HT	Intensity	v1.1.0	NT=sdrf-skills;VV=v0.0.0	NT=affinity-proteomics;VV=v1.0.0	NT=human;VV=v1.1.0
PAD000050-CE003273-203	Homo sapiens	blood plasma	normal	not available	not available	adult	CE003273	112	study sample	blood plasma	PAD000050-r00128-CE003273-203	protein expression profiling by antibody array	1	Limbic_NPX_2025-06-05.npx.parquet	ftp://ftp.pride.ebi.ac.uk/pride/data/archive/2026/09/PAD000050/Limbic_NPX_2025-06-05.npx.parquet	NT=Olink platform;AC=PRIDE:0000654	Olink Explore HT	Explore HT	NPX	limbic_3grp_run_2_plate3	Intensity	Explore_HT	Olink Explore HT	Intensity	v1.1.0	NT=sdrf-skills;VV=v0.0.0	NT=affinity-proteomics;VV=v1.0.0	NT=human;VV=v1.1.0
PAD000050-CE001157-204	Homo sapiens	blood plasma	normal	not available	not available	adult	CE001157	25	study sample	blood plasma	PAD000050-r00129-CE001157-204	protein expression profiling by antibody array	1	Limbic_NPX_2025-06-05.npx.parquet	ftp://ftp.pride.ebi.ac.uk/pride/data/archive/2026/09/PAD000050/Limbic_NPX_2025-06-05.npx.parquet	NT=Olink platform;AC=PRIDE:0000654	Olink Explore HT	Explore HT	NPX	limbic_3grp_run_2_plate3	Intensity	Explore_HT	Olink Explore HT	Intensity	v1.1.0	NT=sdrf-skills;VV=v0.0.0	NT=affinity-proteomics;VV=v1.0.0	NT=human;VV=v1.1.0
PAD000050-CE001266-202	Homo sapiens	blood plasma	normal	not available	not available	adult	CE001266	113	study sample	blood plasma	PAD000050-r00130-CE001266-202	protein expression profiling by antibody array	1	Limbic_NPX_2025-06-05.npx.parquet	ftp://ftp.pride.ebi.ac.uk/pride/data/archive/2026/09/PAD000050/Limbic_NPX_2025-06-05.npx.parquet	NT=Olink platform;AC=PRIDE:0000654	Olink Explore HT	Explore HT	NPX	limbic_3grp_run_2_plate3	Intensity	Explore_HT	Olink Explore HT	Intensity	v1.1.0	NT=sdrf-skills;VV=v0.0.0	NT=affinity-proteomics;VV=v1.0.0	NT=human;VV=v1.1.0
PAD000050-CE001083-203	Homo sapiens	blood plasma	normal	not available	not available	adult	CE001083	114	study sample	blood plasma	PAD000050-r00131-CE001083-203	protein expression profiling by antibody array	1	Limbic_NPX_2025-06-05.npx.parquet	ftp://ftp.pride.ebi.ac.uk/pride/data/archive/2026/09/PAD000050/Limbic_NPX_2025-06-05.npx.parquet	NT=Olink platform;AC=PRIDE:0000654	Olink Explore HT	Explore HT	NPX	limbic_3grp_run_2_plate3	Intensity	Explore_HT	Olink Explore HT	Intensity	v1.1.0	NT=sdrf-skills;VV=v0.0.0	NT=affinity-proteomics;VV=v1.0.0	NT=human;VV=v1.1.0
PAD000050-CE003431-201	Homo sapiens	blood plasma	normal	not available	not available	adult	CE003431	115	study sample	blood plasma	PAD000050-r00132-CE003431-201	protein expression profiling by antibody array	1	Limbic_NPX_2025-06-05.npx.parquet	ftp://ftp.pride.ebi.ac.uk/pride/data/archive/2026/09/PAD000050/Limbic_NPX_2025-06-05.npx.parquet	NT=Olink platform;AC=PRIDE:0000654	Olink Explore HT	Explore HT	NPX	limbic_3grp_run_2_plate3	Intensity	Explore_HT	Olink Explore HT	Intensity	v1.1.0	NT=sdrf-skills;VV=v0.0.0	NT=affinity-proteomics;VV=v1.0.0	NT=human;VV=v1.1.0
PAD000050-CE001443-204	Homo sapiens	blood plasma	normal	not available	not available	adult	CE001443	11	study sample	blood plasma	PAD000050-r00133-CE001443-204	protein expression profiling by antibody array	1	Limbic_NPX_2025-06-05.npx.parquet	ftp://ftp.pride.ebi.ac.uk/pride/data/archive/2026/09/PAD000050/Limbic_NPX_2025-06-05.npx.parquet	NT=Olink platform;AC=PRIDE:0000654	Olink Explore HT	Explore HT	NPX	limbic_3grp_run_2_plate3	Intensity	Explore_HT	Olink Explore HT	Intensity	v1.1.0	NT=sdrf-skills;VV=v0.0.0	NT=affinity-proteomics;VV=v1.0.0	NT=human;VV=v1.1.0
PAD000050-CE001067-203	Homo sapiens	blood plasma	normal	not available	not available	adult	CE001067	116	study sample	blood plasma	PAD000050-r00134-CE001067-203	protein expression profiling by antibody array	1	Limbic_NPX_2025-06-05.npx.parquet	ftp://ftp.pride.ebi.ac.uk/pride/data/archive/2026/09/PAD000050/Limbic_NPX_2025-06-05.npx.parquet	NT=Olink platform;AC=PRIDE:0000654	Olink Explore HT	Explore HT	NPX	limbic_3grp_run_2_plate3	Intensity	Explore_HT	Olink Explore HT	Intensity	v1.1.0	NT=sdrf-skills;VV=v0.0.0	NT=affinity-proteomics;VV=v1.0.0	NT=human;VV=v1.1.0
PAD000050-CE002838-202	Homo sapiens	blood plasma	normal	not available	not available	adult	CE002838	117	study sample	blood plasma	PAD000050-r00135-CE002838-202	protein expression profiling by antibody array	1	Limbic_NPX_2025-06-05.npx.parquet	ftp://ftp.pride.ebi.ac.uk/pride/data/archive/2026/09/PAD000050/Limbic_NPX_2025-06-05.npx.parquet	NT=Olink platform;AC=PRIDE:0000654	Olink Explore HT	Explore HT	NPX	limbic_3grp_run_2_plate3	Intensity	Explore_HT	Olink Explore HT	Intensity	v1.1.0	NT=sdrf-skills;VV=v0.0.0	NT=affinity-proteomics;VV=v1.0.0	NT=human;VV=v1.1.0
PAD000050-CE001437-202	Homo sapiens	blood plasma	normal	not available	not available	adult	CE001437	118	study sample	blood plasma	PAD000050-r00136-CE001437-202	protein expression profiling by antibody array	1	Limbic_NPX_2025-06-05.npx.parquet	ftp://ftp.pride.ebi.ac.uk/pride/data/archive/2026/09/PAD000050/Limbic_NPX_2025-06-05.npx.parquet	NT=Olink platform;AC=PRIDE:0000654	Olink Explore HT	Explore HT	NPX	limbic_3grp_run_2_plate3	Intensity	Explore_HT	Olink Explore HT	Intensity	v1.1.0	NT=sdrf-skills;VV=v0.0.0	NT=affinity-proteomics;VV=v1.0.0	NT=human;VV=v1.1.0
PAD000050-CE000716-202	Homo sapiens	blood plasma	normal	not available	not available	adult	CE000716	119	study sample	blood plasma	PAD000050-r00137-CE000716-202	protein expression profiling by antibody array	1	Limbic_NPX_2025-06-05.npx.parquet	ftp://ftp.pride.ebi.ac.uk/pride/data/archive/2026/09/PAD000050/Limbic_NPX_2025-06-05.npx.parquet	NT=Olink platform;AC=PRIDE:0000654	Olink Explore HT	Explore HT	NPX	limbic_3grp_run_2_plate3	Intensity	Explore_HT	Olink Explore HT	Intensity	v1.1.0	NT=sdrf-skills;VV=v0.0.0	NT=affinity-proteomics;VV=v1.0.0	NT=human;VV=v1.1.0
PAD000050-CE001041-203	Homo sapiens	blood plasma	normal	not available	not available	adult	CE001041	8	study sample	blood plasma	PAD000050-r00138-CE001041-203	protein expression profiling by antibody array	1	Limbic_NPX_2025-06-05.npx.parquet	ftp://ftp.pride.ebi.ac.uk/pride/data/archive/2026/09/PAD000050/Limbic_NPX_2025-06-05.npx.parquet	NT=Olink platform;AC=PRIDE:0000654	Olink Explore HT	Explore HT	NPX	limbic_3grp_run_2_plate3	Intensity	Explore_HT	Olink Explore HT	Intensity	v1.1.0	NT=sdrf-skills;VV=v0.0.0	NT=affinity-proteomics;VV=v1.0.0	NT=human;VV=v1.1.0
PAD000050-CE001450-202	Homo sapiens	blood plasma	normal	not available	not available	adult	CE001450	120	study sample	blood plasma	PAD000050-r00139-CE001450-202	protein expression profiling by antibody array	1	Limbic_NPX_2025-06-05.npx.parquet	ftp://ftp.pride.ebi.ac.uk/pride/data/archive/2026/09/PAD000050/Limbic_NPX_2025-06-05.npx.parquet	NT=Olink platform;AC=PRIDE:0000654	Olink Explore HT	Explore HT	NPX	limbic_3grp_run_2_plate3	Intensity	Explore_HT	Olink Explore HT	Intensity	v1.1.0	NT=sdrf-skills;VV=v0.0.0	NT=affinity-proteomics;VV=v1.0.0	NT=human;VV=v1.1.0
PAD000050-CE001820-202	Homo sapiens	blood plasma	normal	not available	not available	adult	CE001820	121	study sample	blood plasma	PAD000050-r00140-CE001820-202	protein expression profiling by antibody array	1	Limbic_NPX_2025-06-05.npx.parquet	ftp://ftp.pride.ebi.ac.uk/pride/data/archive/2026/09/PAD000050/Limbic_NPX_2025-06-05.npx.parquet	NT=Olink platform;AC=PRIDE:0000654	Olink Explore HT	Explore HT	NPX	limbic_3grp_run_2_plate4	Intensity	Explore_HT	Olink Explore HT	Intensity	v1.1.0	NT=sdrf-skills;VV=v0.0.0	NT=affinity-proteomics;VV=v1.0.0	NT=human;VV=v1.1.0
PAD000050-CE000897-206	Homo sapiens	blood plasma	normal	not available	not available	adult	CE000897	122	study sample	blood plasma	PAD000050-r00141-CE000897-206	protein expression profiling by antibody array	1	Limbic_NPX_2025-06-05.npx.parquet	ftp://ftp.pride.ebi.ac.uk/pride/data/archive/2026/09/PAD000050/Limbic_NPX_2025-06-05.npx.parquet	NT=Olink platform;AC=PRIDE:0000654	Olink Explore HT	Explore HT	NPX	limbic_3grp_run_2_plate4	Intensity	Explore_HT	Olink Explore HT	Intensity	v1.1.0	NT=sdrf-skills;VV=v0.0.0	NT=affinity-proteomics;VV=v1.0.0	NT=human;VV=v1.1.0
PAD000050-CE001638-204	Homo sapiens	blood plasma	normal	not available	not available	adult	CE001638	21	study sample	blood plasma	PAD000050-r00142-CE001638-204	protein expression profiling by antibody array	1	Limbic_NPX_2025-06-05.npx.parquet	ftp://ftp.pride.ebi.ac.uk/pride/data/archive/2026/09/PAD000050/Limbic_NPX_2025-06-05.npx.parquet	NT=Olink platform;AC=PRIDE:0000654	Olink Explore HT	Explore HT	NPX	limbic_3grp_run_2_plate4	Intensity	Explore_HT	Olink Explore HT	Intensity	v1.1.0	NT=sdrf-skills;VV=v0.0.0	NT=affinity-proteomics;VV=v1.0.0	NT=human;VV=v1.1.0
PAD000050-CE001560-203	Homo sapiens	blood plasma	normal	not available	not available	adult	CE001560	22	study sample	blood plasma	PAD000050-r00143-CE001560-203	protein expression profiling by antibody array	1	Limbic_NPX_2025-06-05.npx.parquet	ftp://ftp.pride.ebi.ac.uk/pride/data/archive/2026/09/PAD000050/Limbic_NPX_2025-06-05.npx.parquet	NT=Olink platform;AC=PRIDE:0000654	Olink Explore HT	Explore HT	NPX	limbic_3grp_run_2_plate4	Intensity	Explore_HT	Olink Explore HT	Intensity	v1.1.0	NT=sdrf-skills;VV=v0.0.0	NT=affinity-proteomics;VV=v1.0.0	NT=human;VV=v1.1.0
PAD000050-CE001669-202	Homo sapiens	blood plasma	normal	not available	not available	adult	CE001669	123	study sample	blood plasma	PAD000050-r00144-CE001669-202	protein expression profiling by antibody array	1	Limbic_NPX_2025-06-05.npx.parquet	ftp://ftp.pride.ebi.ac.uk/pride/data/archive/2026/09/PAD000050/Limbic_NPX_2025-06-05.npx.parquet	NT=Olink platform;AC=PRIDE:0000654	Olink Explore HT	Explore HT	NPX	limbic_3grp_run_2_plate4	Intensity	Explore_HT	Olink Explore HT	Intensity	v1.1.0	NT=sdrf-skills;VV=v0.0.0	NT=affinity-proteomics;VV=v1.0.0	NT=human;VV=v1.1.0
PAD000050-CE001520-203	Homo sapiens	blood plasma	normal	not available	not available	adult	CE001520	23	study sample	blood plasma	PAD000050-r00145-CE001520-203	protein expression profiling by antibody array	1	Limbic_NPX_2025-06-05.npx.parquet	ftp://ftp.pride.ebi.ac.uk/pride/data/archive/2026/09/PAD000050/Limbic_NPX_2025-06-05.npx.parquet	NT=Olink platform;AC=PRIDE:0000654	Olink Explore HT	Explore HT	NPX	limbic_3grp_run_2_plate4	Intensity	Explore_HT	Olink Explore HT	Intensity	v1.1.0	NT=sdrf-skills;VV=v0.0.0	NT=affinity-proteomics;VV=v1.0.0	NT=human;VV=v1.1.0
PAD000050-CE001724-202	Homo sapiens	blood plasma	normal	not available	not available	adult	CE001724	124	study sample	blood plasma	PAD000050-r00146-CE001724-202	protein expression profiling by antibody array	1	Limbic_NPX_2025-06-05.npx.parquet	ftp://ftp.pride.ebi.ac.uk/pride/data/archive/2026/09/PAD000050/Limbic_NPX_2025-06-05.npx.parquet	NT=Olink platform;AC=PRIDE:0000654	Olink Explore HT	Explore HT	NPX	limbic_3grp_run_2_plate4	Intensity	Explore_HT	Olink Explore HT	Intensity	v1.1.0	NT=sdrf-skills;VV=v0.0.0	NT=affinity-proteomics;VV=v1.0.0	NT=human;VV=v1.1.0
PAD000050-CE002216-203	Homo sapiens	blood plasma	normal	not available	not available	adult	CE002216	125	study sample	blood plasma	PAD000050-r00147-CE002216-203	protein expression profiling by antibody array	1	Limbic_NPX_2025-06-05.npx.parquet	ftp://ftp.pride.ebi.ac.uk/pride/data/archive/2026/09/PAD000050/Limbic_NPX_2025-06-05.npx.parquet	NT=Olink platform;AC=PRIDE:0000654	Olink Explore HT	Explore HT	NPX	limbic_3grp_run_2_plate4	Intensity	Explore_HT	Olink Explore HT	Intensity	v1.1.0	NT=sdrf-skills;VV=v0.0.0	NT=affinity-proteomics;VV=v1.0.0	NT=human;VV=v1.1.0
PAD000050-CE001363-202	Homo sapiens	blood plasma	normal	not available	not available	adult	CE001363	126	study sample	blood plasma	PAD000050-r00148-CE001363-202	protein expression profiling by antibody array	1	Limbic_NPX_2025-06-05.npx.parquet	ftp://ftp.pride.ebi.ac.uk/pride/data/archive/2026/09/PAD000050/Limbic_NPX_2025-06-05.npx.parquet	NT=Olink platform;AC=PRIDE:0000654	Olink Explore HT	Explore HT	NPX	limbic_3grp_run_2_plate4	Intensity	Explore_HT	Olink Explore HT	Intensity	v1.1.0	NT=sdrf-skills;VV=v0.0.0	NT=affinity-proteomics;VV=v1.0.0	NT=human;VV=v1.1.0
PAD000050-CE001689-203	Homo sapiens	blood plasma	normal	not available	not available	adult	CE001689	127	study sample	blood plasma	PAD000050-r00149-CE001689-203	protein expression profiling by antibody array	1	Limbic_NPX_2025-06-05.npx.parquet	ftp://ftp.pride.ebi.ac.uk/pride/data/archive/2026/09/PAD000050/Limbic_NPX_2025-06-05.npx.parquet	NT=Olink platform;AC=PRIDE:0000654	Olink Explore HT	Explore HT	NPX	limbic_3grp_run_2_plate4	Intensity	Explore_HT	Olink Explore HT	Intensity	v1.1.0	NT=sdrf-skills;VV=v0.0.0	NT=affinity-proteomics;VV=v1.0.0	NT=human;VV=v1.1.0
PAD000050-CE001829-202	Homo sapiens	blood plasma	normal	not available	not available	adult	CE001829	128	study sample	blood plasma	PAD000050-r00150-CE001829-202	protein expression profiling by antibody array	1	Limbic_NPX_2025-06-05.npx.parquet	ftp://ftp.pride.ebi.ac.uk/pride/data/archive/2026/09/PAD000050/Limbic_NPX_2025-06-05.npx.parquet	NT=Olink platform;AC=PRIDE:0000654	Olink Explore HT	Explore HT	NPX	limbic_3grp_run_2_plate4	Intensity	Explore_HT	Olink Explore HT	Intensity	v1.1.0	NT=sdrf-skills;VV=v0.0.0	NT=affinity-proteomics;VV=v1.0.0	NT=human;VV=v1.1.0
PAD000050-CE002303-203	Homo sapiens	blood plasma	normal	not available	not available	adult	CE002303	3	study sample	blood plasma	PAD000050-r00151-CE002303-203	protein expression profiling by antibody array	1	Limbic_NPX_2025-06-05.npx.parquet	ftp://ftp.pride.ebi.ac.uk/pride/data/archive/2026/09/PAD000050/Limbic_NPX_2025-06-05.npx.parquet	NT=Olink platform;AC=PRIDE:0000654	Olink Explore HT	Explore HT	NPX	limbic_3grp_run_2_plate4	Intensity	Explore_HT	Olink Explore HT	Intensity	v1.1.0	NT=sdrf-skills;VV=v0.0.0	NT=affinity-proteomics;VV=v1.0.0	NT=human;VV=v1.1.0
PAD000050-CE000843-202_2	Homo sapiens	blood plasma	normal	not available	not available	adult	CE000843	15	study sample	blood plasma	PAD000050-r00152-CE000843-202_2	protein expression profiling by antibody array	1	Limbic_NPX_2025-06-05.npx.parquet	ftp://ftp.pride.ebi.ac.uk/pride/data/archive/2026/09/PAD000050/Limbic_NPX_2025-06-05.npx.parquet	NT=Olink platform;AC=PRIDE:0000654	Olink Explore HT	Explore HT	NPX	limbic_3grp_run_2_plate4	Intensity	Explore_HT	Olink Explore HT	Intensity	v1.1.0	NT=sdrf-skills;VV=v0.0.0	NT=affinity-proteomics;VV=v1.0.0	NT=human;VV=v1.1.0
PAD000050-CE001261-202	Homo sapiens	blood plasma	normal	not available	not available	adult	CE001261	129	study sample	blood plasma	PAD000050-r00153-CE001261-202	protein expression profiling by antibody array	1	Limbic_NPX_2025-06-05.npx.parquet	ftp://ftp.pride.ebi.ac.uk/pride/data/archive/2026/09/PAD000050/Limbic_NPX_2025-06-05.npx.parquet	NT=Olink platform;AC=PRIDE:0000654	Olink Explore HT	Explore HT	NPX	limbic_3grp_run_2_plate4	Intensity	Explore_HT	Olink Explore HT	Intensity	v1.1.0	NT=sdrf-skills;VV=v0.0.0	NT=affinity-proteomics;VV=v1.0.0	NT=human;VV=v1.1.0
PAD000050-CE001832-202	Homo sapiens	blood plasma	normal	not available	not available	adult	CE001832	130	study sample	blood plasma	PAD000050-r00154-CE001832-202	protein expression profiling by antibody array	1	Limbic_NPX_2025-06-05.npx.parquet	ftp://ftp.pride.ebi.ac.uk/pride/data/archive/2026/09/PAD000050/Limbic_NPX_2025-06-05.npx.parquet	NT=Olink platform;AC=PRIDE:0000654	Olink Explore HT	Explore HT	NPX	limbic_3grp_run_2_plate4	Intensity	Explore_HT	Olink Explore HT	Intensity	v1.1.0	NT=sdrf-skills;VV=v0.0.0	NT=affinity-proteomics;VV=v1.0.0	NT=human;VV=v1.1.0
PAD000050-CE000340-206	Homo sapiens	blood plasma	normal	not available	not available	adult	CE000340	27	study sample	blood plasma	PAD000050-r00155-CE000340-206	protein expression profiling by antibody array	1	Limbic_NPX_2025-06-05.npx.parquet	ftp://ftp.pride.ebi.ac.uk/pride/data/archive/2026/09/PAD000050/Limbic_NPX_2025-06-05.npx.parquet	NT=Olink platform;AC=PRIDE:0000654	Olink Explore HT	Explore HT	NPX	limbic_3grp_run_2_plate4	Intensity	Explore_HT	Olink Explore HT	Intensity	v1.1.0	NT=sdrf-skills;VV=v0.0.0	NT=affinity-proteomics;VV=v1.0.0	NT=human;VV=v1.1.0
PAD000050-CE000729-203	Homo sapiens	blood plasma	normal	not available	not available	adult	CE000729	12	study sample	blood plasma	PAD000050-r00156-CE000729-203	protein expression profiling by antibody array	1	Limbic_NPX_2025-06-05.npx.parquet	ftp://ftp.pride.ebi.ac.uk/pride/data/archive/2026/09/PAD000050/Limbic_NPX_2025-06-05.npx.parquet	NT=Olink platform;AC=PRIDE:0000654	Olink Explore HT	Explore HT	NPX	limbic_3grp_run_2_plate4	Intensity	Explore_HT	Olink Explore HT	Intensity	v1.1.0	NT=sdrf-skills;VV=v0.0.0	NT=affinity-proteomics;VV=v1.0.0	NT=human;VV=v1.1.0
PAD000050-CE003203-203	Homo sapiens	blood plasma	normal	not available	not available	adult	CE003203	131	study sample	blood plasma	PAD000050-r00157-CE003203-203	protein expression profiling by antibody array	1	Limbic_NPX_2025-06-05.npx.parquet	ftp://ftp.pride.ebi.ac.uk/pride/data/archive/2026/09/PAD000050/Limbic_NPX_2025-06-05.npx.parquet	NT=Olink platform;AC=PRIDE:0000654	Olink Explore HT	Explore HT	NPX	limbic_3grp_run_2_plate4	Intensity	Explore_HT	Olink Explore HT	Intensity	v1.1.0	NT=sdrf-skills;VV=v0.0.0	NT=affinity-proteomics;VV=v1.0.0	NT=human;VV=v1.1.0
PAD000050-CE001778-205	Homo sapiens	blood plasma	normal	not available	not available	adult	CE001778	18	study sample	blood plasma	PAD000050-r00158-CE001778-205	protein expression profiling by antibody array	1	Limbic_NPX_2025-06-05.npx.parquet	ftp://ftp.pride.ebi.ac.uk/pride/data/archive/2026/09/PAD000050/Limbic_NPX_2025-06-05.npx.parquet	NT=Olink platform;AC=PRIDE:0000654	Olink Explore HT	Explore HT	NPX	limbic_3grp_run_2_plate4	Intensity	Explore_HT	Olink Explore HT	Intensity	v1.1.0	NT=sdrf-skills;VV=v0.0.0	NT=affinity-proteomics;VV=v1.0.0	NT=human;VV=v1.1.0
PAD000050-CE003182-203	Homo sapiens	blood plasma	normal	not available	not available	adult	CE003182	132	study sample	blood plasma	PAD000050-r00159-CE003182-203	protein expression profiling by antibody array	1	Limbic_NPX_2025-06-05.npx.parquet	ftp://ftp.pride.ebi.ac.uk/pride/data/archive/2026/09/PAD000050/Limbic_NPX_2025-06-05.npx.parquet	NT=Olink platform;AC=PRIDE:0000654	Olink Explore HT	Explore HT	NPX	limbic_3grp_run_2_plate4	Intensity	Explore_HT	Olink Explore HT	Intensity	v1.1.0	NT=sdrf-skills;VV=v0.0.0	NT=affinity-proteomics;VV=v1.0.0	NT=human;VV=v1.1.0
PAD000050-CE001683-206	Homo sapiens	blood plasma	normal	not available	not available	adult	CE001683	133	study sample	blood plasma	PAD000050-r00160-CE001683-206	protein expression profiling by antibody array	1	Limbic_NPX_2025-06-05.npx.parquet	ftp://ftp.pride.ebi.ac.uk/pride/data/archive/2026/09/PAD000050/Limbic_NPX_2025-06-05.npx.parquet	NT=Olink platform;AC=PRIDE:0000654	Olink Explore HT	Explore HT	NPX	limbic_3grp_run_2_plate4	Intensity	Explore_HT	Olink Explore HT	Intensity	v1.1.0	NT=sdrf-skills;VV=v0.0.0	NT=affinity-proteomics;VV=v1.0.0	NT=human;VV=v1.1.0
PAD000050-CE001700-203	Homo sapiens	blood plasma	normal	not available	not available	adult	CE001700	20	study sample	blood plasma	PAD000050-r00161-CE001700-203	protein expression profiling by antibody array	1	Limbic_NPX_2025-06-05.npx.parquet	ftp://ftp.pride.ebi.ac.uk/pride/data/archive/2026/09/PAD000050/Limbic_NPX_2025-06-05.npx.parquet	NT=Olink platform;AC=PRIDE:0000654	Olink Explore HT	Explore HT	NPX	limbic_3grp_run_2_plate4	Intensity	Explore_HT	Olink Explore HT	Intensity	v1.1.0	NT=sdrf-skills;VV=v0.0.0	NT=affinity-proteomics;VV=v1.0.0	NT=human;VV=v1.1.0
PAD000050-CE002612-203	Homo sapiens	blood plasma	normal	not available	not available	adult	CE002612	17	study sample	blood plasma	PAD000050-r00162-CE002612-203	protein expression profiling by antibody array	1	Limbic_NPX_2025-06-05.npx.parquet	ftp://ftp.pride.ebi.ac.uk/pride/data/archive/2026/09/PAD000050/Limbic_NPX_2025-06-05.npx.parquet	NT=Olink platform;AC=PRIDE:0000654	Olink Explore HT	Explore HT	NPX	limbic_3grp_run_2_plate4	Intensity	Explore_HT	Olink Explore HT	Intensity	v1.1.0	NT=sdrf-skills;VV=v0.0.0	NT=affinity-proteomics;VV=v1.0.0	NT=human;VV=v1.1.0
PAD000050-CE000924-203	Homo sapiens	blood plasma	normal	not available	not available	adult	CE000924	13	study sample	blood plasma	PAD000050-r00163-CE000924-203	protein expression profiling by antibody array	1	Limbic_NPX_2025-06-05.npx.parquet	ftp://ftp.pride.ebi.ac.uk/pride/data/archive/2026/09/PAD000050/Limbic_NPX_2025-06-05.npx.parquet	NT=Olink platform;AC=PRIDE:0000654	Olink Explore HT	Explore HT	NPX	limbic_3grp_run_2_plate4	Intensity	Explore_HT	Olink Explore HT	Intensity	v1.1.0	NT=sdrf-skills;VV=v0.0.0	NT=affinity-proteomics;VV=v1.0.0	NT=human;VV=v1.1.0
PAD000050-CE001447-203	Homo sapiens	blood plasma	normal	not available	not available	adult	CE001447	134	study sample	blood plasma	PAD000050-r00164-CE001447-203	protein expression profiling by antibody array	1	Limbic_NPX_2025-06-05.npx.parquet	ftp://ftp.pride.ebi.ac.uk/pride/data/archive/2026/09/PAD000050/Limbic_NPX_2025-06-05.npx.parquet	NT=Olink platform;AC=PRIDE:0000654	Olink Explore HT	Explore HT	NPX	limbic_3grp_run_2_plate4	Intensity	Explore_HT	Olink Explore HT	Intensity	v1.1.0	NT=sdrf-skills;VV=v0.0.0	NT=affinity-proteomics;VV=v1.0.0	NT=human;VV=v1.1.0
PAD000050-CE001660-203	Homo sapiens	blood plasma	normal	not available	not available	adult	CE001660	135	study sample	blood plasma	PAD000050-r00165-CE001660-203	protein expression profiling by antibody array	1	Limbic_NPX_2025-06-05.npx.parquet	ftp://ftp.pride.ebi.ac.uk/pride/data/archive/2026/09/PAD000050/Limbic_NPX_2025-06-05.npx.parquet	NT=Olink platform;AC=PRIDE:0000654	Olink Explore HT	Explore HT	NPX	limbic_3grp_run_2_plate4	Intensity	Explore_HT	Olink Explore HT	Intensity	v1.1.0	NT=sdrf-skills;VV=v0.0.0	NT=affinity-proteomics;VV=v1.0.0	NT=human;VV=v1.1.0
PAD000050-CE001706-202	Homo sapiens	blood plasma	normal	not available	not available	adult	CE001706	136	study sample	blood plasma	PAD000050-r00166-CE001706-202	protein expression profiling by antibody array	1	Limbic_NPX_2025-06-05.npx.parquet	ftp://ftp.pride.ebi.ac.uk/pride/data/archive/2026/09/PAD000050/Limbic_NPX_2025-06-05.npx.parquet	NT=Olink platform;AC=PRIDE:0000654	Olink Explore HT	Explore HT	NPX	limbic_3grp_run_2_plate4	Intensity	Explore_HT	Olink Explore HT	Intensity	v1.1.0	NT=sdrf-skills;VV=v0.0.0	NT=affinity-proteomics;VV=v1.0.0	NT=human;VV=v1.1.0
PAD000050-CE001084-203	Homo sapiens	blood plasma	normal	not available	not available	adult	CE001084	137	study sample	blood plasma	PAD000050-r00167-CE001084-203	protein expression profiling by antibody array	1	Limbic_NPX_2025-06-05.npx.parquet	ftp://ftp.pride.ebi.ac.uk/pride/data/archive/2026/09/PAD000050/Limbic_NPX_2025-06-05.npx.parquet	NT=Olink platform;AC=PRIDE:0000654	Olink Explore HT	Explore HT	NPX	limbic_3grp_run_2_plate4	Intensity	Explore_HT	Olink Explore HT	Intensity	v1.1.0	NT=sdrf-skills;VV=v0.0.0	NT=affinity-proteomics;VV=v1.0.0	NT=human;VV=v1.1.0
