source name	characteristics[organism]	characteristics[organism part]	characteristics[cell type]	characteristics[biological replicate]	characteristics[disease]	characteristics[material type]	characteristics[sampling time]	characteristics[developmental stage]	characteristics[sex]	characteristics[strain or breed]	assay name	technology type	comment[technical replicate]	comment[data file]	comment[sdrf version]	comment[sdrf template]	comment[sdrf annotation tool]	comment[proteomics data acquisition method]	comment[instrument]	comment[cleavage agent details]	comment[label]	comment[fraction identifier]	comment[dissociation method]	comment[precursor mass tolerance]	comment[fragment mass tolerance]	comment[modification parameters]	factor value[bacterial infection]
pig-2-wound-1-day-1	Sus scrofa domesticus	wound fluid	not available	2	not applicable	organism part	1 day	not available	not available	Göttingen minipig	pig_sample_1_day_1	proteomic profiling by mass spectrometry	1	pig_sample_1_day_1.zip	v1.1.0	NT=ms-proteomics;VV=v1.1.0	manual curation	NT=Data-dependent acquisition;AC=PRIDE:0000627	NT=timsTOF Pro;AC=MS:1002817	not applicable	label free sample	1	not available	20 ppm	0.03 Da	NT=Oxidation;AC=UNIMOD:35;TA=M;MT=Variable	S. aureus
pig-2-wound-1-day-2	Sus scrofa domesticus	wound fluid	not available	2	not applicable	organism part	2 day	not available	not available	Göttingen minipig	pig_sample_1_day_2	proteomic profiling by mass spectrometry	1	pig_sample_1_day_2.zip	v1.1.0	NT=ms-proteomics;VV=v1.1.0	manual curation	NT=Data-dependent acquisition;AC=PRIDE:0000627	NT=timsTOF Pro;AC=MS:1002817	not applicable	label free sample	1	not available	20 ppm	0.03 Da	NT=Oxidation;AC=UNIMOD:35;TA=M;MT=Variable	S. aureus
pig-2-wound-2-day-1	Sus scrofa domesticus	wound fluid	not available	2	not applicable	organism part	1 day	not available	not available	Göttingen minipig	pig_sample_2_day_1	proteomic profiling by mass spectrometry	1	pig_sample_2_day_1.zip	v1.1.0	NT=ms-proteomics;VV=v1.1.0	manual curation	NT=Data-dependent acquisition;AC=PRIDE:0000627	NT=timsTOF Pro;AC=MS:1002817	not applicable	label free sample	1	not available	20 ppm	0.03 Da	NT=Oxidation;AC=UNIMOD:35;TA=M;MT=Variable	S. aureus
pig-2-wound-2-day-2	Sus scrofa domesticus	wound fluid	not available	2	not applicable	organism part	2 day	not available	not available	Göttingen minipig	pig_sample_2_day_2	proteomic profiling by mass spectrometry	1	pig_sample_2_day_2.zip	v1.1.0	NT=ms-proteomics;VV=v1.1.0	manual curation	NT=Data-dependent acquisition;AC=PRIDE:0000627	NT=timsTOF Pro;AC=MS:1002817	not applicable	label free sample	1	not available	20 ppm	0.03 Da	NT=Oxidation;AC=UNIMOD:35;TA=M;MT=Variable	S. aureus
pig-2-wound-3-day-1	Sus scrofa domesticus	wound fluid	not available	2	not applicable	organism part	1 day	not available	not available	Göttingen minipig	pig_sample_3_day_1	proteomic profiling by mass spectrometry	1	pig_sample_3_day_1.zip	v1.1.0	NT=ms-proteomics;VV=v1.1.0	manual curation	NT=Data-dependent acquisition;AC=PRIDE:0000627	NT=timsTOF Pro;AC=MS:1002817	not applicable	label free sample	1	not available	20 ppm	0.03 Da	NT=Oxidation;AC=UNIMOD:35;TA=M;MT=Variable	S. aureus
pig-2-wound-3-day-2	Sus scrofa domesticus	wound fluid	not available	2	not applicable	organism part	2 day	not available	not available	Göttingen minipig	pig_sample_3_day_2	proteomic profiling by mass spectrometry	1	pig_sample_3_day_2.zip	v1.1.0	NT=ms-proteomics;VV=v1.1.0	manual curation	NT=Data-dependent acquisition;AC=PRIDE:0000627	NT=timsTOF Pro;AC=MS:1002817	not applicable	label free sample	1	not available	20 ppm	0.03 Da	NT=Oxidation;AC=UNIMOD:35;TA=M;MT=Variable	S. aureus
pig-2-wound-9-day-1	Sus scrofa domesticus	wound fluid	not available	2	not applicable	organism part	1 day	not available	not available	Göttingen minipig	pig_sample_4_day_1	proteomic profiling by mass spectrometry	1	pig_sample_4_day_1.zip	v1.1.0	NT=ms-proteomics;VV=v1.1.0	manual curation	NT=Data-dependent acquisition;AC=PRIDE:0000627	NT=timsTOF Pro;AC=MS:1002817	not applicable	label free sample	1	not available	20 ppm	0.03 Da	NT=Oxidation;AC=UNIMOD:35;TA=M;MT=Variable	S. aureus
pig-2-wound-9-day-2	Sus scrofa domesticus	wound fluid	not available	2	not applicable	organism part	2 day	not available	not available	Göttingen minipig	pig_sample_4_day_2	proteomic profiling by mass spectrometry	1	pig_sample_4_day_2.zip	v1.1.0	NT=ms-proteomics;VV=v1.1.0	manual curation	NT=Data-dependent acquisition;AC=PRIDE:0000627	NT=timsTOF Pro;AC=MS:1002817	not applicable	label free sample	1	not available	20 ppm	0.03 Da	NT=Oxidation;AC=UNIMOD:35;TA=M;MT=Variable	S. aureus
pig-2-wound-10-day-1	Sus scrofa domesticus	wound fluid	not available	2	not applicable	organism part	1 day	not available	not available	Göttingen minipig	pig_sample_5_day_1	proteomic profiling by mass spectrometry	1	pig_sample_5_day_1.zip	v1.1.0	NT=ms-proteomics;VV=v1.1.0	manual curation	NT=Data-dependent acquisition;AC=PRIDE:0000627	NT=timsTOF Pro;AC=MS:1002817	not applicable	label free sample	1	not available	20 ppm	0.03 Da	NT=Oxidation;AC=UNIMOD:35;TA=M;MT=Variable	S. aureus
pig-2-wound-10-day-2	Sus scrofa domesticus	wound fluid	not available	2	not applicable	organism part	2 day	not available	not available	Göttingen minipig	pig_sample_5_day_2	proteomic profiling by mass spectrometry	1	pig_sample_5_day_2.zip	v1.1.0	NT=ms-proteomics;VV=v1.1.0	manual curation	NT=Data-dependent acquisition;AC=PRIDE:0000627	NT=timsTOF Pro;AC=MS:1002817	not applicable	label free sample	1	not available	20 ppm	0.03 Da	NT=Oxidation;AC=UNIMOD:35;TA=M;MT=Variable	S. aureus
pig-5-wound-3-day-1	Sus scrofa domesticus	wound fluid	not available	5	not applicable	organism part	1 day	not available	not available	Göttingen minipig	pig_sample_6_day_1	proteomic profiling by mass spectrometry	1	pig_sample_6_day_1.zip	v1.1.0	NT=ms-proteomics;VV=v1.1.0	manual curation	NT=Data-dependent acquisition;AC=PRIDE:0000627	NT=timsTOF Pro;AC=MS:1002817	not applicable	label free sample	1	not available	20 ppm	0.03 Da	NT=Oxidation;AC=UNIMOD:35;TA=M;MT=Variable	Accidental double infection
pig-5-wound-3-day-2	Sus scrofa domesticus	wound fluid	not available	5	not applicable	organism part	2 day	not available	not available	Göttingen minipig	pig_sample_6_day_2	proteomic profiling by mass spectrometry	1	pig_sample_6_day_2.zip	v1.1.0	NT=ms-proteomics;VV=v1.1.0	manual curation	NT=Data-dependent acquisition;AC=PRIDE:0000627	NT=timsTOF Pro;AC=MS:1002817	not applicable	label free sample	1	not available	20 ppm	0.03 Da	NT=Oxidation;AC=UNIMOD:35;TA=M;MT=Variable	Accidental double infection
pig-5-wound-4-day-1	Sus scrofa domesticus	wound fluid	not available	5	not applicable	organism part	1 day	not available	not available	Göttingen minipig	pig_sample_7_day_1	proteomic profiling by mass spectrometry	1	pig_sample_7_day_1.zip	v1.1.0	NT=ms-proteomics;VV=v1.1.0	manual curation	NT=Data-dependent acquisition;AC=PRIDE:0000627	NT=timsTOF Pro;AC=MS:1002817	not applicable	label free sample	1	not available	20 ppm	0.03 Da	NT=Oxidation;AC=UNIMOD:35;TA=M;MT=Variable	Accidental double infection
pig-5-wound-4-day-2	Sus scrofa domesticus	wound fluid	not available	5	not applicable	organism part	2 day	not available	not available	Göttingen minipig	pig_sample_7_day_2	proteomic profiling by mass spectrometry	1	pig_sample_7_day_2.zip	v1.1.0	NT=ms-proteomics;VV=v1.1.0	manual curation	NT=Data-dependent acquisition;AC=PRIDE:0000627	NT=timsTOF Pro;AC=MS:1002817	not applicable	label free sample	1	not available	20 ppm	0.03 Da	NT=Oxidation;AC=UNIMOD:35;TA=M;MT=Variable	Accidental double infection
pig-5-wound-6-day-1	Sus scrofa domesticus	wound fluid	not available	5	not applicable	organism part	1 day	not available	not available	Göttingen minipig	pig_sample_8_day_1	proteomic profiling by mass spectrometry	1	pig_sample_8_day_1.zip	v1.1.0	NT=ms-proteomics;VV=v1.1.0	manual curation	NT=Data-dependent acquisition;AC=PRIDE:0000627	NT=timsTOF Pro;AC=MS:1002817	not applicable	label free sample	1	not available	20 ppm	0.03 Da	NT=Oxidation;AC=UNIMOD:35;TA=M;MT=Variable	Accidental double infection
pig-5-wound-6-day-2	Sus scrofa domesticus	wound fluid	not available	5	not applicable	organism part	2 day	not available	not available	Göttingen minipig	pig_sample_8_day_2	proteomic profiling by mass spectrometry	1	pig_sample_8_day_2.zip	v1.1.0	NT=ms-proteomics;VV=v1.1.0	manual curation	NT=Data-dependent acquisition;AC=PRIDE:0000627	NT=timsTOF Pro;AC=MS:1002817	not applicable	label free sample	1	not available	20 ppm	0.03 Da	NT=Oxidation;AC=UNIMOD:35;TA=M;MT=Variable	Accidental double infection
pig-5-wound-10-day-1	Sus scrofa domesticus	wound fluid	not available	5	not applicable	organism part	1 day	not available	not available	Göttingen minipig	pig_sample_9_day_1	proteomic profiling by mass spectrometry	1	pig_sample_9_day_1.zip	v1.1.0	NT=ms-proteomics;VV=v1.1.0	manual curation	NT=Data-dependent acquisition;AC=PRIDE:0000627	NT=timsTOF Pro;AC=MS:1002817	not applicable	label free sample	1	not available	20 ppm	0.03 Da	NT=Oxidation;AC=UNIMOD:35;TA=M;MT=Variable	Accidental double infection
pig-5-wound-10-day-2	Sus scrofa domesticus	wound fluid	not available	5	not applicable	organism part	2 day	not available	not available	Göttingen minipig	pig_sample_9_day_2	proteomic profiling by mass spectrometry	1	pig_sample_9_day_2.zip	v1.1.0	NT=ms-proteomics;VV=v1.1.0	manual curation	NT=Data-dependent acquisition;AC=PRIDE:0000627	NT=timsTOF Pro;AC=MS:1002817	not applicable	label free sample	1	not available	20 ppm	0.03 Da	NT=Oxidation;AC=UNIMOD:35;TA=M;MT=Variable	Accidental double infection
pig-6-wound-3-day-1	Sus scrofa domesticus	wound fluid	not available	6	not applicable	organism part	1 day	not available	not available	Göttingen minipig	pig_sample_10_day_1	proteomic profiling by mass spectrometry	1	pig_sample_10_day_1.zip	v1.1.0	NT=ms-proteomics;VV=v1.1.0	manual curation	NT=Data-dependent acquisition;AC=PRIDE:0000627	NT=timsTOF Pro;AC=MS:1002817	not applicable	label free sample	1	not available	20 ppm	0.03 Da	NT=Oxidation;AC=UNIMOD:35;TA=M;MT=Variable	S. aureus
pig-6-wound-3-day-2	Sus scrofa domesticus	wound fluid	not available	6	not applicable	organism part	2 day	not available	not available	Göttingen minipig	pig_sample_10_day_2	proteomic profiling by mass spectrometry	1	pig_sample_10_day_2.zip	v1.1.0	NT=ms-proteomics;VV=v1.1.0	manual curation	NT=Data-dependent acquisition;AC=PRIDE:0000627	NT=timsTOF Pro;AC=MS:1002817	not applicable	label free sample	1	not available	20 ppm	0.03 Da	NT=Oxidation;AC=UNIMOD:35;TA=M;MT=Variable	S. aureus
pig-6-wound-4-day-1	Sus scrofa domesticus	wound fluid	not available	6	not applicable	organism part	1 day	not available	not available	Göttingen minipig	pig_sample_11_day_1	proteomic profiling by mass spectrometry	1	pig_sample_11_day_1.zip	v1.1.0	NT=ms-proteomics;VV=v1.1.0	manual curation	NT=Data-dependent acquisition;AC=PRIDE:0000627	NT=timsTOF Pro;AC=MS:1002817	not applicable	label free sample	1	not available	20 ppm	0.03 Da	NT=Oxidation;AC=UNIMOD:35;TA=M;MT=Variable	S. aureus
pig-6-wound-4-day-2	Sus scrofa domesticus	wound fluid	not available	6	not applicable	organism part	2 day	not available	not available	Göttingen minipig	pig_sample_11_day_2	proteomic profiling by mass spectrometry	1	pig_sample_11_day_2.zip	v1.1.0	NT=ms-proteomics;VV=v1.1.0	manual curation	NT=Data-dependent acquisition;AC=PRIDE:0000627	NT=timsTOF Pro;AC=MS:1002817	not applicable	label free sample	1	not available	20 ppm	0.03 Da	NT=Oxidation;AC=UNIMOD:35;TA=M;MT=Variable	S. aureus
pig-6-wound-6-day-1	Sus scrofa domesticus	wound fluid	not available	6	not applicable	organism part	1 day	not available	not available	Göttingen minipig	pig_sample_12_day_1	proteomic profiling by mass spectrometry	1	pig_sample_12_day_1.zip	v1.1.0	NT=ms-proteomics;VV=v1.1.0	manual curation	NT=Data-dependent acquisition;AC=PRIDE:0000627	NT=timsTOF Pro;AC=MS:1002817	not applicable	label free sample	1	not available	20 ppm	0.03 Da	NT=Oxidation;AC=UNIMOD:35;TA=M;MT=Variable	S. aureus
pig-6-wound-6-day-2	Sus scrofa domesticus	wound fluid	not available	6	not applicable	organism part	2 day	not available	not available	Göttingen minipig	pig_sample_12_day_2	proteomic profiling by mass spectrometry	1	pig_sample_12_day_2.zip	v1.1.0	NT=ms-proteomics;VV=v1.1.0	manual curation	NT=Data-dependent acquisition;AC=PRIDE:0000627	NT=timsTOF Pro;AC=MS:1002817	not applicable	label free sample	1	not available	20 ppm	0.03 Da	NT=Oxidation;AC=UNIMOD:35;TA=M;MT=Variable	S. aureus
pig-6-wound-11-day-1	Sus scrofa domesticus	wound fluid	not available	6	not applicable	organism part	1 day	not available	not available	Göttingen minipig	pig_sample_13_day_1	proteomic profiling by mass spectrometry	1	pig_sample_13_day_1.zip	v1.1.0	NT=ms-proteomics;VV=v1.1.0	manual curation	NT=Data-dependent acquisition;AC=PRIDE:0000627	NT=timsTOF Pro;AC=MS:1002817	not applicable	label free sample	1	not available	20 ppm	0.03 Da	NT=Oxidation;AC=UNIMOD:35;TA=M;MT=Variable	S. aureus
pig-6-wound-11-day-2	Sus scrofa domesticus	wound fluid	not available	6	not applicable	organism part	2 day	not available	not available	Göttingen minipig	pig_sample_13_day_2	proteomic profiling by mass spectrometry	1	pig_sample_13_day_2.zip	v1.1.0	NT=ms-proteomics;VV=v1.1.0	manual curation	NT=Data-dependent acquisition;AC=PRIDE:0000627	NT=timsTOF Pro;AC=MS:1002817	not applicable	label free sample	1	not available	20 ppm	0.03 Da	NT=Oxidation;AC=UNIMOD:35;TA=M;MT=Variable	S. aureus
pig-17-wound-1-day-1	Sus scrofa domesticus	wound fluid	not available	17	not applicable	organism part	1 day	not available	not available	Göttingen minipig	pig_sample_14_day_1	proteomic profiling by mass spectrometry	1	pig_sample_14_day_1.zip	v1.1.0	NT=ms-proteomics;VV=v1.1.0	manual curation	NT=Data-dependent acquisition;AC=PRIDE:0000627	NT=timsTOF Pro;AC=MS:1002817	not applicable	label free sample	1	not available	20 ppm	0.03 Da	NT=Oxidation;AC=UNIMOD:35;TA=M;MT=Variable	S. aureus
pig-17-wound-1-day-2	Sus scrofa domesticus	wound fluid	not available	17	not applicable	organism part	2 day	not available	not available	Göttingen minipig	pig_sample_14_day_2	proteomic profiling by mass spectrometry	1	pig_sample_14_day_2.zip	v1.1.0	NT=ms-proteomics;VV=v1.1.0	manual curation	NT=Data-dependent acquisition;AC=PRIDE:0000627	NT=timsTOF Pro;AC=MS:1002817	not applicable	label free sample	1	not available	20 ppm	0.03 Da	NT=Oxidation;AC=UNIMOD:35;TA=M;MT=Variable	S. aureus
pig-17-wound-2-day-1	Sus scrofa domesticus	wound fluid	not available	17	not applicable	organism part	1 day	not available	not available	Göttingen minipig	pig_sample_15_day_1	proteomic profiling by mass spectrometry	1	pig_sample_15_day_1.zip	v1.1.0	NT=ms-proteomics;VV=v1.1.0	manual curation	NT=Data-dependent acquisition;AC=PRIDE:0000627	NT=timsTOF Pro;AC=MS:1002817	not applicable	label free sample	1	not available	20 ppm	0.03 Da	NT=Oxidation;AC=UNIMOD:35;TA=M;MT=Variable	S. aureus
pig-17-wound-2-day-2	Sus scrofa domesticus	wound fluid	not available	17	not applicable	organism part	2 day	not available	not available	Göttingen minipig	pig_sample_15_day_2	proteomic profiling by mass spectrometry	1	pig_sample_15_day_2.zip	v1.1.0	NT=ms-proteomics;VV=v1.1.0	manual curation	NT=Data-dependent acquisition;AC=PRIDE:0000627	NT=timsTOF Pro;AC=MS:1002817	not applicable	label free sample	1	not available	20 ppm	0.03 Da	NT=Oxidation;AC=UNIMOD:35;TA=M;MT=Variable	S. aureus
pig-17-wound-5-day-1	Sus scrofa domesticus	wound fluid	not available	17	not applicable	organism part	1 day	not available	not available	Göttingen minipig	pig_sample_16_day_1	proteomic profiling by mass spectrometry	1	pig_sample_16_day_1.zip	v1.1.0	NT=ms-proteomics;VV=v1.1.0	manual curation	NT=Data-dependent acquisition;AC=PRIDE:0000627	NT=timsTOF Pro;AC=MS:1002817	not applicable	label free sample	1	not available	20 ppm	0.03 Da	NT=Oxidation;AC=UNIMOD:35;TA=M;MT=Variable	S. aureus
pig-17-wound-5-day-2	Sus scrofa domesticus	wound fluid	not available	17	not applicable	organism part	2 day	not available	not available	Göttingen minipig	pig_sample_16_day_2	proteomic profiling by mass spectrometry	1	pig_sample_16_day_2.zip	v1.1.0	NT=ms-proteomics;VV=v1.1.0	manual curation	NT=Data-dependent acquisition;AC=PRIDE:0000627	NT=timsTOF Pro;AC=MS:1002817	not applicable	label free sample	1	not available	20 ppm	0.03 Da	NT=Oxidation;AC=UNIMOD:35;TA=M;MT=Variable	S. aureus
pig-3-wound-1-day-1	Sus scrofa domesticus	wound fluid	not available	3	not applicable	organism part	1 day	not available	not available	Göttingen minipig	pig_sample_17_day_1	proteomic profiling by mass spectrometry	1	pig_sample_17_day_1.zip	v1.1.0	NT=ms-proteomics;VV=v1.1.0	manual curation	NT=Data-dependent acquisition;AC=PRIDE:0000627	NT=timsTOF Pro;AC=MS:1002817	not applicable	label free sample	1	not available	20 ppm	0.03 Da	NT=Oxidation;AC=UNIMOD:35;TA=M;MT=Variable	P. aeruginosa
pig-3-wound-1-day-2	Sus scrofa domesticus	wound fluid	not available	3	not applicable	organism part	2 day	not available	not available	Göttingen minipig	pig_sample_17_day_2	proteomic profiling by mass spectrometry	1	pig_sample_17_day_2.zip	v1.1.0	NT=ms-proteomics;VV=v1.1.0	manual curation	NT=Data-dependent acquisition;AC=PRIDE:0000627	NT=timsTOF Pro;AC=MS:1002817	not applicable	label free sample	1	not available	20 ppm	0.03 Da	NT=Oxidation;AC=UNIMOD:35;TA=M;MT=Variable	P. aeruginosa
pig-3-wound-2-day-1	Sus scrofa domesticus	wound fluid	not available	3	not applicable	organism part	1 day	not available	not available	Göttingen minipig	pig_sample_18_day_1	proteomic profiling by mass spectrometry	1	pig_sample_18_day_1.zip	v1.1.0	NT=ms-proteomics;VV=v1.1.0	manual curation	NT=Data-dependent acquisition;AC=PRIDE:0000627	NT=timsTOF Pro;AC=MS:1002817	not applicable	label free sample	1	not available	20 ppm	0.03 Da	NT=Oxidation;AC=UNIMOD:35;TA=M;MT=Variable	P. aeruginosa
pig-3-wound-2-day-2	Sus scrofa domesticus	wound fluid	not available	3	not applicable	organism part	2 day	not available	not available	Göttingen minipig	pig_sample_18_day_2	proteomic profiling by mass spectrometry	1	pig_sample_18_day_2.zip	v1.1.0	NT=ms-proteomics;VV=v1.1.0	manual curation	NT=Data-dependent acquisition;AC=PRIDE:0000627	NT=timsTOF Pro;AC=MS:1002817	not applicable	label free sample	1	not available	20 ppm	0.03 Da	NT=Oxidation;AC=UNIMOD:35;TA=M;MT=Variable	P. aeruginosa
pig-3-wound-3-day-1	Sus scrofa domesticus	wound fluid	not available	3	not applicable	organism part	1 day	not available	not available	Göttingen minipig	pig_sample_19_day_1	proteomic profiling by mass spectrometry	1	pig_sample_19_day_1.zip	v1.1.0	NT=ms-proteomics;VV=v1.1.0	manual curation	NT=Data-dependent acquisition;AC=PRIDE:0000627	NT=timsTOF Pro;AC=MS:1002817	not applicable	label free sample	1	not available	20 ppm	0.03 Da	NT=Oxidation;AC=UNIMOD:35;TA=M;MT=Variable	P. aeruginosa
pig-3-wound-3-day-2	Sus scrofa domesticus	wound fluid	not available	3	not applicable	organism part	2 day	not available	not available	Göttingen minipig	pig_sample_19_day_2	proteomic profiling by mass spectrometry	1	pig_sample_19_day_2.zip	v1.1.0	NT=ms-proteomics;VV=v1.1.0	manual curation	NT=Data-dependent acquisition;AC=PRIDE:0000627	NT=timsTOF Pro;AC=MS:1002817	not applicable	label free sample	1	not available	20 ppm	0.03 Da	NT=Oxidation;AC=UNIMOD:35;TA=M;MT=Variable	P. aeruginosa
pig-4-wound-3-day-1	Sus scrofa domesticus	wound fluid	not available	4	not applicable	organism part	1 day	not available	not available	Göttingen minipig	pig_sample_20_day_1	proteomic profiling by mass spectrometry	1	pig_sample_20_day_1.zip	v1.1.0	NT=ms-proteomics;VV=v1.1.0	manual curation	NT=Data-dependent acquisition;AC=PRIDE:0000627	NT=timsTOF Pro;AC=MS:1002817	not applicable	label free sample	1	not available	20 ppm	0.03 Da	NT=Oxidation;AC=UNIMOD:35;TA=M;MT=Variable	P. aeruginosa
pig-4-wound-3-day-2	Sus scrofa domesticus	wound fluid	not available	4	not applicable	organism part	2 day	not available	not available	Göttingen minipig	pig_sample_20_day_2	proteomic profiling by mass spectrometry	1	pig_sample_20_day_2.zip	v1.1.0	NT=ms-proteomics;VV=v1.1.0	manual curation	NT=Data-dependent acquisition;AC=PRIDE:0000627	NT=timsTOF Pro;AC=MS:1002817	not applicable	label free sample	1	not available	20 ppm	0.03 Da	NT=Oxidation;AC=UNIMOD:35;TA=M;MT=Variable	P. aeruginosa
pig-4-wound-4-day-1	Sus scrofa domesticus	wound fluid	not available	4	not applicable	organism part	1 day	not available	not available	Göttingen minipig	pig_sample_21_day_1	proteomic profiling by mass spectrometry	1	pig_sample_21_day_1.zip	v1.1.0	NT=ms-proteomics;VV=v1.1.0	manual curation	NT=Data-dependent acquisition;AC=PRIDE:0000627	NT=timsTOF Pro;AC=MS:1002817	not applicable	label free sample	1	not available	20 ppm	0.03 Da	NT=Oxidation;AC=UNIMOD:35;TA=M;MT=Variable	P. aeruginosa
pig-4-wound-4-day-2	Sus scrofa domesticus	wound fluid	not available	4	not applicable	organism part	2 day	not available	not available	Göttingen minipig	pig_sample_21_day_2	proteomic profiling by mass spectrometry	1	pig_sample_21_day_2.zip	v1.1.0	NT=ms-proteomics;VV=v1.1.0	manual curation	NT=Data-dependent acquisition;AC=PRIDE:0000627	NT=timsTOF Pro;AC=MS:1002817	not applicable	label free sample	1	not available	20 ppm	0.03 Da	NT=Oxidation;AC=UNIMOD:35;TA=M;MT=Variable	P. aeruginosa
pig-4-wound-6-day-1	Sus scrofa domesticus	wound fluid	not available	4	not applicable	organism part	1 day	not available	not available	Göttingen minipig	pig_sample_22_day_1	proteomic profiling by mass spectrometry	1	pig_sample_22_day_1.zip	v1.1.0	NT=ms-proteomics;VV=v1.1.0	manual curation	NT=Data-dependent acquisition;AC=PRIDE:0000627	NT=timsTOF Pro;AC=MS:1002817	not applicable	label free sample	1	not available	20 ppm	0.03 Da	NT=Oxidation;AC=UNIMOD:35;TA=M;MT=Variable	P. aeruginosa
pig-4-wound-6-day-2	Sus scrofa domesticus	wound fluid	not available	4	not applicable	organism part	2 day	not available	not available	Göttingen minipig	pig_sample_22_day_2	proteomic profiling by mass spectrometry	1	pig_sample_22_day_2.zip	v1.1.0	NT=ms-proteomics;VV=v1.1.0	manual curation	NT=Data-dependent acquisition;AC=PRIDE:0000627	NT=timsTOF Pro;AC=MS:1002817	not applicable	label free sample	1	not available	20 ppm	0.03 Da	NT=Oxidation;AC=UNIMOD:35;TA=M;MT=Variable	P. aeruginosa
pig-4-wound-10-day-1	Sus scrofa domesticus	wound fluid	not available	4	not applicable	organism part	1 day	not available	not available	Göttingen minipig	pig_sample_23_day_1	proteomic profiling by mass spectrometry	1	pig_sample_23_day_1.zip	v1.1.0	NT=ms-proteomics;VV=v1.1.0	manual curation	NT=Data-dependent acquisition;AC=PRIDE:0000627	NT=timsTOF Pro;AC=MS:1002817	not applicable	label free sample	1	not available	20 ppm	0.03 Da	NT=Oxidation;AC=UNIMOD:35;TA=M;MT=Variable	P. aeruginosa
pig-4-wound-10-day-2	Sus scrofa domesticus	wound fluid	not available	4	not applicable	organism part	2 day	not available	not available	Göttingen minipig	pig_sample_23_day_2	proteomic profiling by mass spectrometry	1	pig_sample_23_day_2.zip	v1.1.0	NT=ms-proteomics;VV=v1.1.0	manual curation	NT=Data-dependent acquisition;AC=PRIDE:0000627	NT=timsTOF Pro;AC=MS:1002817	not applicable	label free sample	1	not available	20 ppm	0.03 Da	NT=Oxidation;AC=UNIMOD:35;TA=M;MT=Variable	P. aeruginosa
pig-8-wound-3-day-1	Sus scrofa domesticus	wound fluid	not available	8	not applicable	organism part	1 day	not available	not available	Göttingen minipig	pig_sample_24_day_1	proteomic profiling by mass spectrometry	1	pig_sample_24_day_1.zip	v1.1.0	NT=ms-proteomics;VV=v1.1.0	manual curation	NT=Data-dependent acquisition;AC=PRIDE:0000627	NT=timsTOF Pro;AC=MS:1002817	not applicable	label free sample	1	not available	20 ppm	0.03 Da	NT=Oxidation;AC=UNIMOD:35;TA=M;MT=Variable	P. aeruginosa
pig-8-wound-3-day-2	Sus scrofa domesticus	wound fluid	not available	8	not applicable	organism part	2 day	not available	not available	Göttingen minipig	pig_sample_24_day_2	proteomic profiling by mass spectrometry	1	pig_sample_24_day_2.zip	v1.1.0	NT=ms-proteomics;VV=v1.1.0	manual curation	NT=Data-dependent acquisition;AC=PRIDE:0000627	NT=timsTOF Pro;AC=MS:1002817	not applicable	label free sample	1	not available	20 ppm	0.03 Da	NT=Oxidation;AC=UNIMOD:35;TA=M;MT=Variable	P. aeruginosa
pig-8-wound-4-day-1	Sus scrofa domesticus	wound fluid	not available	8	not applicable	organism part	1 day	not available	not available	Göttingen minipig	pig_sample_25_day_1	proteomic profiling by mass spectrometry	1	pig_sample_25_day_1.zip	v1.1.0	NT=ms-proteomics;VV=v1.1.0	manual curation	NT=Data-dependent acquisition;AC=PRIDE:0000627	NT=timsTOF Pro;AC=MS:1002817	not applicable	label free sample	1	not available	20 ppm	0.03 Da	NT=Oxidation;AC=UNIMOD:35;TA=M;MT=Variable	P. aeruginosa
pig-8-wound-4-day-2	Sus scrofa domesticus	wound fluid	not available	8	not applicable	organism part	2 day	not available	not available	Göttingen minipig	pig_sample_25_day_2	proteomic profiling by mass spectrometry	1	pig_sample_25_day_2.zip	v1.1.0	NT=ms-proteomics;VV=v1.1.0	manual curation	NT=Data-dependent acquisition;AC=PRIDE:0000627	NT=timsTOF Pro;AC=MS:1002817	not applicable	label free sample	1	not available	20 ppm	0.03 Da	NT=Oxidation;AC=UNIMOD:35;TA=M;MT=Variable	P. aeruginosa
pig-8-wound-6-day-1	Sus scrofa domesticus	wound fluid	not available	8	not applicable	organism part	1 day	not available	not available	Göttingen minipig	pig_sample_26_day_1	proteomic profiling by mass spectrometry	1	pig_sample_26_day_1.zip	v1.1.0	NT=ms-proteomics;VV=v1.1.0	manual curation	NT=Data-dependent acquisition;AC=PRIDE:0000627	NT=timsTOF Pro;AC=MS:1002817	not applicable	label free sample	1	not available	20 ppm	0.03 Da	NT=Oxidation;AC=UNIMOD:35;TA=M;MT=Variable	P. aeruginosa
pig-8-wound-6-day-2	Sus scrofa domesticus	wound fluid	not available	8	not applicable	organism part	2 day	not available	not available	Göttingen minipig	pig_sample_26_day_2	proteomic profiling by mass spectrometry	1	pig_sample_26_day_2.zip	v1.1.0	NT=ms-proteomics;VV=v1.1.0	manual curation	NT=Data-dependent acquisition;AC=PRIDE:0000627	NT=timsTOF Pro;AC=MS:1002817	not applicable	label free sample	1	not available	20 ppm	0.03 Da	NT=Oxidation;AC=UNIMOD:35;TA=M;MT=Variable	P. aeruginosa
pig-8-wound-10-day-1	Sus scrofa domesticus	wound fluid	not available	8	not applicable	organism part	1 day	not available	not available	Göttingen minipig	pig_sample_27_day_1	proteomic profiling by mass spectrometry	1	pig_sample_27_day_1.zip	v1.1.0	NT=ms-proteomics;VV=v1.1.0	manual curation	NT=Data-dependent acquisition;AC=PRIDE:0000627	NT=timsTOF Pro;AC=MS:1002817	not applicable	label free sample	1	not available	20 ppm	0.03 Da	NT=Oxidation;AC=UNIMOD:35;TA=M;MT=Variable	P. aeruginosa
pig-8-wound-10-day-2	Sus scrofa domesticus	wound fluid	not available	8	not applicable	organism part	2 day	not available	not available	Göttingen minipig	pig_sample_27_day_2	proteomic profiling by mass spectrometry	1	pig_sample_27_day_2.zip	v1.1.0	NT=ms-proteomics;VV=v1.1.0	manual curation	NT=Data-dependent acquisition;AC=PRIDE:0000627	NT=timsTOF Pro;AC=MS:1002817	not applicable	label free sample	1	not available	20 ppm	0.03 Da	NT=Oxidation;AC=UNIMOD:35;TA=M;MT=Variable	P. aeruginosa
pig-8-wound-11-day-1	Sus scrofa domesticus	wound fluid	not available	8	not applicable	organism part	1 day	not available	not available	Göttingen minipig	pig_sample_28_day_1	proteomic profiling by mass spectrometry	1	pig_sample_28_day_1.zip	v1.1.0	NT=ms-proteomics;VV=v1.1.0	manual curation	NT=Data-dependent acquisition;AC=PRIDE:0000627	NT=timsTOF Pro;AC=MS:1002817	not applicable	label free sample	1	not available	20 ppm	0.03 Da	NT=Oxidation;AC=UNIMOD:35;TA=M;MT=Variable	P. aeruginosa
pig-8-wound-11-day-2	Sus scrofa domesticus	wound fluid	not available	8	not applicable	organism part	2 day	not available	not available	Göttingen minipig	pig_sample_28_day_2	proteomic profiling by mass spectrometry	1	pig_sample_28_day_2.zip	v1.1.0	NT=ms-proteomics;VV=v1.1.0	manual curation	NT=Data-dependent acquisition;AC=PRIDE:0000627	NT=timsTOF Pro;AC=MS:1002817	not applicable	label free sample	1	not available	20 ppm	0.03 Da	NT=Oxidation;AC=UNIMOD:35;TA=M;MT=Variable	P. aeruginosa
pig-11-wound-3-day-1	Sus scrofa domesticus	wound fluid	not available	11	not applicable	organism part	1 day	not available	not available	Göttingen minipig	pig_sample_29_day_1	proteomic profiling by mass spectrometry	1	pig_sample_29_day_1.zip	v1.1.0	NT=ms-proteomics;VV=v1.1.0	manual curation	NT=Data-dependent acquisition;AC=PRIDE:0000627	NT=timsTOF Pro;AC=MS:1002817	not applicable	label free sample	1	not available	20 ppm	0.03 Da	NT=Oxidation;AC=UNIMOD:35;TA=M;MT=Variable	P. aeruginosa
pig-11-wound-4-day-1	Sus scrofa domesticus	wound fluid	not available	11	not applicable	organism part	1 day	not available	not available	Göttingen minipig	pig_sample_30_day_1	proteomic profiling by mass spectrometry	1	pig_sample_30_day_1.zip	v1.1.0	NT=ms-proteomics;VV=v1.1.0	manual curation	NT=Data-dependent acquisition;AC=PRIDE:0000627	NT=timsTOF Pro;AC=MS:1002817	not applicable	label free sample	1	not available	20 ppm	0.03 Da	NT=Oxidation;AC=UNIMOD:35;TA=M;MT=Variable	P. aeruginosa
pig-11-wound-4-day-2	Sus scrofa domesticus	wound fluid	not available	11	not applicable	organism part	2 day	not available	not available	Göttingen minipig	pig_sample_30_day_2	proteomic profiling by mass spectrometry	1	pig_sample_30_day_2.zip	v1.1.0	NT=ms-proteomics;VV=v1.1.0	manual curation	NT=Data-dependent acquisition;AC=PRIDE:0000627	NT=timsTOF Pro;AC=MS:1002817	not applicable	label free sample	1	not available	20 ppm	0.03 Da	NT=Oxidation;AC=UNIMOD:35;TA=M;MT=Variable	P. aeruginosa
pig-11-wound-6-day-1	Sus scrofa domesticus	wound fluid	not available	11	not applicable	organism part	1 day	not available	not available	Göttingen minipig	pig_sample_31_day_1	proteomic profiling by mass spectrometry	1	pig_sample_31_day_1.zip	v1.1.0	NT=ms-proteomics;VV=v1.1.0	manual curation	NT=Data-dependent acquisition;AC=PRIDE:0000627	NT=timsTOF Pro;AC=MS:1002817	not applicable	label free sample	1	not available	20 ppm	0.03 Da	NT=Oxidation;AC=UNIMOD:35;TA=M;MT=Variable	P. aeruginosa
pig-11-wound-6-day-2	Sus scrofa domesticus	wound fluid	not available	11	not applicable	organism part	2 day	not available	not available	Göttingen minipig	pig_sample_31_day_2	proteomic profiling by mass spectrometry	1	pig_sample_31_day_2.zip	v1.1.0	NT=ms-proteomics;VV=v1.1.0	manual curation	NT=Data-dependent acquisition;AC=PRIDE:0000627	NT=timsTOF Pro;AC=MS:1002817	not applicable	label free sample	1	not available	20 ppm	0.03 Da	NT=Oxidation;AC=UNIMOD:35;TA=M;MT=Variable	P. aeruginosa
pig-11-wound-7-day-1	Sus scrofa domesticus	wound fluid	not available	11	not applicable	organism part	1 day	not available	not available	Göttingen minipig	pig_sample_32_day_1	proteomic profiling by mass spectrometry	1	pig_sample_32_day_1.zip	v1.1.0	NT=ms-proteomics;VV=v1.1.0	manual curation	NT=Data-dependent acquisition;AC=PRIDE:0000627	NT=timsTOF Pro;AC=MS:1002817	not applicable	label free sample	1	not available	20 ppm	0.03 Da	NT=Oxidation;AC=UNIMOD:35;TA=M;MT=Variable	P. aeruginosa
pig-11-wound-7-day-2	Sus scrofa domesticus	wound fluid	not available	11	not applicable	organism part	2 day	not available	not available	Göttingen minipig	pig_sample_32_day_2	proteomic profiling by mass spectrometry	1	pig_sample_32_day_2.zip	v1.1.0	NT=ms-proteomics;VV=v1.1.0	manual curation	NT=Data-dependent acquisition;AC=PRIDE:0000627	NT=timsTOF Pro;AC=MS:1002817	not applicable	label free sample	1	not available	20 ppm	0.03 Da	NT=Oxidation;AC=UNIMOD:35;TA=M;MT=Variable	P. aeruginosa
pig-11-wound-8-day-1	Sus scrofa domesticus	wound fluid	not available	11	not applicable	organism part	1 day	not available	not available	Göttingen minipig	pig_sample_33_day_1	proteomic profiling by mass spectrometry	1	pig_sample_33_day_1.zip	v1.1.0	NT=ms-proteomics;VV=v1.1.0	manual curation	NT=Data-dependent acquisition;AC=PRIDE:0000627	NT=timsTOF Pro;AC=MS:1002817	not applicable	label free sample	1	not available	20 ppm	0.03 Da	NT=Oxidation;AC=UNIMOD:35;TA=M;MT=Variable	P. aeruginosa
pig-11-wound-8-day-2	Sus scrofa domesticus	wound fluid	not available	11	not applicable	organism part	2 day	not available	not available	Göttingen minipig	pig_sample_33_day_2	proteomic profiling by mass spectrometry	1	pig_sample_33_day_2.zip	v1.1.0	NT=ms-proteomics;VV=v1.1.0	manual curation	NT=Data-dependent acquisition;AC=PRIDE:0000627	NT=timsTOF Pro;AC=MS:1002817	not applicable	label free sample	1	not available	20 ppm	0.03 Da	NT=Oxidation;AC=UNIMOD:35;TA=M;MT=Variable	P. aeruginosa
pig-10-wound-6-day-1	Sus scrofa domesticus	wound fluid	not available	10	not applicable	organism part	1 day	not available	not available	Göttingen minipig	pig_sample_34_day_1	proteomic profiling by mass spectrometry	1	pig_sample_34_day_1.zip	v1.1.0	NT=ms-proteomics;VV=v1.1.0	manual curation	NT=Data-dependent acquisition;AC=PRIDE:0000627	NT=timsTOF Pro;AC=MS:1002817	not applicable	label free sample	1	not available	20 ppm	0.03 Da	NT=Oxidation;AC=UNIMOD:35;TA=M;MT=Variable	Ctrl
pig-10-wound-6-day-2	Sus scrofa domesticus	wound fluid	not available	10	not applicable	organism part	2 day	not available	not available	Göttingen minipig	pig_sample_34_day_2	proteomic profiling by mass spectrometry	1	pig_sample_34_day_2.zip	v1.1.0	NT=ms-proteomics;VV=v1.1.0	manual curation	NT=Data-dependent acquisition;AC=PRIDE:0000627	NT=timsTOF Pro;AC=MS:1002817	not applicable	label free sample	1	not available	20 ppm	0.03 Da	NT=Oxidation;AC=UNIMOD:35;TA=M;MT=Variable	Ctrl
pig-10-wound-11-day-1	Sus scrofa domesticus	wound fluid	not available	10	not applicable	organism part	1 day	not available	not available	Göttingen minipig	pig_sample_35_day_1	proteomic profiling by mass spectrometry	1	pig_sample_35_day_1.zip	v1.1.0	NT=ms-proteomics;VV=v1.1.0	manual curation	NT=Data-dependent acquisition;AC=PRIDE:0000627	NT=timsTOF Pro;AC=MS:1002817	not applicable	label free sample	1	not available	20 ppm	0.03 Da	NT=Oxidation;AC=UNIMOD:35;TA=M;MT=Variable	Ctrl
pig-10-wound-11-day-2	Sus scrofa domesticus	wound fluid	not available	10	not applicable	organism part	2 day	not available	not available	Göttingen minipig	pig_sample_35_day_2	proteomic profiling by mass spectrometry	1	pig_sample_35_day_2.zip	v1.1.0	NT=ms-proteomics;VV=v1.1.0	manual curation	NT=Data-dependent acquisition;AC=PRIDE:0000627	NT=timsTOF Pro;AC=MS:1002817	not applicable	label free sample	1	not available	20 ppm	0.03 Da	NT=Oxidation;AC=UNIMOD:35;TA=M;MT=Variable	Ctrl
pig-14-wound-3-day-1	Sus scrofa domesticus	wound fluid	not available	14	not applicable	organism part	1 day	not available	not available	Göttingen minipig	pig_sample_36_day_1	proteomic profiling by mass spectrometry	1	pig_sample_36_day_1.zip	v1.1.0	NT=ms-proteomics;VV=v1.1.0	manual curation	NT=Data-dependent acquisition;AC=PRIDE:0000627	NT=timsTOF Pro;AC=MS:1002817	not applicable	label free sample	1	not available	20 ppm	0.03 Da	NT=Oxidation;AC=UNIMOD:35;TA=M;MT=Variable	Ctrl
pig-14-wound-3-day-2	Sus scrofa domesticus	wound fluid	not available	14	not applicable	organism part	2 day	not available	not available	Göttingen minipig	pig_sample_36_day_2	proteomic profiling by mass spectrometry	1	pig_sample_36_day_2.zip	v1.1.0	NT=ms-proteomics;VV=v1.1.0	manual curation	NT=Data-dependent acquisition;AC=PRIDE:0000627	NT=timsTOF Pro;AC=MS:1002817	not applicable	label free sample	1	not available	20 ppm	0.03 Da	NT=Oxidation;AC=UNIMOD:35;TA=M;MT=Variable	Ctrl
pig-14-wound-6-day-1	Sus scrofa domesticus	wound fluid	not available	14	not applicable	organism part	1 day	not available	not available	Göttingen minipig	pig_sample_37_day_1	proteomic profiling by mass spectrometry	1	pig_sample_37_day_1.zip	v1.1.0	NT=ms-proteomics;VV=v1.1.0	manual curation	NT=Data-dependent acquisition;AC=PRIDE:0000627	NT=timsTOF Pro;AC=MS:1002817	not applicable	label free sample	1	not available	20 ppm	0.03 Da	NT=Oxidation;AC=UNIMOD:35;TA=M;MT=Variable	Ctrl
pig-14-wound-6-day-2	Sus scrofa domesticus	wound fluid	not available	14	not applicable	organism part	2 day	not available	not available	Göttingen minipig	pig_sample_37_day_2	proteomic profiling by mass spectrometry	1	pig_sample_37_day_2.zip	v1.1.0	NT=ms-proteomics;VV=v1.1.0	manual curation	NT=Data-dependent acquisition;AC=PRIDE:0000627	NT=timsTOF Pro;AC=MS:1002817	not applicable	label free sample	1	not available	20 ppm	0.03 Da	NT=Oxidation;AC=UNIMOD:35;TA=M;MT=Variable	Ctrl
pig-14-wound-7-day-1	Sus scrofa domesticus	wound fluid	not available	14	not applicable	organism part	1 day	not available	not available	Göttingen minipig	pig_sample_38_day_1	proteomic profiling by mass spectrometry	1	pig_sample_38_day_1.zip	v1.1.0	NT=ms-proteomics;VV=v1.1.0	manual curation	NT=Data-dependent acquisition;AC=PRIDE:0000627	NT=timsTOF Pro;AC=MS:1002817	not applicable	label free sample	1	not available	20 ppm	0.03 Da	NT=Oxidation;AC=UNIMOD:35;TA=M;MT=Variable	Ctrl
pig-14-wound-7-day-2	Sus scrofa domesticus	wound fluid	not available	14	not applicable	organism part	2 day	not available	not available	Göttingen minipig	pig_sample_38_day_2	proteomic profiling by mass spectrometry	1	pig_sample_38_day_2.zip	v1.1.0	NT=ms-proteomics;VV=v1.1.0	manual curation	NT=Data-dependent acquisition;AC=PRIDE:0000627	NT=timsTOF Pro;AC=MS:1002817	not applicable	label free sample	1	not available	20 ppm	0.03 Da	NT=Oxidation;AC=UNIMOD:35;TA=M;MT=Variable	Ctrl
pig-14-wound-11-day-1	Sus scrofa domesticus	wound fluid	not available	14	not applicable	organism part	1 day	not available	not available	Göttingen minipig	pig_sample_39_day_1	proteomic profiling by mass spectrometry	1	pig_sample_39_day_1.zip	v1.1.0	NT=ms-proteomics;VV=v1.1.0	manual curation	NT=Data-dependent acquisition;AC=PRIDE:0000627	NT=timsTOF Pro;AC=MS:1002817	not applicable	label free sample	1	not available	20 ppm	0.03 Da	NT=Oxidation;AC=UNIMOD:35;TA=M;MT=Variable	Ctrl
pig-14-wound-11-day-2	Sus scrofa domesticus	wound fluid	not available	14	not applicable	organism part	2 day	not available	not available	Göttingen minipig	pig_sample_39_day_2	proteomic profiling by mass spectrometry	1	pig_sample_39_day_2.zip	v1.1.0	NT=ms-proteomics;VV=v1.1.0	manual curation	NT=Data-dependent acquisition;AC=PRIDE:0000627	NT=timsTOF Pro;AC=MS:1002817	not applicable	label free sample	1	not available	20 ppm	0.03 Da	NT=Oxidation;AC=UNIMOD:35;TA=M;MT=Variable	Ctrl
pig-16-wound-3-day-1	Sus scrofa domesticus	wound fluid	not available	16	not applicable	organism part	1 day	not available	not available	Göttingen minipig	pig_sample_40_day_1	proteomic profiling by mass spectrometry	1	pig_sample_40_day_1.zip	v1.1.0	NT=ms-proteomics;VV=v1.1.0	manual curation	NT=Data-dependent acquisition;AC=PRIDE:0000627	NT=timsTOF Pro;AC=MS:1002817	not applicable	label free sample	1	not available	20 ppm	0.03 Da	NT=Oxidation;AC=UNIMOD:35;TA=M;MT=Variable	Ctrl
pig-16-wound-3-day-2	Sus scrofa domesticus	wound fluid	not available	16	not applicable	organism part	2 day	not available	not available	Göttingen minipig	pig_sample_40_day_2	proteomic profiling by mass spectrometry	1	pig_sample_40_day_2.zip	v1.1.0	NT=ms-proteomics;VV=v1.1.0	manual curation	NT=Data-dependent acquisition;AC=PRIDE:0000627	NT=timsTOF Pro;AC=MS:1002817	not applicable	label free sample	1	not available	20 ppm	0.03 Da	NT=Oxidation;AC=UNIMOD:35;TA=M;MT=Variable	Ctrl
pig-16-wound-4-day-1	Sus scrofa domesticus	wound fluid	not available	16	not applicable	organism part	1 day	not available	not available	Göttingen minipig	pig_sample_41_day_1	proteomic profiling by mass spectrometry	1	pig_sample_41_day_1.zip	v1.1.0	NT=ms-proteomics;VV=v1.1.0	manual curation	NT=Data-dependent acquisition;AC=PRIDE:0000627	NT=timsTOF Pro;AC=MS:1002817	not applicable	label free sample	1	not available	20 ppm	0.03 Da	NT=Oxidation;AC=UNIMOD:35;TA=M;MT=Variable	Ctrl
pig-16-wound-4-day-2	Sus scrofa domesticus	wound fluid	not available	16	not applicable	organism part	2 day	not available	not available	Göttingen minipig	pig_sample_41_day_2	proteomic profiling by mass spectrometry	1	pig_sample_41_day_2.zip	v1.1.0	NT=ms-proteomics;VV=v1.1.0	manual curation	NT=Data-dependent acquisition;AC=PRIDE:0000627	NT=timsTOF Pro;AC=MS:1002817	not applicable	label free sample	1	not available	20 ppm	0.03 Da	NT=Oxidation;AC=UNIMOD:35;TA=M;MT=Variable	Ctrl
pig-16-wound-6-day-1	Sus scrofa domesticus	wound fluid	not available	16	not applicable	organism part	1 day	not available	not available	Göttingen minipig	pig_sample_42_day_1	proteomic profiling by mass spectrometry	1	pig_sample_42_day_1.zip	v1.1.0	NT=ms-proteomics;VV=v1.1.0	manual curation	NT=Data-dependent acquisition;AC=PRIDE:0000627	NT=timsTOF Pro;AC=MS:1002817	not applicable	label free sample	1	not available	20 ppm	0.03 Da	NT=Oxidation;AC=UNIMOD:35;TA=M;MT=Variable	Ctrl
pig-16-wound-6-day-2	Sus scrofa domesticus	wound fluid	not available	16	not applicable	organism part	2 day	not available	not available	Göttingen minipig	pig_sample_42_day_2	proteomic profiling by mass spectrometry	1	pig_sample_42_day_2.zip	v1.1.0	NT=ms-proteomics;VV=v1.1.0	manual curation	NT=Data-dependent acquisition;AC=PRIDE:0000627	NT=timsTOF Pro;AC=MS:1002817	not applicable	label free sample	1	not available	20 ppm	0.03 Da	NT=Oxidation;AC=UNIMOD:35;TA=M;MT=Variable	Ctrl
pig-16-wound-7-day-1	Sus scrofa domesticus	wound fluid	not available	16	not applicable	organism part	1 day	not available	not available	Göttingen minipig	pig_sample_43_day_1	proteomic profiling by mass spectrometry	1	pig_sample_43_day_1.zip	v1.1.0	NT=ms-proteomics;VV=v1.1.0	manual curation	NT=Data-dependent acquisition;AC=PRIDE:0000627	NT=timsTOF Pro;AC=MS:1002817	not applicable	label free sample	1	not available	20 ppm	0.03 Da	NT=Oxidation;AC=UNIMOD:35;TA=M;MT=Variable	Ctrl
pig-16-wound-7-day-2	Sus scrofa domesticus	wound fluid	not available	16	not applicable	organism part	2 day	not available	not available	Göttingen minipig	pig_sample_43_day_2	proteomic profiling by mass spectrometry	1	pig_sample_43_day_2.zip	v1.1.0	NT=ms-proteomics;VV=v1.1.0	manual curation	NT=Data-dependent acquisition;AC=PRIDE:0000627	NT=timsTOF Pro;AC=MS:1002817	not applicable	label free sample	1	not available	20 ppm	0.03 Da	NT=Oxidation;AC=UNIMOD:35;TA=M;MT=Variable	Ctrl
pig-16-wound-8-day-1	Sus scrofa domesticus	wound fluid	not available	16	not applicable	organism part	1 day	not available	not available	Göttingen minipig	pig_sample_44_day_1	proteomic profiling by mass spectrometry	1	pig_sample_44_day_1.zip	v1.1.0	NT=ms-proteomics;VV=v1.1.0	manual curation	NT=Data-dependent acquisition;AC=PRIDE:0000627	NT=timsTOF Pro;AC=MS:1002817	not applicable	label free sample	1	not available	20 ppm	0.03 Da	NT=Oxidation;AC=UNIMOD:35;TA=M;MT=Variable	Ctrl
pig-16-wound-8-day-2	Sus scrofa domesticus	wound fluid	not available	16	not applicable	organism part	2 day	not available	not available	Göttingen minipig	pig_sample_44_day_2	proteomic profiling by mass spectrometry	1	pig_sample_44_day_2.zip	v1.1.0	NT=ms-proteomics;VV=v1.1.0	manual curation	NT=Data-dependent acquisition;AC=PRIDE:0000627	NT=timsTOF Pro;AC=MS:1002817	not applicable	label free sample	1	not available	20 ppm	0.03 Da	NT=Oxidation;AC=UNIMOD:35;TA=M;MT=Variable	Ctrl
pig-16-wound-11-day-1	Sus scrofa domesticus	wound fluid	not available	16	not applicable	organism part	1 day	not available	not available	Göttingen minipig	pig_sample_45_day_1	proteomic profiling by mass spectrometry	1	pig_sample_45_day_1.zip	v1.1.0	NT=ms-proteomics;VV=v1.1.0	manual curation	NT=Data-dependent acquisition;AC=PRIDE:0000627	NT=timsTOF Pro;AC=MS:1002817	not applicable	label free sample	1	not available	20 ppm	0.03 Da	NT=Oxidation;AC=UNIMOD:35;TA=M;MT=Variable	Ctrl
pig-16-wound-11-day-2	Sus scrofa domesticus	wound fluid	not available	16	not applicable	organism part	2 day	not available	not available	Göttingen minipig	pig_sample_45_day_2	proteomic profiling by mass spectrometry	1	pig_sample_45_day_2.zip	v1.1.0	NT=ms-proteomics;VV=v1.1.0	manual curation	NT=Data-dependent acquisition;AC=PRIDE:0000627	NT=timsTOF Pro;AC=MS:1002817	not applicable	label free sample	1	not available	20 ppm	0.03 Da	NT=Oxidation;AC=UNIMOD:35;TA=M;MT=Variable	Ctrl
pig-24-wound-1-day-1	Sus scrofa domesticus	wound fluid	not available	24	not applicable	organism part	1 day	not available	not available	Göttingen minipig	pig_sample_46_day_1	proteomic profiling by mass spectrometry	1	pig_sample_46_day_1.zip	v1.1.0	NT=ms-proteomics;VV=v1.1.0	manual curation	NT=Data-dependent acquisition;AC=PRIDE:0000627	NT=timsTOF Pro;AC=MS:1002817	not applicable	label free sample	1	not available	20 ppm	0.03 Da	NT=Oxidation;AC=UNIMOD:35;TA=M;MT=Variable	Ctrl
pig-24-wound-1-day-2	Sus scrofa domesticus	wound fluid	not available	24	not applicable	organism part	2 day	not available	not available	Göttingen minipig	pig_sample_46_day_2	proteomic profiling by mass spectrometry	1	pig_sample_46_day_2.zip	v1.1.0	NT=ms-proteomics;VV=v1.1.0	manual curation	NT=Data-dependent acquisition;AC=PRIDE:0000627	NT=timsTOF Pro;AC=MS:1002817	not applicable	label free sample	1	not available	20 ppm	0.03 Da	NT=Oxidation;AC=UNIMOD:35;TA=M;MT=Variable	Ctrl
pig-21-wound-1-day-1	Sus scrofa domesticus	wound fluid	not available	21	not applicable	organism part	1 day	not available	not available	Göttingen minipig	pig_sample_54_day_1	proteomic profiling by mass spectrometry	1	pig_sample_54_day_1.zip	v1.1.0	NT=ms-proteomics;VV=v1.1.0	manual curation	NT=Data-dependent acquisition;AC=PRIDE:0000627	NT=timsTOF Pro;AC=MS:1002817	not applicable	label free sample	1	not available	20 ppm	0.03 Da	NT=Oxidation;AC=UNIMOD:35;TA=M;MT=Variable	S. aureus
pig-21-wound-1-day-2	Sus scrofa domesticus	wound fluid	not available	21	not applicable	organism part	2 day	not available	not available	Göttingen minipig	pig_sample_54_day_2	proteomic profiling by mass spectrometry	1	pig_sample_54_day_2.zip	v1.1.0	NT=ms-proteomics;VV=v1.1.0	manual curation	NT=Data-dependent acquisition;AC=PRIDE:0000627	NT=timsTOF Pro;AC=MS:1002817	not applicable	label free sample	1	not available	20 ppm	0.03 Da	NT=Oxidation;AC=UNIMOD:35;TA=M;MT=Variable	Double infection
pig-21-wound-1-day-3	Sus scrofa domesticus	wound fluid	not available	21	not applicable	organism part	3 day	not available	not available	Göttingen minipig	pig_sample_54_day_3	proteomic profiling by mass spectrometry	1	pig_sample_54_day_3.zip	v1.1.0	NT=ms-proteomics;VV=v1.1.0	manual curation	NT=Data-dependent acquisition;AC=PRIDE:0000627	NT=timsTOF Pro;AC=MS:1002817	not applicable	label free sample	1	not available	20 ppm	0.03 Da	NT=Oxidation;AC=UNIMOD:35;TA=M;MT=Variable	Double infection
pig-21-wound-2-day-1	Sus scrofa domesticus	wound fluid	not available	21	not applicable	organism part	1 day	not available	not available	Göttingen minipig	pig_sample_55_day_1	proteomic profiling by mass spectrometry	1	pig_sample_55_day_1.zip	v1.1.0	NT=ms-proteomics;VV=v1.1.0	manual curation	NT=Data-dependent acquisition;AC=PRIDE:0000627	NT=timsTOF Pro;AC=MS:1002817	not applicable	label free sample	1	not available	20 ppm	0.03 Da	NT=Oxidation;AC=UNIMOD:35;TA=M;MT=Variable	S. aureus
pig-21-wound-2-day-2	Sus scrofa domesticus	wound fluid	not available	21	not applicable	organism part	2 day	not available	not available	Göttingen minipig	pig_sample_55_day_2	proteomic profiling by mass spectrometry	1	pig_sample_55_day_2.zip	v1.1.0	NT=ms-proteomics;VV=v1.1.0	manual curation	NT=Data-dependent acquisition;AC=PRIDE:0000627	NT=timsTOF Pro;AC=MS:1002817	not applicable	label free sample	1	not available	20 ppm	0.03 Da	NT=Oxidation;AC=UNIMOD:35;TA=M;MT=Variable	Double infection
pig-21-wound-2-day-3	Sus scrofa domesticus	wound fluid	not available	21	not applicable	organism part	3 day	not available	not available	Göttingen minipig	pig_sample_55_day_3	proteomic profiling by mass spectrometry	1	pig_sample_55_day_3.zip	v1.1.0	NT=ms-proteomics;VV=v1.1.0	manual curation	NT=Data-dependent acquisition;AC=PRIDE:0000627	NT=timsTOF Pro;AC=MS:1002817	not applicable	label free sample	1	not available	20 ppm	0.03 Da	NT=Oxidation;AC=UNIMOD:35;TA=M;MT=Variable	Double infection
pig-21-wound-5-day-1	Sus scrofa domesticus	wound fluid	not available	21	not applicable	organism part	1 day	not available	not available	Göttingen minipig	pig_sample_56_day_1	proteomic profiling by mass spectrometry	1	pig_sample_56_day_1.zip	v1.1.0	NT=ms-proteomics;VV=v1.1.0	manual curation	NT=Data-dependent acquisition;AC=PRIDE:0000627	NT=timsTOF Pro;AC=MS:1002817	not applicable	label free sample	1	not available	20 ppm	0.03 Da	NT=Oxidation;AC=UNIMOD:35;TA=M;MT=Variable	S. aureus
pig-21-wound-5-day-2	Sus scrofa domesticus	wound fluid	not available	21	not applicable	organism part	2 day	not available	not available	Göttingen minipig	pig_sample_56_day_2	proteomic profiling by mass spectrometry	1	pig_sample_56_day_2.zip	v1.1.0	NT=ms-proteomics;VV=v1.1.0	manual curation	NT=Data-dependent acquisition;AC=PRIDE:0000627	NT=timsTOF Pro;AC=MS:1002817	not applicable	label free sample	1	not available	20 ppm	0.03 Da	NT=Oxidation;AC=UNIMOD:35;TA=M;MT=Variable	Double infection
pig-21-wound-5-day-3	Sus scrofa domesticus	wound fluid	not available	21	not applicable	organism part	3 day	not available	not available	Göttingen minipig	pig_sample_56_day_3	proteomic profiling by mass spectrometry	1	pig_sample_56_day_3.zip	v1.1.0	NT=ms-proteomics;VV=v1.1.0	manual curation	NT=Data-dependent acquisition;AC=PRIDE:0000627	NT=timsTOF Pro;AC=MS:1002817	not applicable	label free sample	1	not available	20 ppm	0.03 Da	NT=Oxidation;AC=UNIMOD:35;TA=M;MT=Variable	Double infection
pig-21-wound-9-day-1	Sus scrofa domesticus	wound fluid	not available	21	not applicable	organism part	1 day	not available	not available	Göttingen minipig	pig_sample_57_day_1	proteomic profiling by mass spectrometry	1	pig_sample_57_day_1.zip	v1.1.0	NT=ms-proteomics;VV=v1.1.0	manual curation	NT=Data-dependent acquisition;AC=PRIDE:0000627	NT=timsTOF Pro;AC=MS:1002817	not applicable	label free sample	1	not available	20 ppm	0.03 Da	NT=Oxidation;AC=UNIMOD:35;TA=M;MT=Variable	S. aureus
pig-21-wound-9-day-2	Sus scrofa domesticus	wound fluid	not available	21	not applicable	organism part	2 day	not available	not available	Göttingen minipig	pig_sample_57_day_2	proteomic profiling by mass spectrometry	1	pig_sample_57_day_2.zip	v1.1.0	NT=ms-proteomics;VV=v1.1.0	manual curation	NT=Data-dependent acquisition;AC=PRIDE:0000627	NT=timsTOF Pro;AC=MS:1002817	not applicable	label free sample	1	not available	20 ppm	0.03 Da	NT=Oxidation;AC=UNIMOD:35;TA=M;MT=Variable	Double infection
pig-21-wound-9-day-3	Sus scrofa domesticus	wound fluid	not available	21	not applicable	organism part	3 day	not available	not available	Göttingen minipig	pig_sample_57_day_3	proteomic profiling by mass spectrometry	1	pig_sample_57_day_3.zip	v1.1.0	NT=ms-proteomics;VV=v1.1.0	manual curation	NT=Data-dependent acquisition;AC=PRIDE:0000627	NT=timsTOF Pro;AC=MS:1002817	not applicable	label free sample	1	not available	20 ppm	0.03 Da	NT=Oxidation;AC=UNIMOD:35;TA=M;MT=Variable	Double infection
pig-12-wound-1-day-1	Sus scrofa domesticus	wound fluid	not available	12	not applicable	organism part	1 day	not available	not available	Göttingen minipig	pig_sample_66_day_1	proteomic profiling by mass spectrometry	1	pig_sample_66_day_1.zip	v1.1.0	NT=ms-proteomics;VV=v1.1.0	manual curation	NT=Data-dependent acquisition;AC=PRIDE:0000627	NT=timsTOF Pro;AC=MS:1002817	not applicable	label free sample	1	not available	20 ppm	0.03 Da	NT=Oxidation;AC=UNIMOD:35;TA=M;MT=Variable	S. aureus
pig-12-wound-1-day-2	Sus scrofa domesticus	wound fluid	not available	12	not applicable	organism part	2 day	not available	not available	Göttingen minipig	pig_sample_66_day_2	proteomic profiling by mass spectrometry	1	pig_sample_66_day_2.zip	v1.1.0	NT=ms-proteomics;VV=v1.1.0	manual curation	NT=Data-dependent acquisition;AC=PRIDE:0000627	NT=timsTOF Pro;AC=MS:1002817	not applicable	label free sample	1	not available	20 ppm	0.03 Da	NT=Oxidation;AC=UNIMOD:35;TA=M;MT=Variable	S. aureus
pig-12-wound-2-day-1	Sus scrofa domesticus	wound fluid	not available	12	not applicable	organism part	1 day	not available	not available	Göttingen minipig	pig_sample_67_day_1	proteomic profiling by mass spectrometry	1	pig_sample_67_day_1.zip	v1.1.0	NT=ms-proteomics;VV=v1.1.0	manual curation	NT=Data-dependent acquisition;AC=PRIDE:0000627	NT=timsTOF Pro;AC=MS:1002817	not applicable	label free sample	1	not available	20 ppm	0.03 Da	NT=Oxidation;AC=UNIMOD:35;TA=M;MT=Variable	S. aureus
pig-12-wound-2-day-2	Sus scrofa domesticus	wound fluid	not available	12	not applicable	organism part	2 day	not available	not available	Göttingen minipig	pig_sample_67_day_2	proteomic profiling by mass spectrometry	1	pig_sample_67_day_2.zip	v1.1.0	NT=ms-proteomics;VV=v1.1.0	manual curation	NT=Data-dependent acquisition;AC=PRIDE:0000627	NT=timsTOF Pro;AC=MS:1002817	not applicable	label free sample	1	not available	20 ppm	0.03 Da	NT=Oxidation;AC=UNIMOD:35;TA=M;MT=Variable	S. aureus
pig-12-wound-5-day-1	Sus scrofa domesticus	wound fluid	not available	12	not applicable	organism part	1 day	not available	not available	Göttingen minipig	pig_sample_68_day_1	proteomic profiling by mass spectrometry	1	pig_sample_68_day_1.zip	v1.1.0	NT=ms-proteomics;VV=v1.1.0	manual curation	NT=Data-dependent acquisition;AC=PRIDE:0000627	NT=timsTOF Pro;AC=MS:1002817	not applicable	label free sample	1	not available	20 ppm	0.03 Da	NT=Oxidation;AC=UNIMOD:35;TA=M;MT=Variable	S. aureus
pig-12-wound-5-day-2	Sus scrofa domesticus	wound fluid	not available	12	not applicable	organism part	2 day	not available	not available	Göttingen minipig	pig_sample_68_day_2	proteomic profiling by mass spectrometry	1	pig_sample_68_day_2.zip	v1.1.0	NT=ms-proteomics;VV=v1.1.0	manual curation	NT=Data-dependent acquisition;AC=PRIDE:0000627	NT=timsTOF Pro;AC=MS:1002817	not applicable	label free sample	1	not available	20 ppm	0.03 Da	NT=Oxidation;AC=UNIMOD:35;TA=M;MT=Variable	S. aureus
pig-12-wound-7-day-1	Sus scrofa domesticus	wound fluid	not available	12	not applicable	organism part	1 day	not available	not available	Göttingen minipig	pig_sample_69_day_1	proteomic profiling by mass spectrometry	1	pig_sample_69_day_1.zip	v1.1.0	NT=ms-proteomics;VV=v1.1.0	manual curation	NT=Data-dependent acquisition;AC=PRIDE:0000627	NT=timsTOF Pro;AC=MS:1002817	not applicable	label free sample	1	not available	20 ppm	0.03 Da	NT=Oxidation;AC=UNIMOD:35;TA=M;MT=Variable	S. aureus
pig-12-wound-7-day-2	Sus scrofa domesticus	wound fluid	not available	12	not applicable	organism part	2 day	not available	not available	Göttingen minipig	pig_sample_69_day_2	proteomic profiling by mass spectrometry	1	pig_sample_69_day_2.zip	v1.1.0	NT=ms-proteomics;VV=v1.1.0	manual curation	NT=Data-dependent acquisition;AC=PRIDE:0000627	NT=timsTOF Pro;AC=MS:1002817	not applicable	label free sample	1	not available	20 ppm	0.03 Da	NT=Oxidation;AC=UNIMOD:35;TA=M;MT=Variable	S. aureus
pig-12-wound-8-day-1	Sus scrofa domesticus	wound fluid	not available	12	not applicable	organism part	1 day	not available	not available	Göttingen minipig	pig_sample_70_day_1	proteomic profiling by mass spectrometry	1	pig_sample_70_day_1.zip	v1.1.0	NT=ms-proteomics;VV=v1.1.0	manual curation	NT=Data-dependent acquisition;AC=PRIDE:0000627	NT=timsTOF Pro;AC=MS:1002817	not applicable	label free sample	1	not available	20 ppm	0.03 Da	NT=Oxidation;AC=UNIMOD:35;TA=M;MT=Variable	S. aureus
pig-12-wound-8-day-2	Sus scrofa domesticus	wound fluid	not available	12	not applicable	organism part	2 day	not available	not available	Göttingen minipig	pig_sample_70_day_2	proteomic profiling by mass spectrometry	1	pig_sample_70_day_2.zip	v1.1.0	NT=ms-proteomics;VV=v1.1.0	manual curation	NT=Data-dependent acquisition;AC=PRIDE:0000627	NT=timsTOF Pro;AC=MS:1002817	not applicable	label free sample	1	not available	20 ppm	0.03 Da	NT=Oxidation;AC=UNIMOD:35;TA=M;MT=Variable	S. aureus
