source name	characteristics[organism]	characteristics[organism part]	characteristics[biological replicate]	characteristics[disease]	characteristics[treatment]	characteristics[enrichment process]	characteristics[developmental stage]	characteristics[strain or breed]	characteristics[growth condition]	characteristics[genotype]	assay name	technology type	comment[technical replicate]	comment[data file]	comment[sdrf version]	comment[sdrf template]	comment[sdrf template]	comment[sdrf annotation tool]	comment[proteomics data acquisition method]	comment[instrument]	comment[cleavage agent details]	comment[label]	comment[fraction identifier]	comment[dissociation method]	comment[precursor mass tolerance]	comment[fragment mass tolerance]	comment[reduction reagent]	comment[alkylation reagent]	comment[modification parameters]	comment[modification parameters]	comment[modification parameters]	comment[modification parameters]	factor value[genotype]	factor value[treatment]
Col-0-hwFtsH	Arabidopsis thaliana	cotyledon	1	not applicable	no lincomycin	SDS-PAGE band located by FtsH western blot (hwFtsH), in-gel digestion	not available	Col-0	grown on plates, 6 days after sowing	wild type	Col-0_hwFtsH	proteomic profiling by mass spectrometry	1	Col-0_hwFtsH.raw	v1.1.0	NT=ms-proteomics;VV=v1.1.0	NT=plants;VV=v1.1.0	manual curation	NT=Data-dependent acquisition;AC=PRIDE:0000627	NT=Q Exactive;AC=MS:1001911	NT=Trypsin;AC=MS:1001251	label free sample	1	NT=beam-type collision-induced dissociation;AC=MS:1000422	10 ppm	0.02 Da	NT=dithiothreitol (DTT);AC=PRIDE:0000608	NT=iodoacetamide (IAA);AC=PRIDE:0000599	NT=Carbamidomethyl;AC=UNIMOD:4;TA=C;MT=Fixed	NT=Oxidation;AC=UNIMOD:35;TA=M;MT=Variable	NT=Acetyl;AC=UNIMOD:1;PP=Protein N-term;MT=Variable	NT=Phospho;AC=UNIMOD:21;TA=S,T,Y;MT=Variable	wild type	no lincomycin
Col-0-hwFtsH	Arabidopsis thaliana	cotyledon	1	not applicable	no lincomycin	SDS-PAGE band located by FtsH western blot (hwFtsH), in-gel digestion	not available	Col-0	grown on plates, 6 days after sowing	wild type	Col-0_hwFtsH_FtsH2_inclusion	proteomic profiling by mass spectrometry	2	Col-0_hwFtsH_FtsH2_inclusion.raw	v1.1.0	NT=ms-proteomics;VV=v1.1.0	NT=plants;VV=v1.1.0	manual curation	NT=Data-dependent acquisition;AC=PRIDE:0000627	NT=Q Exactive;AC=MS:1001911	NT=Trypsin;AC=MS:1001251	label free sample	1	NT=beam-type collision-induced dissociation;AC=MS:1000422	10 ppm	0.02 Da	NT=dithiothreitol (DTT);AC=PRIDE:0000608	NT=iodoacetamide (IAA);AC=PRIDE:0000599	NT=Carbamidomethyl;AC=UNIMOD:4;TA=C;MT=Fixed	NT=Oxidation;AC=UNIMOD:35;TA=M;MT=Variable	NT=Acetyl;AC=UNIMOD:1;PP=Protein N-term;MT=Variable	NT=Phospho;AC=UNIMOD:21;TA=S,T,Y;MT=Variable	wild type	no lincomycin
Col-0-hwFtsH	Arabidopsis thaliana	cotyledon	1	not applicable	no lincomycin	SDS-PAGE band located by FtsH western blot (hwFtsH), in-gel digestion	not available	Col-0	grown on plates, 6 days after sowing	wild type	Col-0_hwFtsH_FtsH5_inclusion	proteomic profiling by mass spectrometry	3	Col-0_hwFtsH_FtsH5_inclusion.raw	v1.1.0	NT=ms-proteomics;VV=v1.1.0	NT=plants;VV=v1.1.0	manual curation	NT=Data-dependent acquisition;AC=PRIDE:0000627	NT=Q Exactive;AC=MS:1001911	NT=Trypsin;AC=MS:1001251	label free sample	1	NT=beam-type collision-induced dissociation;AC=MS:1000422	10 ppm	0.02 Da	NT=dithiothreitol (DTT);AC=PRIDE:0000608	NT=iodoacetamide (IAA);AC=PRIDE:0000599	NT=Carbamidomethyl;AC=UNIMOD:4;TA=C;MT=Fixed	NT=Oxidation;AC=UNIMOD:35;TA=M;MT=Variable	NT=Acetyl;AC=UNIMOD:1;PP=Protein N-term;MT=Variable	NT=Phospho;AC=UNIMOD:21;TA=S,T,Y;MT=Variable	wild type	no lincomycin
Col-0-linc-hwFtsH	Arabidopsis thaliana	cotyledon	1	not applicable	lincomycin	SDS-PAGE band located by FtsH western blot (hwFtsH), in-gel digestion	not available	Col-0	grown on plates, 6 days after sowing	wild type	Col-0_lincomycin_hwFtsH	proteomic profiling by mass spectrometry	1	Col-0_lincomycin_hwFtsH.raw	v1.1.0	NT=ms-proteomics;VV=v1.1.0	NT=plants;VV=v1.1.0	manual curation	NT=Data-dependent acquisition;AC=PRIDE:0000627	NT=Q Exactive;AC=MS:1001911	NT=Trypsin;AC=MS:1001251	label free sample	1	NT=beam-type collision-induced dissociation;AC=MS:1000422	10 ppm	0.02 Da	NT=dithiothreitol (DTT);AC=PRIDE:0000608	NT=iodoacetamide (IAA);AC=PRIDE:0000599	NT=Carbamidomethyl;AC=UNIMOD:4;TA=C;MT=Fixed	NT=Oxidation;AC=UNIMOD:35;TA=M;MT=Variable	NT=Acetyl;AC=UNIMOD:1;PP=Protein N-term;MT=Variable	NT=Phospho;AC=UNIMOD:21;TA=S,T,Y;MT=Variable	wild type	lincomycin
Col-0-linc-hwFtsH	Arabidopsis thaliana	cotyledon	1	not applicable	lincomycin	SDS-PAGE band located by FtsH western blot (hwFtsH), in-gel digestion	not available	Col-0	grown on plates, 6 days after sowing	wild type	Col-0_lincomycin_hwFtsH_FtsH2_inclusion	proteomic profiling by mass spectrometry	2	Col-0_lincomycin_hwFtsH_FtsH2_inclusion.raw	v1.1.0	NT=ms-proteomics;VV=v1.1.0	NT=plants;VV=v1.1.0	manual curation	NT=Data-dependent acquisition;AC=PRIDE:0000627	NT=Q Exactive;AC=MS:1001911	NT=Trypsin;AC=MS:1001251	label free sample	1	NT=beam-type collision-induced dissociation;AC=MS:1000422	10 ppm	0.02 Da	NT=dithiothreitol (DTT);AC=PRIDE:0000608	NT=iodoacetamide (IAA);AC=PRIDE:0000599	NT=Carbamidomethyl;AC=UNIMOD:4;TA=C;MT=Fixed	NT=Oxidation;AC=UNIMOD:35;TA=M;MT=Variable	NT=Acetyl;AC=UNIMOD:1;PP=Protein N-term;MT=Variable	NT=Phospho;AC=UNIMOD:21;TA=S,T,Y;MT=Variable	wild type	lincomycin
Col-0-linc-hwFtsH	Arabidopsis thaliana	cotyledon	1	not applicable	lincomycin	SDS-PAGE band located by FtsH western blot (hwFtsH), in-gel digestion	not available	Col-0	grown on plates, 6 days after sowing	wild type	Col-0_lincomycin_hwFtsH_FtsH5_inclusion	proteomic profiling by mass spectrometry	3	Col-0_lincomycin_hwFtsH_FtsH5_inclusion.raw	v1.1.0	NT=ms-proteomics;VV=v1.1.0	NT=plants;VV=v1.1.0	manual curation	NT=Data-dependent acquisition;AC=PRIDE:0000627	NT=Q Exactive;AC=MS:1001911	NT=Trypsin;AC=MS:1001251	label free sample	1	NT=beam-type collision-induced dissociation;AC=MS:1000422	10 ppm	0.02 Da	NT=dithiothreitol (DTT);AC=PRIDE:0000608	NT=iodoacetamide (IAA);AC=PRIDE:0000599	NT=Carbamidomethyl;AC=UNIMOD:4;TA=C;MT=Fixed	NT=Oxidation;AC=UNIMOD:35;TA=M;MT=Variable	NT=Acetyl;AC=UNIMOD:1;PP=Protein N-term;MT=Variable	NT=Phospho;AC=UNIMOD:21;TA=S,T,Y;MT=Variable	wild type	lincomycin
Col-0-linc-mFtsH	Arabidopsis thaliana	cotyledon	1	not applicable	lincomycin	SDS-PAGE band located by FtsH western blot (mFtsH), in-gel digestion	not available	Col-0	grown on plates, 6 days after sowing	wild type	Col-0_lincomycin_mFtsH	proteomic profiling by mass spectrometry	1	Col-0_lincomycin_mFtsH.raw	v1.1.0	NT=ms-proteomics;VV=v1.1.0	NT=plants;VV=v1.1.0	manual curation	NT=Data-dependent acquisition;AC=PRIDE:0000627	NT=Q Exactive;AC=MS:1001911	NT=Trypsin;AC=MS:1001251	label free sample	1	NT=beam-type collision-induced dissociation;AC=MS:1000422	10 ppm	0.02 Da	NT=dithiothreitol (DTT);AC=PRIDE:0000608	NT=iodoacetamide (IAA);AC=PRIDE:0000599	NT=Carbamidomethyl;AC=UNIMOD:4;TA=C;MT=Fixed	NT=Oxidation;AC=UNIMOD:35;TA=M;MT=Variable	NT=Acetyl;AC=UNIMOD:1;PP=Protein N-term;MT=Variable	NT=Phospho;AC=UNIMOD:21;TA=S,T,Y;MT=Variable	wild type	lincomycin
Col-0-linc-mFtsH	Arabidopsis thaliana	cotyledon	1	not applicable	lincomycin	SDS-PAGE band located by FtsH western blot (mFtsH), in-gel digestion	not available	Col-0	grown on plates, 6 days after sowing	wild type	Col-0_lincomycin_mFtsH_FtsH2_inclusion	proteomic profiling by mass spectrometry	2	Col-0_lincomycin_mFtsH_FtsH2_inclusion.raw	v1.1.0	NT=ms-proteomics;VV=v1.1.0	NT=plants;VV=v1.1.0	manual curation	NT=Data-dependent acquisition;AC=PRIDE:0000627	NT=Q Exactive;AC=MS:1001911	NT=Trypsin;AC=MS:1001251	label free sample	1	NT=beam-type collision-induced dissociation;AC=MS:1000422	10 ppm	0.02 Da	NT=dithiothreitol (DTT);AC=PRIDE:0000608	NT=iodoacetamide (IAA);AC=PRIDE:0000599	NT=Carbamidomethyl;AC=UNIMOD:4;TA=C;MT=Fixed	NT=Oxidation;AC=UNIMOD:35;TA=M;MT=Variable	NT=Acetyl;AC=UNIMOD:1;PP=Protein N-term;MT=Variable	NT=Phospho;AC=UNIMOD:21;TA=S,T,Y;MT=Variable	wild type	lincomycin
Col-0-linc-mFtsH	Arabidopsis thaliana	cotyledon	1	not applicable	lincomycin	SDS-PAGE band located by FtsH western blot (mFtsH), in-gel digestion	not available	Col-0	grown on plates, 6 days after sowing	wild type	Col-0_lincomycin_mFtsH_FtsH5_inclusion	proteomic profiling by mass spectrometry	3	Col-0_lincomycin_mFtsH_FtsH5_inclusion.raw	v1.1.0	NT=ms-proteomics;VV=v1.1.0	NT=plants;VV=v1.1.0	manual curation	NT=Data-dependent acquisition;AC=PRIDE:0000627	NT=Q Exactive;AC=MS:1001911	NT=Trypsin;AC=MS:1001251	label free sample	1	NT=beam-type collision-induced dissociation;AC=MS:1000422	10 ppm	0.02 Da	NT=dithiothreitol (DTT);AC=PRIDE:0000608	NT=iodoacetamide (IAA);AC=PRIDE:0000599	NT=Carbamidomethyl;AC=UNIMOD:4;TA=C;MT=Fixed	NT=Oxidation;AC=UNIMOD:35;TA=M;MT=Variable	NT=Acetyl;AC=UNIMOD:1;PP=Protein N-term;MT=Variable	NT=Phospho;AC=UNIMOD:21;TA=S,T,Y;MT=Variable	wild type	lincomycin
Col-0-mFtsH	Arabidopsis thaliana	cotyledon	1	not applicable	no lincomycin	SDS-PAGE band located by FtsH western blot (mFtsH), in-gel digestion	not available	Col-0	grown on plates, 6 days after sowing	wild type	Col-0_mFtsH	proteomic profiling by mass spectrometry	1	Col-0_mFtsH.raw	v1.1.0	NT=ms-proteomics;VV=v1.1.0	NT=plants;VV=v1.1.0	manual curation	NT=Data-dependent acquisition;AC=PRIDE:0000627	NT=Q Exactive;AC=MS:1001911	NT=Trypsin;AC=MS:1001251	label free sample	1	NT=beam-type collision-induced dissociation;AC=MS:1000422	10 ppm	0.02 Da	NT=dithiothreitol (DTT);AC=PRIDE:0000608	NT=iodoacetamide (IAA);AC=PRIDE:0000599	NT=Carbamidomethyl;AC=UNIMOD:4;TA=C;MT=Fixed	NT=Oxidation;AC=UNIMOD:35;TA=M;MT=Variable	NT=Acetyl;AC=UNIMOD:1;PP=Protein N-term;MT=Variable	NT=Phospho;AC=UNIMOD:21;TA=S,T,Y;MT=Variable	wild type	no lincomycin
Col-0-mFtsH	Arabidopsis thaliana	cotyledon	1	not applicable	no lincomycin	SDS-PAGE band located by FtsH western blot (mFtsH), in-gel digestion	not available	Col-0	grown on plates, 6 days after sowing	wild type	Col-0_mFtsH_FtsH2_inclusion	proteomic profiling by mass spectrometry	2	Col-0_mFtsH_FtsH2_inclusion.raw	v1.1.0	NT=ms-proteomics;VV=v1.1.0	NT=plants;VV=v1.1.0	manual curation	NT=Data-dependent acquisition;AC=PRIDE:0000627	NT=Q Exactive;AC=MS:1001911	NT=Trypsin;AC=MS:1001251	label free sample	1	NT=beam-type collision-induced dissociation;AC=MS:1000422	10 ppm	0.02 Da	NT=dithiothreitol (DTT);AC=PRIDE:0000608	NT=iodoacetamide (IAA);AC=PRIDE:0000599	NT=Carbamidomethyl;AC=UNIMOD:4;TA=C;MT=Fixed	NT=Oxidation;AC=UNIMOD:35;TA=M;MT=Variable	NT=Acetyl;AC=UNIMOD:1;PP=Protein N-term;MT=Variable	NT=Phospho;AC=UNIMOD:21;TA=S,T,Y;MT=Variable	wild type	no lincomycin
Col-0-mFtsH	Arabidopsis thaliana	cotyledon	1	not applicable	no lincomycin	SDS-PAGE band located by FtsH western blot (mFtsH), in-gel digestion	not available	Col-0	grown on plates, 6 days after sowing	wild type	Col-0_mFtsH_FtsH5_inclusion	proteomic profiling by mass spectrometry	3	Col-0_mFtsH_FtsH5_inclusion.raw	v1.1.0	NT=ms-proteomics;VV=v1.1.0	NT=plants;VV=v1.1.0	manual curation	NT=Data-dependent acquisition;AC=PRIDE:0000627	NT=Q Exactive;AC=MS:1001911	NT=Trypsin;AC=MS:1001251	label free sample	1	NT=beam-type collision-induced dissociation;AC=MS:1000422	10 ppm	0.02 Da	NT=dithiothreitol (DTT);AC=PRIDE:0000608	NT=iodoacetamide (IAA);AC=PRIDE:0000599	NT=Carbamidomethyl;AC=UNIMOD:4;TA=C;MT=Fixed	NT=Oxidation;AC=UNIMOD:35;TA=M;MT=Variable	NT=Acetyl;AC=UNIMOD:1;PP=Protein N-term;MT=Variable	NT=Phospho;AC=UNIMOD:21;TA=S,T,Y;MT=Variable	wild type	no lincomycin
GUN1-hwFtsH	Arabidopsis thaliana	cotyledon	1	not applicable	no lincomycin	SDS-PAGE band located by FtsH western blot (hwFtsH), in-gel digestion	not available	Col-0	grown on plates, 6 days after sowing	gun1-102 knockout	GUN1_hwFtsH	proteomic profiling by mass spectrometry	1	GUN1_hwFtsH.raw	v1.1.0	NT=ms-proteomics;VV=v1.1.0	NT=plants;VV=v1.1.0	manual curation	NT=Data-dependent acquisition;AC=PRIDE:0000627	NT=Q Exactive;AC=MS:1001911	NT=Trypsin;AC=MS:1001251	label free sample	1	NT=beam-type collision-induced dissociation;AC=MS:1000422	10 ppm	0.02 Da	NT=dithiothreitol (DTT);AC=PRIDE:0000608	NT=iodoacetamide (IAA);AC=PRIDE:0000599	NT=Carbamidomethyl;AC=UNIMOD:4;TA=C;MT=Fixed	NT=Oxidation;AC=UNIMOD:35;TA=M;MT=Variable	NT=Acetyl;AC=UNIMOD:1;PP=Protein N-term;MT=Variable	NT=Phospho;AC=UNIMOD:21;TA=S,T,Y;MT=Variable	gun1-102 knockout	no lincomycin
GUN1-hwFtsH	Arabidopsis thaliana	cotyledon	1	not applicable	no lincomycin	SDS-PAGE band located by FtsH western blot (hwFtsH), in-gel digestion	not available	Col-0	grown on plates, 6 days after sowing	gun1-102 knockout	GUN1_hwFtsH_FtsH2_inclusion	proteomic profiling by mass spectrometry	2	GUN1_hwFtsH_FtsH2_inclusion.raw	v1.1.0	NT=ms-proteomics;VV=v1.1.0	NT=plants;VV=v1.1.0	manual curation	NT=Data-dependent acquisition;AC=PRIDE:0000627	NT=Q Exactive;AC=MS:1001911	NT=Trypsin;AC=MS:1001251	label free sample	1	NT=beam-type collision-induced dissociation;AC=MS:1000422	10 ppm	0.02 Da	NT=dithiothreitol (DTT);AC=PRIDE:0000608	NT=iodoacetamide (IAA);AC=PRIDE:0000599	NT=Carbamidomethyl;AC=UNIMOD:4;TA=C;MT=Fixed	NT=Oxidation;AC=UNIMOD:35;TA=M;MT=Variable	NT=Acetyl;AC=UNIMOD:1;PP=Protein N-term;MT=Variable	NT=Phospho;AC=UNIMOD:21;TA=S,T,Y;MT=Variable	gun1-102 knockout	no lincomycin
GUN1-hwFtsH	Arabidopsis thaliana	cotyledon	1	not applicable	no lincomycin	SDS-PAGE band located by FtsH western blot (hwFtsH), in-gel digestion	not available	Col-0	grown on plates, 6 days after sowing	gun1-102 knockout	GUN1_hwFtsH_FtsH5_inclusion	proteomic profiling by mass spectrometry	3	GUN1_hwFtsH_FtsH5_inclusion.raw	v1.1.0	NT=ms-proteomics;VV=v1.1.0	NT=plants;VV=v1.1.0	manual curation	NT=Data-dependent acquisition;AC=PRIDE:0000627	NT=Q Exactive;AC=MS:1001911	NT=Trypsin;AC=MS:1001251	label free sample	1	NT=beam-type collision-induced dissociation;AC=MS:1000422	10 ppm	0.02 Da	NT=dithiothreitol (DTT);AC=PRIDE:0000608	NT=iodoacetamide (IAA);AC=PRIDE:0000599	NT=Carbamidomethyl;AC=UNIMOD:4;TA=C;MT=Fixed	NT=Oxidation;AC=UNIMOD:35;TA=M;MT=Variable	NT=Acetyl;AC=UNIMOD:1;PP=Protein N-term;MT=Variable	NT=Phospho;AC=UNIMOD:21;TA=S,T,Y;MT=Variable	gun1-102 knockout	no lincomycin
GUN1-linc-hwFtsH	Arabidopsis thaliana	cotyledon	1	not applicable	lincomycin	SDS-PAGE band located by FtsH western blot (hwFtsH), in-gel digestion	not available	Col-0	grown on plates, 6 days after sowing	gun1-102 knockout	GUN1_lincomycin_hwFtsH	proteomic profiling by mass spectrometry	1	GUN1_lincomycin_hwFtsH.raw	v1.1.0	NT=ms-proteomics;VV=v1.1.0	NT=plants;VV=v1.1.0	manual curation	NT=Data-dependent acquisition;AC=PRIDE:0000627	NT=Q Exactive;AC=MS:1001911	NT=Trypsin;AC=MS:1001251	label free sample	1	NT=beam-type collision-induced dissociation;AC=MS:1000422	10 ppm	0.02 Da	NT=dithiothreitol (DTT);AC=PRIDE:0000608	NT=iodoacetamide (IAA);AC=PRIDE:0000599	NT=Carbamidomethyl;AC=UNIMOD:4;TA=C;MT=Fixed	NT=Oxidation;AC=UNIMOD:35;TA=M;MT=Variable	NT=Acetyl;AC=UNIMOD:1;PP=Protein N-term;MT=Variable	NT=Phospho;AC=UNIMOD:21;TA=S,T,Y;MT=Variable	gun1-102 knockout	lincomycin
GUN1-linc-hwFtsH	Arabidopsis thaliana	cotyledon	1	not applicable	lincomycin	SDS-PAGE band located by FtsH western blot (hwFtsH), in-gel digestion	not available	Col-0	grown on plates, 6 days after sowing	gun1-102 knockout	GUN1_lincomycin_hwFtsH_FtsH2_inclusion	proteomic profiling by mass spectrometry	2	GUN1_lincomycin_hwFtsH_FtsH2_inclusion.raw	v1.1.0	NT=ms-proteomics;VV=v1.1.0	NT=plants;VV=v1.1.0	manual curation	NT=Data-dependent acquisition;AC=PRIDE:0000627	NT=Q Exactive;AC=MS:1001911	NT=Trypsin;AC=MS:1001251	label free sample	1	NT=beam-type collision-induced dissociation;AC=MS:1000422	10 ppm	0.02 Da	NT=dithiothreitol (DTT);AC=PRIDE:0000608	NT=iodoacetamide (IAA);AC=PRIDE:0000599	NT=Carbamidomethyl;AC=UNIMOD:4;TA=C;MT=Fixed	NT=Oxidation;AC=UNIMOD:35;TA=M;MT=Variable	NT=Acetyl;AC=UNIMOD:1;PP=Protein N-term;MT=Variable	NT=Phospho;AC=UNIMOD:21;TA=S,T,Y;MT=Variable	gun1-102 knockout	lincomycin
GUN1-linc-hwFtsH	Arabidopsis thaliana	cotyledon	1	not applicable	lincomycin	SDS-PAGE band located by FtsH western blot (hwFtsH), in-gel digestion	not available	Col-0	grown on plates, 6 days after sowing	gun1-102 knockout	GUN1_lincomycin_hwFtsH_FtsH5_inclusion	proteomic profiling by mass spectrometry	3	GUN1_lincomycin_hwFtsH_FtsH5_inclusion.raw	v1.1.0	NT=ms-proteomics;VV=v1.1.0	NT=plants;VV=v1.1.0	manual curation	NT=Data-dependent acquisition;AC=PRIDE:0000627	NT=Q Exactive;AC=MS:1001911	NT=Trypsin;AC=MS:1001251	label free sample	1	NT=beam-type collision-induced dissociation;AC=MS:1000422	10 ppm	0.02 Da	NT=dithiothreitol (DTT);AC=PRIDE:0000608	NT=iodoacetamide (IAA);AC=PRIDE:0000599	NT=Carbamidomethyl;AC=UNIMOD:4;TA=C;MT=Fixed	NT=Oxidation;AC=UNIMOD:35;TA=M;MT=Variable	NT=Acetyl;AC=UNIMOD:1;PP=Protein N-term;MT=Variable	NT=Phospho;AC=UNIMOD:21;TA=S,T,Y;MT=Variable	gun1-102 knockout	lincomycin
GUN1-linc-mFtsH	Arabidopsis thaliana	cotyledon	1	not applicable	lincomycin	SDS-PAGE band located by FtsH western blot (mFtsH), in-gel digestion	not available	Col-0	grown on plates, 6 days after sowing	gun1-102 knockout	GUN1_lincomycin_mFtsH	proteomic profiling by mass spectrometry	1	GUN1_lincomycin_mFtsH.raw	v1.1.0	NT=ms-proteomics;VV=v1.1.0	NT=plants;VV=v1.1.0	manual curation	NT=Data-dependent acquisition;AC=PRIDE:0000627	NT=Q Exactive;AC=MS:1001911	NT=Trypsin;AC=MS:1001251	label free sample	1	NT=beam-type collision-induced dissociation;AC=MS:1000422	10 ppm	0.02 Da	NT=dithiothreitol (DTT);AC=PRIDE:0000608	NT=iodoacetamide (IAA);AC=PRIDE:0000599	NT=Carbamidomethyl;AC=UNIMOD:4;TA=C;MT=Fixed	NT=Oxidation;AC=UNIMOD:35;TA=M;MT=Variable	NT=Acetyl;AC=UNIMOD:1;PP=Protein N-term;MT=Variable	NT=Phospho;AC=UNIMOD:21;TA=S,T,Y;MT=Variable	gun1-102 knockout	lincomycin
GUN1-linc-mFtsH	Arabidopsis thaliana	cotyledon	1	not applicable	lincomycin	SDS-PAGE band located by FtsH western blot (mFtsH), in-gel digestion	not available	Col-0	grown on plates, 6 days after sowing	gun1-102 knockout	GUN1_lincomycin_mFtsH_FtsH2_inclusion	proteomic profiling by mass spectrometry	2	GUN1_lincomycin_mFtsH_FtsH2_inclusion.raw	v1.1.0	NT=ms-proteomics;VV=v1.1.0	NT=plants;VV=v1.1.0	manual curation	NT=Data-dependent acquisition;AC=PRIDE:0000627	NT=Q Exactive;AC=MS:1001911	NT=Trypsin;AC=MS:1001251	label free sample	1	NT=beam-type collision-induced dissociation;AC=MS:1000422	10 ppm	0.02 Da	NT=dithiothreitol (DTT);AC=PRIDE:0000608	NT=iodoacetamide (IAA);AC=PRIDE:0000599	NT=Carbamidomethyl;AC=UNIMOD:4;TA=C;MT=Fixed	NT=Oxidation;AC=UNIMOD:35;TA=M;MT=Variable	NT=Acetyl;AC=UNIMOD:1;PP=Protein N-term;MT=Variable	NT=Phospho;AC=UNIMOD:21;TA=S,T,Y;MT=Variable	gun1-102 knockout	lincomycin
GUN1-linc-mFtsH	Arabidopsis thaliana	cotyledon	1	not applicable	lincomycin	SDS-PAGE band located by FtsH western blot (mFtsH), in-gel digestion	not available	Col-0	grown on plates, 6 days after sowing	gun1-102 knockout	GUN1_lincomycin_mFtsH_FtsH5_inclusion	proteomic profiling by mass spectrometry	3	GUN1_lincomycin_mFtsH_FtsH5_inclusion.raw	v1.1.0	NT=ms-proteomics;VV=v1.1.0	NT=plants;VV=v1.1.0	manual curation	NT=Data-dependent acquisition;AC=PRIDE:0000627	NT=Q Exactive;AC=MS:1001911	NT=Trypsin;AC=MS:1001251	label free sample	1	NT=beam-type collision-induced dissociation;AC=MS:1000422	10 ppm	0.02 Da	NT=dithiothreitol (DTT);AC=PRIDE:0000608	NT=iodoacetamide (IAA);AC=PRIDE:0000599	NT=Carbamidomethyl;AC=UNIMOD:4;TA=C;MT=Fixed	NT=Oxidation;AC=UNIMOD:35;TA=M;MT=Variable	NT=Acetyl;AC=UNIMOD:1;PP=Protein N-term;MT=Variable	NT=Phospho;AC=UNIMOD:21;TA=S,T,Y;MT=Variable	gun1-102 knockout	lincomycin
GUN1-mFtsH	Arabidopsis thaliana	cotyledon	1	not applicable	no lincomycin	SDS-PAGE band located by FtsH western blot (mFtsH), in-gel digestion	not available	Col-0	grown on plates, 6 days after sowing	gun1-102 knockout	GUN1_mFtsH	proteomic profiling by mass spectrometry	1	GUN1_mFtsH.raw	v1.1.0	NT=ms-proteomics;VV=v1.1.0	NT=plants;VV=v1.1.0	manual curation	NT=Data-dependent acquisition;AC=PRIDE:0000627	NT=Q Exactive;AC=MS:1001911	NT=Trypsin;AC=MS:1001251	label free sample	1	NT=beam-type collision-induced dissociation;AC=MS:1000422	10 ppm	0.02 Da	NT=dithiothreitol (DTT);AC=PRIDE:0000608	NT=iodoacetamide (IAA);AC=PRIDE:0000599	NT=Carbamidomethyl;AC=UNIMOD:4;TA=C;MT=Fixed	NT=Oxidation;AC=UNIMOD:35;TA=M;MT=Variable	NT=Acetyl;AC=UNIMOD:1;PP=Protein N-term;MT=Variable	NT=Phospho;AC=UNIMOD:21;TA=S,T,Y;MT=Variable	gun1-102 knockout	no lincomycin
GUN1-mFtsH	Arabidopsis thaliana	cotyledon	1	not applicable	no lincomycin	SDS-PAGE band located by FtsH western blot (mFtsH), in-gel digestion	not available	Col-0	grown on plates, 6 days after sowing	gun1-102 knockout	GUN1_mFtsH_FtsH2_inclusion	proteomic profiling by mass spectrometry	2	GUN1_mFtsH_FtsH2_inclusion.raw	v1.1.0	NT=ms-proteomics;VV=v1.1.0	NT=plants;VV=v1.1.0	manual curation	NT=Data-dependent acquisition;AC=PRIDE:0000627	NT=Q Exactive;AC=MS:1001911	NT=Trypsin;AC=MS:1001251	label free sample	1	NT=beam-type collision-induced dissociation;AC=MS:1000422	10 ppm	0.02 Da	NT=dithiothreitol (DTT);AC=PRIDE:0000608	NT=iodoacetamide (IAA);AC=PRIDE:0000599	NT=Carbamidomethyl;AC=UNIMOD:4;TA=C;MT=Fixed	NT=Oxidation;AC=UNIMOD:35;TA=M;MT=Variable	NT=Acetyl;AC=UNIMOD:1;PP=Protein N-term;MT=Variable	NT=Phospho;AC=UNIMOD:21;TA=S,T,Y;MT=Variable	gun1-102 knockout	no lincomycin
GUN1-mFtsH	Arabidopsis thaliana	cotyledon	1	not applicable	no lincomycin	SDS-PAGE band located by FtsH western blot (mFtsH), in-gel digestion	not available	Col-0	grown on plates, 6 days after sowing	gun1-102 knockout	GUN1_mFtsH_FtsH5_inclusion	proteomic profiling by mass spectrometry	3	GUN1_mFtsH_FtsH5_inclusion.raw	v1.1.0	NT=ms-proteomics;VV=v1.1.0	NT=plants;VV=v1.1.0	manual curation	NT=Data-dependent acquisition;AC=PRIDE:0000627	NT=Q Exactive;AC=MS:1001911	NT=Trypsin;AC=MS:1001251	label free sample	1	NT=beam-type collision-induced dissociation;AC=MS:1000422	10 ppm	0.02 Da	NT=dithiothreitol (DTT);AC=PRIDE:0000608	NT=iodoacetamide (IAA);AC=PRIDE:0000599	NT=Carbamidomethyl;AC=UNIMOD:4;TA=C;MT=Fixed	NT=Oxidation;AC=UNIMOD:35;TA=M;MT=Variable	NT=Acetyl;AC=UNIMOD:1;PP=Protein N-term;MT=Variable	NT=Phospho;AC=UNIMOD:21;TA=S,T,Y;MT=Variable	gun1-102 knockout	no lincomycin
