source name	characteristics[organism]	characteristics[organism part]	characteristics[cell type]	characteristics[biological replicate]	characteristics[disease]	characteristics[material type]	characteristics[treatment]	characteristics[peptide]	assay name	technology type	comment[technical replicate]	comment[data file]	comment[sdrf version]	comment[sdrf template]	comment[sdrf annotation tool]	comment[proteomics data acquisition method]	comment[instrument]	comment[cleavage agent details]	comment[label]	comment[fraction identifier]	comment[dissociation method]	comment[collision energy]	comment[precursor mass tolerance]	comment[fragment mass tolerance]	comment[reduction reagent]	comment[alkylation reagent]	comment[modification parameters]	comment[modification parameters]	comment[modification parameters]	factor value[peptide]	factor value[treatment]
4754_S8_peptide_control1	Homo sapiens	not applicable	not applicable	1	not applicable	synthetic	no MPP (control reaction)	not available	Lumos_231023_19	proteomic profiling by mass spectrometry	1	Lumos_231023_19.raw	v1.1.0	NT=ms-proteomics;VV=v1.1.0	manual curation	NT=Data-dependent acquisition;AC=PRIDE:0000627	NT=Orbitrap Fusion Lumos;AC=MS:1002732	not applicable	label free sample	1	NT=beam-type collision-induced dissociation;AC=MS:1000422	30% NCE	5 ppm	0.02 Da	not available	not available	NT=Oxidation;AC=UNIMOD:35;TA=M;MT=Variable	not applicable	not applicable	not available	no MPP (control reaction)
4754_S7_peptide_control2	Homo sapiens	not applicable	not applicable	1	not applicable	synthetic	no MPP (control reaction)	not available	Lumos_231023_22	proteomic profiling by mass spectrometry	1	Lumos_231023_22.raw	v1.1.0	NT=ms-proteomics;VV=v1.1.0	manual curation	NT=Data-dependent acquisition;AC=PRIDE:0000627	NT=Orbitrap Fusion Lumos;AC=MS:1002732	not applicable	label free sample	1	NT=beam-type collision-induced dissociation;AC=MS:1000422	30% NCE	5 ppm	0.02 Da	not available	not available	NT=Oxidation;AC=UNIMOD:35;TA=M;MT=Variable	not applicable	not applicable	not available	no MPP (control reaction)
4754_S6_peptide_WT_MPP_MnCl2_0.1mM	Homo sapiens	not applicable	not applicable	1	not applicable	synthetic	recombinant MPP, 0.1 mM MnCl2, 30 C 1 h	wild-type TOP3A p.891-942 (KGRQF)	Lumos_231023_25	proteomic profiling by mass spectrometry	1	Lumos_231023_25.raw	v1.1.0	NT=ms-proteomics;VV=v1.1.0	manual curation	NT=Data-dependent acquisition;AC=PRIDE:0000627	NT=Orbitrap Fusion Lumos;AC=MS:1002732	not applicable	label free sample	1	NT=beam-type collision-induced dissociation;AC=MS:1000422	30% NCE	5 ppm	0.02 Da	not available	not available	NT=Oxidation;AC=UNIMOD:35;TA=M;MT=Variable	not applicable	not applicable	wild-type TOP3A p.891-942 (KGRQF)	recombinant MPP, 0.1 mM MnCl2, 30 C 1 h
4754_S5_peptide_WT_MPP_MnCl2_0.3mM	Homo sapiens	not applicable	not applicable	1	not applicable	synthetic	recombinant MPP, 0.3 mM MnCl2, 30 C 1 h	wild-type TOP3A p.891-942 (KGRQF)	Lumos_231023_28	proteomic profiling by mass spectrometry	1	Lumos_231023_28.raw	v1.1.0	NT=ms-proteomics;VV=v1.1.0	manual curation	NT=Data-dependent acquisition;AC=PRIDE:0000627	NT=Orbitrap Fusion Lumos;AC=MS:1002732	not applicable	label free sample	1	NT=beam-type collision-induced dissociation;AC=MS:1000422	30% NCE	5 ppm	0.02 Da	not available	not available	NT=Oxidation;AC=UNIMOD:35;TA=M;MT=Variable	not applicable	not applicable	wild-type TOP3A p.891-942 (KGRQF)	recombinant MPP, 0.3 mM MnCl2, 30 C 1 h
4754_S4_peptide_WT_MPP_MnCl2_0.5mM	Homo sapiens	not applicable	not applicable	1	not applicable	synthetic	recombinant MPP, 0.5 mM MnCl2, 30 C 1 h	wild-type TOP3A p.891-942 (KGRQF)	Lumos_231023_31	proteomic profiling by mass spectrometry	1	Lumos_231023_31.raw	v1.1.0	NT=ms-proteomics;VV=v1.1.0	manual curation	NT=Data-dependent acquisition;AC=PRIDE:0000627	NT=Orbitrap Fusion Lumos;AC=MS:1002732	not applicable	label free sample	1	NT=beam-type collision-induced dissociation;AC=MS:1000422	30% NCE	5 ppm	0.02 Da	not available	not available	NT=Oxidation;AC=UNIMOD:35;TA=M;MT=Variable	not applicable	not applicable	wild-type TOP3A p.891-942 (KGRQF)	recombinant MPP, 0.5 mM MnCl2, 30 C 1 h
4754_S3_peptide_KGRQ-AAAA_MPP_MnCl2_0.1mM	Homo sapiens	not applicable	not applicable	1	not applicable	synthetic	recombinant MPP, 0.1 mM MnCl2, 30 C 1 h	TOP3A p.891-942 KGRQ>AAAA	Lumos_231023_36	proteomic profiling by mass spectrometry	1	Lumos_231023_36.raw	v1.1.0	NT=ms-proteomics;VV=v1.1.0	manual curation	NT=Data-dependent acquisition;AC=PRIDE:0000627	NT=Orbitrap Fusion Lumos;AC=MS:1002732	not applicable	label free sample	1	NT=beam-type collision-induced dissociation;AC=MS:1000422	30% NCE	5 ppm	0.02 Da	not available	not available	NT=Oxidation;AC=UNIMOD:35;TA=M;MT=Variable	not applicable	not applicable	TOP3A p.891-942 KGRQ>AAAA	recombinant MPP, 0.1 mM MnCl2, 30 C 1 h
4754_S2_peptide_KGRQ-AAAA_MPP_MnCl2_0.3mM	Homo sapiens	not applicable	not applicable	1	not applicable	synthetic	recombinant MPP, 0.3 mM MnCl2, 30 C 1 h	TOP3A p.891-942 KGRQ>AAAA	Lumos_231023_39	proteomic profiling by mass spectrometry	1	Lumos_231023_39.raw	v1.1.0	NT=ms-proteomics;VV=v1.1.0	manual curation	NT=Data-dependent acquisition;AC=PRIDE:0000627	NT=Orbitrap Fusion Lumos;AC=MS:1002732	not applicable	label free sample	1	NT=beam-type collision-induced dissociation;AC=MS:1000422	30% NCE	5 ppm	0.02 Da	not available	not available	NT=Oxidation;AC=UNIMOD:35;TA=M;MT=Variable	not applicable	not applicable	TOP3A p.891-942 KGRQ>AAAA	recombinant MPP, 0.3 mM MnCl2, 30 C 1 h
4754_S1_peptide_KGRQ-AAAA_MPP_MnCl2_0.5mM	Homo sapiens	not applicable	not applicable	1	not applicable	synthetic	recombinant MPP, 0.5 mM MnCl2, 30 C 1 h	TOP3A p.891-942 KGRQ>AAAA	Lumos_231023_42	proteomic profiling by mass spectrometry	1	Lumos_231023_42.raw	v1.1.0	NT=ms-proteomics;VV=v1.1.0	manual curation	NT=Data-dependent acquisition;AC=PRIDE:0000627	NT=Orbitrap Fusion Lumos;AC=MS:1002732	not applicable	label free sample	1	NT=beam-type collision-induced dissociation;AC=MS:1000422	30% NCE	5 ppm	0.02 Da	not available	not available	NT=Oxidation;AC=UNIMOD:35;TA=M;MT=Variable	not applicable	not applicable	TOP3A p.891-942 KGRQ>AAAA	recombinant MPP, 0.5 mM MnCl2, 30 C 1 h
4860_peptideC_noMPP	Homo sapiens	not applicable	not applicable	1	not applicable	synthetic	no MPP (control reaction)	TOP3A p.891-942 KGRQF>AAAAA	QEHF_240216_23	proteomic profiling by mass spectrometry	1	QEHF_240216_23.raw	v1.1.0	NT=ms-proteomics;VV=v1.1.0	manual curation	NT=Data-dependent acquisition;AC=PRIDE:0000627	NT=Q Exactive HF;AC=MS:1002523	not applicable	label free sample	1	NT=beam-type collision-induced dissociation;AC=MS:1000422	28% NCE	10 ppm	0.02 Da	NT=dithiothreitol (DTT);AC=PRIDE:0000608	NT=iodoacetamide (IAA);AC=PRIDE:0000599	NT=Carbamidomethyl;AC=UNIMOD:4;TA=C;MT=Fixed	NT=Oxidation;AC=UNIMOD:35;TA=M;MT=Variable	NT=Label:13C(6)15N(4);AC=UNIMOD:267;TA=R;MT=Variable	TOP3A p.891-942 KGRQF>AAAAA	no MPP (control reaction)
4860_peptideB_noMPP	Homo sapiens	not applicable	not applicable	1	not applicable	synthetic	no MPP (control reaction)	TOP3A p.891-942 KGRQ>AAAA	QEHF_240216_27	proteomic profiling by mass spectrometry	1	QEHF_240216_27.raw	v1.1.0	NT=ms-proteomics;VV=v1.1.0	manual curation	NT=Data-dependent acquisition;AC=PRIDE:0000627	NT=Q Exactive HF;AC=MS:1002523	not applicable	label free sample	1	NT=beam-type collision-induced dissociation;AC=MS:1000422	28% NCE	10 ppm	0.02 Da	NT=dithiothreitol (DTT);AC=PRIDE:0000608	NT=iodoacetamide (IAA);AC=PRIDE:0000599	NT=Carbamidomethyl;AC=UNIMOD:4;TA=C;MT=Fixed	NT=Oxidation;AC=UNIMOD:35;TA=M;MT=Variable	NT=Label:13C(6)15N(4);AC=UNIMOD:267;TA=R;MT=Variable	TOP3A p.891-942 KGRQ>AAAA	no MPP (control reaction)
4860_peptideA_noMPP	Homo sapiens	not applicable	not applicable	1	not applicable	synthetic	no MPP (control reaction)	wild-type TOP3A p.891-942 (KGRQF)	QEHF_240216_31	proteomic profiling by mass spectrometry	1	QEHF_240216_31.raw	v1.1.0	NT=ms-proteomics;VV=v1.1.0	manual curation	NT=Data-dependent acquisition;AC=PRIDE:0000627	NT=Q Exactive HF;AC=MS:1002523	not applicable	label free sample	1	NT=beam-type collision-induced dissociation;AC=MS:1000422	28% NCE	10 ppm	0.02 Da	NT=dithiothreitol (DTT);AC=PRIDE:0000608	NT=iodoacetamide (IAA);AC=PRIDE:0000599	NT=Carbamidomethyl;AC=UNIMOD:4;TA=C;MT=Fixed	NT=Oxidation;AC=UNIMOD:35;TA=M;MT=Variable	NT=Label:13C(6)15N(4);AC=UNIMOD:267;TA=R;MT=Variable	wild-type TOP3A p.891-942 (KGRQF)	no MPP (control reaction)
4860_peptideC_MPP_0.7uM	Homo sapiens	not applicable	not applicable	1	not applicable	synthetic	recombinant MPP 0.7 uM, 30 C 1 h	TOP3A p.891-942 KGRQF>AAAAA	QEHF_240216_36	proteomic profiling by mass spectrometry	1	QEHF_240216_36.raw	v1.1.0	NT=ms-proteomics;VV=v1.1.0	manual curation	NT=Data-dependent acquisition;AC=PRIDE:0000627	NT=Q Exactive HF;AC=MS:1002523	not applicable	label free sample	1	NT=beam-type collision-induced dissociation;AC=MS:1000422	28% NCE	10 ppm	0.02 Da	NT=dithiothreitol (DTT);AC=PRIDE:0000608	NT=iodoacetamide (IAA);AC=PRIDE:0000599	NT=Carbamidomethyl;AC=UNIMOD:4;TA=C;MT=Fixed	NT=Oxidation;AC=UNIMOD:35;TA=M;MT=Variable	NT=Label:13C(6)15N(4);AC=UNIMOD:267;TA=R;MT=Variable	TOP3A p.891-942 KGRQF>AAAAA	recombinant MPP 0.7 uM, 30 C 1 h
4860_peptideC_MPP_2.1uM	Homo sapiens	not applicable	not applicable	1	not applicable	synthetic	recombinant MPP 2.1 uM, 30 C 1 h	TOP3A p.891-942 KGRQF>AAAAA	QEHF_240216_40	proteomic profiling by mass spectrometry	1	QEHF_240216_40.raw	v1.1.0	NT=ms-proteomics;VV=v1.1.0	manual curation	NT=Data-dependent acquisition;AC=PRIDE:0000627	NT=Q Exactive HF;AC=MS:1002523	not applicable	label free sample	1	NT=beam-type collision-induced dissociation;AC=MS:1000422	28% NCE	10 ppm	0.02 Da	NT=dithiothreitol (DTT);AC=PRIDE:0000608	NT=iodoacetamide (IAA);AC=PRIDE:0000599	NT=Carbamidomethyl;AC=UNIMOD:4;TA=C;MT=Fixed	NT=Oxidation;AC=UNIMOD:35;TA=M;MT=Variable	NT=Label:13C(6)15N(4);AC=UNIMOD:267;TA=R;MT=Variable	TOP3A p.891-942 KGRQF>AAAAA	recombinant MPP 2.1 uM, 30 C 1 h
4860_peptideB_MPP_0.7uM	Homo sapiens	not applicable	not applicable	1	not applicable	synthetic	recombinant MPP 0.7 uM, 30 C 1 h	TOP3A p.891-942 KGRQ>AAAA	QEHF_240216_45	proteomic profiling by mass spectrometry	1	QEHF_240216_45.raw	v1.1.0	NT=ms-proteomics;VV=v1.1.0	manual curation	NT=Data-dependent acquisition;AC=PRIDE:0000627	NT=Q Exactive HF;AC=MS:1002523	not applicable	label free sample	1	NT=beam-type collision-induced dissociation;AC=MS:1000422	28% NCE	10 ppm	0.02 Da	NT=dithiothreitol (DTT);AC=PRIDE:0000608	NT=iodoacetamide (IAA);AC=PRIDE:0000599	NT=Carbamidomethyl;AC=UNIMOD:4;TA=C;MT=Fixed	NT=Oxidation;AC=UNIMOD:35;TA=M;MT=Variable	NT=Label:13C(6)15N(4);AC=UNIMOD:267;TA=R;MT=Variable	TOP3A p.891-942 KGRQ>AAAA	recombinant MPP 0.7 uM, 30 C 1 h
4860_peptideB_MPP_2.1uM	Homo sapiens	not applicable	not applicable	1	not applicable	synthetic	recombinant MPP 2.1 uM, 30 C 1 h	TOP3A p.891-942 KGRQ>AAAA	QEHF_240216_49	proteomic profiling by mass spectrometry	1	QEHF_240216_49.raw	v1.1.0	NT=ms-proteomics;VV=v1.1.0	manual curation	NT=Data-dependent acquisition;AC=PRIDE:0000627	NT=Q Exactive HF;AC=MS:1002523	not applicable	label free sample	1	NT=beam-type collision-induced dissociation;AC=MS:1000422	28% NCE	10 ppm	0.02 Da	NT=dithiothreitol (DTT);AC=PRIDE:0000608	NT=iodoacetamide (IAA);AC=PRIDE:0000599	NT=Carbamidomethyl;AC=UNIMOD:4;TA=C;MT=Fixed	NT=Oxidation;AC=UNIMOD:35;TA=M;MT=Variable	NT=Label:13C(6)15N(4);AC=UNIMOD:267;TA=R;MT=Variable	TOP3A p.891-942 KGRQ>AAAA	recombinant MPP 2.1 uM, 30 C 1 h
4860_peptideA_MPP_0.7uM	Homo sapiens	not applicable	not applicable	1	not applicable	synthetic	recombinant MPP 0.7 uM, 30 C 1 h	wild-type TOP3A p.891-942 (KGRQF)	QEHF_240216_54	proteomic profiling by mass spectrometry	1	QEHF_240216_54.raw	v1.1.0	NT=ms-proteomics;VV=v1.1.0	manual curation	NT=Data-dependent acquisition;AC=PRIDE:0000627	NT=Q Exactive HF;AC=MS:1002523	not applicable	label free sample	1	NT=beam-type collision-induced dissociation;AC=MS:1000422	28% NCE	10 ppm	0.02 Da	NT=dithiothreitol (DTT);AC=PRIDE:0000608	NT=iodoacetamide (IAA);AC=PRIDE:0000599	NT=Carbamidomethyl;AC=UNIMOD:4;TA=C;MT=Fixed	NT=Oxidation;AC=UNIMOD:35;TA=M;MT=Variable	NT=Label:13C(6)15N(4);AC=UNIMOD:267;TA=R;MT=Variable	wild-type TOP3A p.891-942 (KGRQF)	recombinant MPP 0.7 uM, 30 C 1 h
4860_peptideA_MPP_2.1uM	Homo sapiens	not applicable	not applicable	1	not applicable	synthetic	recombinant MPP 2.1 uM, 30 C 1 h	wild-type TOP3A p.891-942 (KGRQF)	QEHF_240216_58	proteomic profiling by mass spectrometry	1	QEHF_240216_58.raw	v1.1.0	NT=ms-proteomics;VV=v1.1.0	manual curation	NT=Data-dependent acquisition;AC=PRIDE:0000627	NT=Q Exactive HF;AC=MS:1002523	not applicable	label free sample	1	NT=beam-type collision-induced dissociation;AC=MS:1000422	28% NCE	10 ppm	0.02 Da	NT=dithiothreitol (DTT);AC=PRIDE:0000608	NT=iodoacetamide (IAA);AC=PRIDE:0000599	NT=Carbamidomethyl;AC=UNIMOD:4;TA=C;MT=Fixed	NT=Oxidation;AC=UNIMOD:35;TA=M;MT=Variable	NT=Label:13C(6)15N(4);AC=UNIMOD:267;TA=R;MT=Variable	wild-type TOP3A p.891-942 (KGRQF)	recombinant MPP 2.1 uM, 30 C 1 h
4860_peptideB_MPP_0.7uM	Homo sapiens	not applicable	not applicable	1	not applicable	synthetic	recombinant MPP 0.7 uM, 30 C 1 h	TOP3A p.891-942 KGRQ>AAAA	QEHF_240219_09	proteomic profiling by mass spectrometry	2	QEHF_240219_09.raw	v1.1.0	NT=ms-proteomics;VV=v1.1.0	manual curation	NT=Parallel reaction monitoring;AC=PRIDE:0000629	NT=Q Exactive HF;AC=MS:1002523	not applicable	label free sample	1	NT=beam-type collision-induced dissociation;AC=MS:1000422	30% NCE	10 ppm	0.02 Da	NT=dithiothreitol (DTT);AC=PRIDE:0000608	NT=iodoacetamide (IAA);AC=PRIDE:0000599	NT=Carbamidomethyl;AC=UNIMOD:4;TA=C;MT=Fixed	NT=Oxidation;AC=UNIMOD:35;TA=M;MT=Variable	NT=Label:13C(6)15N(4);AC=UNIMOD:267;TA=R;MT=Variable	TOP3A p.891-942 KGRQ>AAAA	recombinant MPP 0.7 uM, 30 C 1 h
4860_peptideB_MPP_2.1uM	Homo sapiens	not applicable	not applicable	1	not applicable	synthetic	recombinant MPP 2.1 uM, 30 C 1 h	TOP3A p.891-942 KGRQ>AAAA	QEHF_240219_12	proteomic profiling by mass spectrometry	2	QEHF_240219_12.raw	v1.1.0	NT=ms-proteomics;VV=v1.1.0	manual curation	NT=Parallel reaction monitoring;AC=PRIDE:0000629	NT=Q Exactive HF;AC=MS:1002523	not applicable	label free sample	1	NT=beam-type collision-induced dissociation;AC=MS:1000422	30% NCE	10 ppm	0.02 Da	NT=dithiothreitol (DTT);AC=PRIDE:0000608	NT=iodoacetamide (IAA);AC=PRIDE:0000599	NT=Carbamidomethyl;AC=UNIMOD:4;TA=C;MT=Fixed	NT=Oxidation;AC=UNIMOD:35;TA=M;MT=Variable	NT=Label:13C(6)15N(4);AC=UNIMOD:267;TA=R;MT=Variable	TOP3A p.891-942 KGRQ>AAAA	recombinant MPP 2.1 uM, 30 C 1 h
4860_peptideA_MPP_0.7uM	Homo sapiens	not applicable	not applicable	1	not applicable	synthetic	recombinant MPP 0.7 uM, 30 C 1 h	wild-type TOP3A p.891-942 (KGRQF)	QEHF_240219_15	proteomic profiling by mass spectrometry	2	QEHF_240219_15.raw	v1.1.0	NT=ms-proteomics;VV=v1.1.0	manual curation	NT=Parallel reaction monitoring;AC=PRIDE:0000629	NT=Q Exactive HF;AC=MS:1002523	not applicable	label free sample	1	NT=beam-type collision-induced dissociation;AC=MS:1000422	30% NCE	10 ppm	0.02 Da	NT=dithiothreitol (DTT);AC=PRIDE:0000608	NT=iodoacetamide (IAA);AC=PRIDE:0000599	NT=Carbamidomethyl;AC=UNIMOD:4;TA=C;MT=Fixed	NT=Oxidation;AC=UNIMOD:35;TA=M;MT=Variable	NT=Label:13C(6)15N(4);AC=UNIMOD:267;TA=R;MT=Variable	wild-type TOP3A p.891-942 (KGRQF)	recombinant MPP 0.7 uM, 30 C 1 h
4860_peptideA_MPP_2.1uM	Homo sapiens	not applicable	not applicable	1	not applicable	synthetic	recombinant MPP 2.1 uM, 30 C 1 h	wild-type TOP3A p.891-942 (KGRQF)	QEHF_240219_18	proteomic profiling by mass spectrometry	2	QEHF_240219_18.raw	v1.1.0	NT=ms-proteomics;VV=v1.1.0	manual curation	NT=Parallel reaction monitoring;AC=PRIDE:0000629	NT=Q Exactive HF;AC=MS:1002523	not applicable	label free sample	1	NT=beam-type collision-induced dissociation;AC=MS:1000422	30% NCE	10 ppm	0.02 Da	NT=dithiothreitol (DTT);AC=PRIDE:0000608	NT=iodoacetamide (IAA);AC=PRIDE:0000599	NT=Carbamidomethyl;AC=UNIMOD:4;TA=C;MT=Fixed	NT=Oxidation;AC=UNIMOD:35;TA=M;MT=Variable	NT=Label:13C(6)15N(4);AC=UNIMOD:267;TA=R;MT=Variable	wild-type TOP3A p.891-942 (KGRQF)	recombinant MPP 2.1 uM, 30 C 1 h
