source name	characteristics[organism]	characteristics[organism part]	characteristics[cell type]	characteristics[biological replicate]	characteristics[disease]	characteristics[material type]	characteristics[treatment]	characteristics[enrichment process]	characteristics[age]	characteristics[sex]	characteristics[cell line]	characteristics[cellosaurus accession]	characteristics[cellosaurus name]	characteristics[culture medium]	assay name	technology type	comment[technical replicate]	comment[data file]	comment[sdrf version]	comment[sdrf template]	comment[sdrf template]	comment[sdrf template]	comment[sdrf annotation tool]	comment[proteomics data acquisition method]	comment[instrument]	comment[cleavage agent details]	comment[label]	comment[fraction identifier]	comment[dissociation method]	comment[precursor mass tolerance]	comment[fragment mass tolerance]	comment[reduction reagent]	comment[alkylation reagent]	comment[modification parameters]	comment[modification parameters]	comment[modification parameters]	factor value[sample group]
U2OS-TurboID-MYO10-A-rep1	Homo sapiens	bone	not available	1	osteosarcoma	cell line	not available	streptavidin pull-down of biotinylated proteins, SDS-PAGE gel slices	15Y	female	U2OS	CVCL_0042	U2OS	not available	200903_A1	proteomic profiling by mass spectrometry	1	200903_A1.raw	v1.1.0	NT=ms-proteomics;VV=v1.1.0	NT=human;VV=v1.1.0	NT=cell-lines;VV=v1.1.0	manual curation	NT=Data-dependent acquisition;AC=PRIDE:0000627	NT=Q Exactive HF;AC=MS:1002523	NT=Trypsin;AC=MS:1001251	label free sample	1	NT=beam-type collision-induced dissociation;AC=MS:1000422	10 ppm	0.02 Da	NT=dithiothreitol (DTT);AC=PRIDE:0000608	NT=iodoacetamide (IAA);AC=PRIDE:0000599	NT=Carbamidomethyl;AC=UNIMOD:4;TA=C;MT=Fixed	NT=Oxidation;AC=UNIMOD:35;TA=M;MT=Variable	NT=Acetyl;AC=UNIMOD:1;PP=Protein N-term;MT=Variable	A
U2OS-TurboID-MYO10-A-rep1	Homo sapiens	bone	not available	1	osteosarcoma	cell line	not available	streptavidin pull-down of biotinylated proteins, SDS-PAGE gel slices	15Y	female	U2OS	CVCL_0042	U2OS	not available	200903_A2	proteomic profiling by mass spectrometry	1	200903_A2.raw	v1.1.0	NT=ms-proteomics;VV=v1.1.0	NT=human;VV=v1.1.0	NT=cell-lines;VV=v1.1.0	manual curation	NT=Data-dependent acquisition;AC=PRIDE:0000627	NT=Q Exactive HF;AC=MS:1002523	NT=Trypsin;AC=MS:1001251	label free sample	2	NT=beam-type collision-induced dissociation;AC=MS:1000422	10 ppm	0.02 Da	NT=dithiothreitol (DTT);AC=PRIDE:0000608	NT=iodoacetamide (IAA);AC=PRIDE:0000599	NT=Carbamidomethyl;AC=UNIMOD:4;TA=C;MT=Fixed	NT=Oxidation;AC=UNIMOD:35;TA=M;MT=Variable	NT=Acetyl;AC=UNIMOD:1;PP=Protein N-term;MT=Variable	A
U2OS-TurboID-MYO10-B-rep1	Homo sapiens	bone	not available	1	osteosarcoma	cell line	not available	streptavidin pull-down of biotinylated proteins, SDS-PAGE gel slices	15Y	female	U2OS	CVCL_0042	U2OS	not available	200903_B1	proteomic profiling by mass spectrometry	1	200903_B1.raw	v1.1.0	NT=ms-proteomics;VV=v1.1.0	NT=human;VV=v1.1.0	NT=cell-lines;VV=v1.1.0	manual curation	NT=Data-dependent acquisition;AC=PRIDE:0000627	NT=Q Exactive HF;AC=MS:1002523	NT=Trypsin;AC=MS:1001251	label free sample	1	NT=beam-type collision-induced dissociation;AC=MS:1000422	10 ppm	0.02 Da	NT=dithiothreitol (DTT);AC=PRIDE:0000608	NT=iodoacetamide (IAA);AC=PRIDE:0000599	NT=Carbamidomethyl;AC=UNIMOD:4;TA=C;MT=Fixed	NT=Oxidation;AC=UNIMOD:35;TA=M;MT=Variable	NT=Acetyl;AC=UNIMOD:1;PP=Protein N-term;MT=Variable	B
U2OS-TurboID-MYO10-B-rep1	Homo sapiens	bone	not available	1	osteosarcoma	cell line	not available	streptavidin pull-down of biotinylated proteins, SDS-PAGE gel slices	15Y	female	U2OS	CVCL_0042	U2OS	not available	200903_B2	proteomic profiling by mass spectrometry	1	200903_B2.raw	v1.1.0	NT=ms-proteomics;VV=v1.1.0	NT=human;VV=v1.1.0	NT=cell-lines;VV=v1.1.0	manual curation	NT=Data-dependent acquisition;AC=PRIDE:0000627	NT=Q Exactive HF;AC=MS:1002523	NT=Trypsin;AC=MS:1001251	label free sample	2	NT=beam-type collision-induced dissociation;AC=MS:1000422	10 ppm	0.02 Da	NT=dithiothreitol (DTT);AC=PRIDE:0000608	NT=iodoacetamide (IAA);AC=PRIDE:0000599	NT=Carbamidomethyl;AC=UNIMOD:4;TA=C;MT=Fixed	NT=Oxidation;AC=UNIMOD:35;TA=M;MT=Variable	NT=Acetyl;AC=UNIMOD:1;PP=Protein N-term;MT=Variable	B
U2OS-TurboID-MYO10-A-rep2	Homo sapiens	bone	not available	2	osteosarcoma	cell line	not available	streptavidin pull-down of biotinylated proteins, SDS-PAGE gel slices	15Y	female	U2OS	CVCL_0042	U2OS	not available	200923_A1	proteomic profiling by mass spectrometry	1	200923_A1.raw	v1.1.0	NT=ms-proteomics;VV=v1.1.0	NT=human;VV=v1.1.0	NT=cell-lines;VV=v1.1.0	manual curation	NT=Data-dependent acquisition;AC=PRIDE:0000627	NT=Q Exactive HF;AC=MS:1002523	NT=Trypsin;AC=MS:1001251	label free sample	1	NT=beam-type collision-induced dissociation;AC=MS:1000422	10 ppm	0.02 Da	NT=dithiothreitol (DTT);AC=PRIDE:0000608	NT=iodoacetamide (IAA);AC=PRIDE:0000599	NT=Carbamidomethyl;AC=UNIMOD:4;TA=C;MT=Fixed	NT=Oxidation;AC=UNIMOD:35;TA=M;MT=Variable	NT=Acetyl;AC=UNIMOD:1;PP=Protein N-term;MT=Variable	A
U2OS-TurboID-MYO10-A-rep2	Homo sapiens	bone	not available	2	osteosarcoma	cell line	not available	streptavidin pull-down of biotinylated proteins, SDS-PAGE gel slices	15Y	female	U2OS	CVCL_0042	U2OS	not available	200923_A2	proteomic profiling by mass spectrometry	1	200923_A2.raw	v1.1.0	NT=ms-proteomics;VV=v1.1.0	NT=human;VV=v1.1.0	NT=cell-lines;VV=v1.1.0	manual curation	NT=Data-dependent acquisition;AC=PRIDE:0000627	NT=Q Exactive HF;AC=MS:1002523	NT=Trypsin;AC=MS:1001251	label free sample	2	NT=beam-type collision-induced dissociation;AC=MS:1000422	10 ppm	0.02 Da	NT=dithiothreitol (DTT);AC=PRIDE:0000608	NT=iodoacetamide (IAA);AC=PRIDE:0000599	NT=Carbamidomethyl;AC=UNIMOD:4;TA=C;MT=Fixed	NT=Oxidation;AC=UNIMOD:35;TA=M;MT=Variable	NT=Acetyl;AC=UNIMOD:1;PP=Protein N-term;MT=Variable	A
U2OS-TurboID-MYO10-B-rep2	Homo sapiens	bone	not available	2	osteosarcoma	cell line	not available	streptavidin pull-down of biotinylated proteins, SDS-PAGE gel slices	15Y	female	U2OS	CVCL_0042	U2OS	not available	200923_B1	proteomic profiling by mass spectrometry	1	200923_B1.raw	v1.1.0	NT=ms-proteomics;VV=v1.1.0	NT=human;VV=v1.1.0	NT=cell-lines;VV=v1.1.0	manual curation	NT=Data-dependent acquisition;AC=PRIDE:0000627	NT=Q Exactive HF;AC=MS:1002523	NT=Trypsin;AC=MS:1001251	label free sample	1	NT=beam-type collision-induced dissociation;AC=MS:1000422	10 ppm	0.02 Da	NT=dithiothreitol (DTT);AC=PRIDE:0000608	NT=iodoacetamide (IAA);AC=PRIDE:0000599	NT=Carbamidomethyl;AC=UNIMOD:4;TA=C;MT=Fixed	NT=Oxidation;AC=UNIMOD:35;TA=M;MT=Variable	NT=Acetyl;AC=UNIMOD:1;PP=Protein N-term;MT=Variable	B
U2OS-TurboID-MYO10-B-rep2	Homo sapiens	bone	not available	2	osteosarcoma	cell line	not available	streptavidin pull-down of biotinylated proteins, SDS-PAGE gel slices	15Y	female	U2OS	CVCL_0042	U2OS	not available	200923_B2	proteomic profiling by mass spectrometry	1	200923_B2.raw	v1.1.0	NT=ms-proteomics;VV=v1.1.0	NT=human;VV=v1.1.0	NT=cell-lines;VV=v1.1.0	manual curation	NT=Data-dependent acquisition;AC=PRIDE:0000627	NT=Q Exactive HF;AC=MS:1002523	NT=Trypsin;AC=MS:1001251	label free sample	2	NT=beam-type collision-induced dissociation;AC=MS:1000422	10 ppm	0.02 Da	NT=dithiothreitol (DTT);AC=PRIDE:0000608	NT=iodoacetamide (IAA);AC=PRIDE:0000599	NT=Carbamidomethyl;AC=UNIMOD:4;TA=C;MT=Fixed	NT=Oxidation;AC=UNIMOD:35;TA=M;MT=Variable	NT=Acetyl;AC=UNIMOD:1;PP=Protein N-term;MT=Variable	B
U2OS-TurboID-MYO10-A-rep3	Homo sapiens	bone	not available	3	osteosarcoma	cell line	not available	streptavidin pull-down of biotinylated proteins, SDS-PAGE gel slices	15Y	female	U2OS	CVCL_0042	U2OS	not available	201013_A1	proteomic profiling by mass spectrometry	1	201013_A1.raw	v1.1.0	NT=ms-proteomics;VV=v1.1.0	NT=human;VV=v1.1.0	NT=cell-lines;VV=v1.1.0	manual curation	NT=Data-dependent acquisition;AC=PRIDE:0000627	NT=Q Exactive HF;AC=MS:1002523	NT=Trypsin;AC=MS:1001251	label free sample	1	NT=beam-type collision-induced dissociation;AC=MS:1000422	10 ppm	0.02 Da	NT=dithiothreitol (DTT);AC=PRIDE:0000608	NT=iodoacetamide (IAA);AC=PRIDE:0000599	NT=Carbamidomethyl;AC=UNIMOD:4;TA=C;MT=Fixed	NT=Oxidation;AC=UNIMOD:35;TA=M;MT=Variable	NT=Acetyl;AC=UNIMOD:1;PP=Protein N-term;MT=Variable	A
U2OS-TurboID-MYO10-A-rep3	Homo sapiens	bone	not available	3	osteosarcoma	cell line	not available	streptavidin pull-down of biotinylated proteins, SDS-PAGE gel slices	15Y	female	U2OS	CVCL_0042	U2OS	not available	201014_A2	proteomic profiling by mass spectrometry	1	201014_A2.raw	v1.1.0	NT=ms-proteomics;VV=v1.1.0	NT=human;VV=v1.1.0	NT=cell-lines;VV=v1.1.0	manual curation	NT=Data-dependent acquisition;AC=PRIDE:0000627	NT=Q Exactive HF;AC=MS:1002523	NT=Trypsin;AC=MS:1001251	label free sample	2	NT=beam-type collision-induced dissociation;AC=MS:1000422	10 ppm	0.02 Da	NT=dithiothreitol (DTT);AC=PRIDE:0000608	NT=iodoacetamide (IAA);AC=PRIDE:0000599	NT=Carbamidomethyl;AC=UNIMOD:4;TA=C;MT=Fixed	NT=Oxidation;AC=UNIMOD:35;TA=M;MT=Variable	NT=Acetyl;AC=UNIMOD:1;PP=Protein N-term;MT=Variable	A
U2OS-TurboID-MYO10-B-rep3	Homo sapiens	bone	not available	3	osteosarcoma	cell line	not available	streptavidin pull-down of biotinylated proteins, SDS-PAGE gel slices	15Y	female	U2OS	CVCL_0042	U2OS	not available	201014_B1	proteomic profiling by mass spectrometry	1	201014_B1.raw	v1.1.0	NT=ms-proteomics;VV=v1.1.0	NT=human;VV=v1.1.0	NT=cell-lines;VV=v1.1.0	manual curation	NT=Data-dependent acquisition;AC=PRIDE:0000627	NT=Q Exactive HF;AC=MS:1002523	NT=Trypsin;AC=MS:1001251	label free sample	1	NT=beam-type collision-induced dissociation;AC=MS:1000422	10 ppm	0.02 Da	NT=dithiothreitol (DTT);AC=PRIDE:0000608	NT=iodoacetamide (IAA);AC=PRIDE:0000599	NT=Carbamidomethyl;AC=UNIMOD:4;TA=C;MT=Fixed	NT=Oxidation;AC=UNIMOD:35;TA=M;MT=Variable	NT=Acetyl;AC=UNIMOD:1;PP=Protein N-term;MT=Variable	B
U2OS-TurboID-MYO10-B-rep3	Homo sapiens	bone	not available	3	osteosarcoma	cell line	not available	streptavidin pull-down of biotinylated proteins, SDS-PAGE gel slices	15Y	female	U2OS	CVCL_0042	U2OS	not available	201014_B2	proteomic profiling by mass spectrometry	1	201014_B2.raw	v1.1.0	NT=ms-proteomics;VV=v1.1.0	NT=human;VV=v1.1.0	NT=cell-lines;VV=v1.1.0	manual curation	NT=Data-dependent acquisition;AC=PRIDE:0000627	NT=Q Exactive HF;AC=MS:1002523	NT=Trypsin;AC=MS:1001251	label free sample	2	NT=beam-type collision-induced dissociation;AC=MS:1000422	10 ppm	0.02 Da	NT=dithiothreitol (DTT);AC=PRIDE:0000608	NT=iodoacetamide (IAA);AC=PRIDE:0000599	NT=Carbamidomethyl;AC=UNIMOD:4;TA=C;MT=Fixed	NT=Oxidation;AC=UNIMOD:35;TA=M;MT=Variable	NT=Acetyl;AC=UNIMOD:1;PP=Protein N-term;MT=Variable	B
