source name	characteristics[organism]	characteristics[organism part]	characteristics[biological replicate]	characteristics[disease]	characteristics[material type]	characteristics[ancestry category]	characteristics[age]	characteristics[sex]	characteristics[developmental stage]	characteristics[individual]	assay name	technology type	comment[technical replicate]	comment[data file]	comment[sdrf version]	comment[sdrf template]	comment[sdrf template]	comment[sdrf template]	comment[sdrf annotation tool]	comment[proteomics data acquisition method]	comment[instrument]	comment[cleavage agent details]	comment[label]	comment[fraction identifier]	comment[dissociation method]	comment[collision energy]	comment[precursor mass tolerance]	comment[fragment mass tolerance]	comment[reduction reagent]	comment[alkylation reagent]	comment[modification parameters]	comment[scan window lower limit]	comment[scan window upper limit]	comment[isolation window width]	factor value[bait]	factor value[prey]
interactomeA-1	Homo sapiens	blood plasma	1	not available	organism part	not available	not available	not available	adult	pooled	DT_M2109_113_ud_S1	proteomic profiling by mass spectrometry	1	DT_M2109_113_ud_S1.raw	v1.1.0	NT=ms-proteomics;VV=v1.1.0	NT=human;VV=v1.1.0	NT=dia-acquisition;VV=v1.1.0	manual curation	Data-independent acquisition	NT=Q Exactive HF-X;AC=MS:1002877	NT=Trypsin;AC=MS:1001251	NT=label free sample;AC=MS:1002038	1	NT=beam-type collision-induced dissociation;AC=MS:1000422	30 NCE	not available	not available	NT=tris(2-carboxyethyl)phosphine (TCEP);AC=PRIDE:0000609	NT=iodoacetamide (IAA);AC=PRIDE:0000599	not available	390	1210	26	SLO	undiluted_plasma
interactomeA-2	Homo sapiens	blood plasma	2	not available	organism part	not available	not available	not available	adult	pooled	DT_M2109_114_ud_S2	proteomic profiling by mass spectrometry	1	DT_M2109_114_ud_S2.raw	v1.1.0	NT=ms-proteomics;VV=v1.1.0	NT=human;VV=v1.1.0	NT=dia-acquisition;VV=v1.1.0	manual curation	Data-independent acquisition	NT=Q Exactive HF-X;AC=MS:1002877	NT=Trypsin;AC=MS:1001251	NT=label free sample;AC=MS:1002038	1	NT=beam-type collision-induced dissociation;AC=MS:1000422	30 NCE	not available	not available	NT=tris(2-carboxyethyl)phosphine (TCEP);AC=PRIDE:0000609	NT=iodoacetamide (IAA);AC=PRIDE:0000599	not available	390	1210	26	SLO	undiluted_plasma
interactomeA-3	Homo sapiens	blood plasma	3	not available	organism part	not available	not available	not available	adult	pooled	DT_M2109_115_ud_S3	proteomic profiling by mass spectrometry	1	DT_M2109_115_ud_S3.raw	v1.1.0	NT=ms-proteomics;VV=v1.1.0	NT=human;VV=v1.1.0	NT=dia-acquisition;VV=v1.1.0	manual curation	Data-independent acquisition	NT=Q Exactive HF-X;AC=MS:1002877	NT=Trypsin;AC=MS:1001251	NT=label free sample;AC=MS:1002038	1	NT=beam-type collision-induced dissociation;AC=MS:1000422	30 NCE	not available	not available	NT=tris(2-carboxyethyl)phosphine (TCEP);AC=PRIDE:0000609	NT=iodoacetamide (IAA);AC=PRIDE:0000599	not available	390	1210	26	SLO	undiluted_plasma
interactomeA-4	Homo sapiens	blood plasma	1	not available	organism part	not available	not available	not available	adult	pooled	DT_M2109_118_ud_C1	proteomic profiling by mass spectrometry	1	DT_M2109_118_ud_C1.raw	v1.1.0	NT=ms-proteomics;VV=v1.1.0	NT=human;VV=v1.1.0	NT=dia-acquisition;VV=v1.1.0	manual curation	Data-independent acquisition	NT=Q Exactive HF-X;AC=MS:1002877	NT=Trypsin;AC=MS:1001251	NT=label free sample;AC=MS:1002038	1	NT=beam-type collision-induced dissociation;AC=MS:1000422	30 NCE	not available	not available	NT=tris(2-carboxyethyl)phosphine (TCEP);AC=PRIDE:0000609	NT=iodoacetamide (IAA);AC=PRIDE:0000599	not available	390	1210	26	C5AP	undiluted_plasma
interactomeA-5	Homo sapiens	blood plasma	2	not available	organism part	not available	not available	not available	adult	pooled	DT_M2109_119_ud_C2	proteomic profiling by mass spectrometry	1	DT_M2109_119_ud_C2.raw	v1.1.0	NT=ms-proteomics;VV=v1.1.0	NT=human;VV=v1.1.0	NT=dia-acquisition;VV=v1.1.0	manual curation	Data-independent acquisition	NT=Q Exactive HF-X;AC=MS:1002877	NT=Trypsin;AC=MS:1001251	NT=label free sample;AC=MS:1002038	1	NT=beam-type collision-induced dissociation;AC=MS:1000422	30 NCE	not available	not available	NT=tris(2-carboxyethyl)phosphine (TCEP);AC=PRIDE:0000609	NT=iodoacetamide (IAA);AC=PRIDE:0000599	not available	390	1210	26	C5AP	undiluted_plasma
interactomeA-6	Homo sapiens	blood plasma	3	not available	organism part	not available	not available	not available	adult	pooled	DT_M2109_120_ud_C3	proteomic profiling by mass spectrometry	1	DT_M2109_120_ud_C3.raw	v1.1.0	NT=ms-proteomics;VV=v1.1.0	NT=human;VV=v1.1.0	NT=dia-acquisition;VV=v1.1.0	manual curation	Data-independent acquisition	NT=Q Exactive HF-X;AC=MS:1002877	NT=Trypsin;AC=MS:1001251	NT=label free sample;AC=MS:1002038	1	NT=beam-type collision-induced dissociation;AC=MS:1000422	30 NCE	not available	not available	NT=tris(2-carboxyethyl)phosphine (TCEP);AC=PRIDE:0000609	NT=iodoacetamide (IAA);AC=PRIDE:0000599	not available	390	1210	26	C5AP	undiluted_plasma
interactomeA-7	Homo sapiens	blood plasma	1	not available	organism part	not available	not available	not available	adult	pooled	DT_M2109_109_ud_G1	proteomic profiling by mass spectrometry	1	DT_M2109_109_ud_G1.raw	v1.1.0	NT=ms-proteomics;VV=v1.1.0	NT=human;VV=v1.1.0	NT=dia-acquisition;VV=v1.1.0	manual curation	Data-independent acquisition	NT=Q Exactive HF-X;AC=MS:1002877	NT=Trypsin;AC=MS:1001251	NT=label free sample;AC=MS:1002038	1	NT=beam-type collision-induced dissociation;AC=MS:1000422	30 NCE	not available	not available	NT=tris(2-carboxyethyl)phosphine (TCEP);AC=PRIDE:0000609	NT=iodoacetamide (IAA);AC=PRIDE:0000599	not available	390	1210	26	GFP	undiluted_plasma
interactomeA-8	Homo sapiens	blood plasma	2	not available	organism part	not available	not available	not available	adult	pooled	DT_M2109_110_ud_G2	proteomic profiling by mass spectrometry	1	DT_M2109_110_ud_G2.raw	v1.1.0	NT=ms-proteomics;VV=v1.1.0	NT=human;VV=v1.1.0	NT=dia-acquisition;VV=v1.1.0	manual curation	Data-independent acquisition	NT=Q Exactive HF-X;AC=MS:1002877	NT=Trypsin;AC=MS:1001251	NT=label free sample;AC=MS:1002038	1	NT=beam-type collision-induced dissociation;AC=MS:1000422	30 NCE	not available	not available	NT=tris(2-carboxyethyl)phosphine (TCEP);AC=PRIDE:0000609	NT=iodoacetamide (IAA);AC=PRIDE:0000599	not available	390	1210	26	GFP	undiluted_plasma
interactomeA-9	Homo sapiens	blood plasma	3	not available	organism part	not available	not available	not available	adult	pooled	DT_M2109_111_ud_G3	proteomic profiling by mass spectrometry	1	DT_M2109_111_ud_G3.raw	v1.1.0	NT=ms-proteomics;VV=v1.1.0	NT=human;VV=v1.1.0	NT=dia-acquisition;VV=v1.1.0	manual curation	Data-independent acquisition	NT=Q Exactive HF-X;AC=MS:1002877	NT=Trypsin;AC=MS:1001251	NT=label free sample;AC=MS:1002038	1	NT=beam-type collision-induced dissociation;AC=MS:1000422	30 NCE	not available	not available	NT=tris(2-carboxyethyl)phosphine (TCEP);AC=PRIDE:0000609	NT=iodoacetamide (IAA);AC=PRIDE:0000599	not available	390	1210	26	GFP	undiluted_plasma
interactomeA-10	Homo sapiens	blood plasma	1	not available	organism part	not available	not available	not available	adult	pooled	DT_M2109_128_50d_S1	proteomic profiling by mass spectrometry	1	DT_M2109_128_50d_S1.raw	v1.1.0	NT=ms-proteomics;VV=v1.1.0	NT=human;VV=v1.1.0	NT=dia-acquisition;VV=v1.1.0	manual curation	Data-independent acquisition	NT=Q Exactive HF-X;AC=MS:1002877	NT=Trypsin;AC=MS:1001251	NT=label free sample;AC=MS:1002038	1	NT=beam-type collision-induced dissociation;AC=MS:1000422	30 NCE	not available	not available	NT=tris(2-carboxyethyl)phosphine (TCEP);AC=PRIDE:0000609	NT=iodoacetamide (IAA);AC=PRIDE:0000599	not available	390	1210	26	SLO	50percentdiluted_plasma
interactomeA-11	Homo sapiens	blood plasma	2	not available	organism part	not available	not available	not available	adult	pooled	DT_M2109_129_50d_S2	proteomic profiling by mass spectrometry	1	DT_M2109_129_50d_S2.raw	v1.1.0	NT=ms-proteomics;VV=v1.1.0	NT=human;VV=v1.1.0	NT=dia-acquisition;VV=v1.1.0	manual curation	Data-independent acquisition	NT=Q Exactive HF-X;AC=MS:1002877	NT=Trypsin;AC=MS:1001251	NT=label free sample;AC=MS:1002038	1	NT=beam-type collision-induced dissociation;AC=MS:1000422	30 NCE	not available	not available	NT=tris(2-carboxyethyl)phosphine (TCEP);AC=PRIDE:0000609	NT=iodoacetamide (IAA);AC=PRIDE:0000599	not available	390	1210	26	SLO	50percentdiluted_plasma
interactomeA-12	Homo sapiens	blood plasma	3	not available	organism part	not available	not available	not available	adult	pooled	DT_M2109_130_50d_S3	proteomic profiling by mass spectrometry	1	DT_M2109_130_50d_S3.raw	v1.1.0	NT=ms-proteomics;VV=v1.1.0	NT=human;VV=v1.1.0	NT=dia-acquisition;VV=v1.1.0	manual curation	Data-independent acquisition	NT=Q Exactive HF-X;AC=MS:1002877	NT=Trypsin;AC=MS:1001251	NT=label free sample;AC=MS:1002038	1	NT=beam-type collision-induced dissociation;AC=MS:1000422	30 NCE	not available	not available	NT=tris(2-carboxyethyl)phosphine (TCEP);AC=PRIDE:0000609	NT=iodoacetamide (IAA);AC=PRIDE:0000599	not available	390	1210	26	SLO	50percentdiluted_plasma
interactomeA-13	Homo sapiens	blood plasma	1	not available	organism part	not available	not available	not available	adult	pooled	DT_M2109_133_50d_C1	proteomic profiling by mass spectrometry	1	DT_M2109_133_50d_C1.raw	v1.1.0	NT=ms-proteomics;VV=v1.1.0	NT=human;VV=v1.1.0	NT=dia-acquisition;VV=v1.1.0	manual curation	Data-independent acquisition	NT=Q Exactive HF-X;AC=MS:1002877	NT=Trypsin;AC=MS:1001251	NT=label free sample;AC=MS:1002038	1	NT=beam-type collision-induced dissociation;AC=MS:1000422	30 NCE	not available	not available	NT=tris(2-carboxyethyl)phosphine (TCEP);AC=PRIDE:0000609	NT=iodoacetamide (IAA);AC=PRIDE:0000599	not available	390	1210	26	C5AP	50percentdiluted_plasma
interactomeA-14	Homo sapiens	blood plasma	2	not available	organism part	not available	not available	not available	adult	pooled	DT_M2109_134_50d_C2	proteomic profiling by mass spectrometry	1	DT_M2109_134_50d_C2.raw	v1.1.0	NT=ms-proteomics;VV=v1.1.0	NT=human;VV=v1.1.0	NT=dia-acquisition;VV=v1.1.0	manual curation	Data-independent acquisition	NT=Q Exactive HF-X;AC=MS:1002877	NT=Trypsin;AC=MS:1001251	NT=label free sample;AC=MS:1002038	1	NT=beam-type collision-induced dissociation;AC=MS:1000422	30 NCE	not available	not available	NT=tris(2-carboxyethyl)phosphine (TCEP);AC=PRIDE:0000609	NT=iodoacetamide (IAA);AC=PRIDE:0000599	not available	390	1210	26	C5AP	50percentdiluted_plasma
interactomeA-15	Homo sapiens	blood plasma	3	not available	organism part	not available	not available	not available	adult	pooled	DT_M2109_135_50d_C3	proteomic profiling by mass spectrometry	1	DT_M2109_135_50d_C3.raw	v1.1.0	NT=ms-proteomics;VV=v1.1.0	NT=human;VV=v1.1.0	NT=dia-acquisition;VV=v1.1.0	manual curation	Data-independent acquisition	NT=Q Exactive HF-X;AC=MS:1002877	NT=Trypsin;AC=MS:1001251	NT=label free sample;AC=MS:1002038	1	NT=beam-type collision-induced dissociation;AC=MS:1000422	30 NCE	not available	not available	NT=tris(2-carboxyethyl)phosphine (TCEP);AC=PRIDE:0000609	NT=iodoacetamide (IAA);AC=PRIDE:0000599	not available	390	1210	26	C5AP	50percentdiluted_plasma
interactomeA-16	Homo sapiens	blood plasma	1	not available	organism part	not available	not available	not available	adult	pooled	DT_M2109_124_50d_G1	proteomic profiling by mass spectrometry	1	DT_M2109_124_50d_G1.raw	v1.1.0	NT=ms-proteomics;VV=v1.1.0	NT=human;VV=v1.1.0	NT=dia-acquisition;VV=v1.1.0	manual curation	Data-independent acquisition	NT=Q Exactive HF-X;AC=MS:1002877	NT=Trypsin;AC=MS:1001251	NT=label free sample;AC=MS:1002038	1	NT=beam-type collision-induced dissociation;AC=MS:1000422	30 NCE	not available	not available	NT=tris(2-carboxyethyl)phosphine (TCEP);AC=PRIDE:0000609	NT=iodoacetamide (IAA);AC=PRIDE:0000599	not available	390	1210	26	GFP	50percentdiluted_plasma
interactomeA-17	Homo sapiens	blood plasma	2	not available	organism part	not available	not available	not available	adult	pooled	DT_M2109_125_50d_G2	proteomic profiling by mass spectrometry	1	DT_M2109_125_50d_G2.raw	v1.1.0	NT=ms-proteomics;VV=v1.1.0	NT=human;VV=v1.1.0	NT=dia-acquisition;VV=v1.1.0	manual curation	Data-independent acquisition	NT=Q Exactive HF-X;AC=MS:1002877	NT=Trypsin;AC=MS:1001251	NT=label free sample;AC=MS:1002038	1	NT=beam-type collision-induced dissociation;AC=MS:1000422	30 NCE	not available	not available	NT=tris(2-carboxyethyl)phosphine (TCEP);AC=PRIDE:0000609	NT=iodoacetamide (IAA);AC=PRIDE:0000599	not available	390	1210	26	GFP	50percentdiluted_plasma
interactomeA-18	Homo sapiens	blood plasma	3	not available	organism part	not available	not available	not available	adult	pooled	DT_M2109_126_50d_G3	proteomic profiling by mass spectrometry	1	DT_M2109_126_50d_G3.raw	v1.1.0	NT=ms-proteomics;VV=v1.1.0	NT=human;VV=v1.1.0	NT=dia-acquisition;VV=v1.1.0	manual curation	Data-independent acquisition	NT=Q Exactive HF-X;AC=MS:1002877	NT=Trypsin;AC=MS:1001251	NT=label free sample;AC=MS:1002038	1	NT=beam-type collision-induced dissociation;AC=MS:1000422	30 NCE	not available	not available	NT=tris(2-carboxyethyl)phosphine (TCEP);AC=PRIDE:0000609	NT=iodoacetamide (IAA);AC=PRIDE:0000599	not available	390	1210	26	GFP	50percentdiluted_plasma
interactomeA-19	Homo sapiens	saliva	1	not available	organism part	not available	not available	not available	adult	pooled	DT_M2109_098_S1	proteomic profiling by mass spectrometry	1	DT_M2109_098_S1.raw	v1.1.0	NT=ms-proteomics;VV=v1.1.0	NT=human;VV=v1.1.0	NT=dia-acquisition;VV=v1.1.0	manual curation	Data-independent acquisition	NT=Q Exactive HF-X;AC=MS:1002877	NT=Trypsin;AC=MS:1001251	NT=label free sample;AC=MS:1002038	1	NT=beam-type collision-induced dissociation;AC=MS:1000422	30 NCE	not available	not available	NT=tris(2-carboxyethyl)phosphine (TCEP);AC=PRIDE:0000609	NT=iodoacetamide (IAA);AC=PRIDE:0000599	not available	390	1210	26	SLO	undiluted_saliva
interactomeA-20	Homo sapiens	saliva	2	not available	organism part	not available	not available	not available	adult	pooled	DT_M2109_099_S2	proteomic profiling by mass spectrometry	1	DT_M2109_099_S2.raw	v1.1.0	NT=ms-proteomics;VV=v1.1.0	NT=human;VV=v1.1.0	NT=dia-acquisition;VV=v1.1.0	manual curation	Data-independent acquisition	NT=Q Exactive HF-X;AC=MS:1002877	NT=Trypsin;AC=MS:1001251	NT=label free sample;AC=MS:1002038	1	NT=beam-type collision-induced dissociation;AC=MS:1000422	30 NCE	not available	not available	NT=tris(2-carboxyethyl)phosphine (TCEP);AC=PRIDE:0000609	NT=iodoacetamide (IAA);AC=PRIDE:0000599	not available	390	1210	26	SLO	undiluted_saliva
interactomeA-21	Homo sapiens	saliva	3	not available	organism part	not available	not available	not available	adult	pooled	DT_M2109_100_S3	proteomic profiling by mass spectrometry	1	DT_M2109_100_S3.raw	v1.1.0	NT=ms-proteomics;VV=v1.1.0	NT=human;VV=v1.1.0	NT=dia-acquisition;VV=v1.1.0	manual curation	Data-independent acquisition	NT=Q Exactive HF-X;AC=MS:1002877	NT=Trypsin;AC=MS:1001251	NT=label free sample;AC=MS:1002038	1	NT=beam-type collision-induced dissociation;AC=MS:1000422	30 NCE	not available	not available	NT=tris(2-carboxyethyl)phosphine (TCEP);AC=PRIDE:0000609	NT=iodoacetamide (IAA);AC=PRIDE:0000599	not available	390	1210	26	SLO	undiluted_saliva
interactomeA-22	Homo sapiens	saliva	1	not available	organism part	not available	not available	not available	adult	pooled	DT_M2109_103_C1	proteomic profiling by mass spectrometry	1	DT_M2109_103_C1.raw	v1.1.0	NT=ms-proteomics;VV=v1.1.0	NT=human;VV=v1.1.0	NT=dia-acquisition;VV=v1.1.0	manual curation	Data-independent acquisition	NT=Q Exactive HF-X;AC=MS:1002877	NT=Trypsin;AC=MS:1001251	NT=label free sample;AC=MS:1002038	1	NT=beam-type collision-induced dissociation;AC=MS:1000422	30 NCE	not available	not available	NT=tris(2-carboxyethyl)phosphine (TCEP);AC=PRIDE:0000609	NT=iodoacetamide (IAA);AC=PRIDE:0000599	not available	390	1210	26	C5AP	undiluted_saliva
interactomeA-23	Homo sapiens	saliva	2	not available	organism part	not available	not available	not available	adult	pooled	DT_M2109_104_C2	proteomic profiling by mass spectrometry	1	DT_M2109_104_C2.raw	v1.1.0	NT=ms-proteomics;VV=v1.1.0	NT=human;VV=v1.1.0	NT=dia-acquisition;VV=v1.1.0	manual curation	Data-independent acquisition	NT=Q Exactive HF-X;AC=MS:1002877	NT=Trypsin;AC=MS:1001251	NT=label free sample;AC=MS:1002038	1	NT=beam-type collision-induced dissociation;AC=MS:1000422	30 NCE	not available	not available	NT=tris(2-carboxyethyl)phosphine (TCEP);AC=PRIDE:0000609	NT=iodoacetamide (IAA);AC=PRIDE:0000599	not available	390	1210	26	C5AP	undiluted_saliva
interactomeA-24	Homo sapiens	saliva	3	not available	organism part	not available	not available	not available	adult	pooled	DT_M2109_105_C3	proteomic profiling by mass spectrometry	1	DT_M2109_105_C3.raw	v1.1.0	NT=ms-proteomics;VV=v1.1.0	NT=human;VV=v1.1.0	NT=dia-acquisition;VV=v1.1.0	manual curation	Data-independent acquisition	NT=Q Exactive HF-X;AC=MS:1002877	NT=Trypsin;AC=MS:1001251	NT=label free sample;AC=MS:1002038	1	NT=beam-type collision-induced dissociation;AC=MS:1000422	30 NCE	not available	not available	NT=tris(2-carboxyethyl)phosphine (TCEP);AC=PRIDE:0000609	NT=iodoacetamide (IAA);AC=PRIDE:0000599	not available	390	1210	26	C5AP	undiluted_saliva
interactomeA-25	Homo sapiens	saliva	1	not available	organism part	not available	not available	not available	adult	pooled	DT_M2109_094_G1	proteomic profiling by mass spectrometry	1	DT_M2109_094_G1.raw	v1.1.0	NT=ms-proteomics;VV=v1.1.0	NT=human;VV=v1.1.0	NT=dia-acquisition;VV=v1.1.0	manual curation	Data-independent acquisition	NT=Q Exactive HF-X;AC=MS:1002877	NT=Trypsin;AC=MS:1001251	NT=label free sample;AC=MS:1002038	1	NT=beam-type collision-induced dissociation;AC=MS:1000422	30 NCE	not available	not available	NT=tris(2-carboxyethyl)phosphine (TCEP);AC=PRIDE:0000609	NT=iodoacetamide (IAA);AC=PRIDE:0000599	not available	390	1210	26	GFP	undiluted_saliva
interactomeA-26	Homo sapiens	saliva	2	not available	organism part	not available	not available	not available	adult	pooled	DT_M2109_095_G2	proteomic profiling by mass spectrometry	1	DT_M2109_095_G2.raw	v1.1.0	NT=ms-proteomics;VV=v1.1.0	NT=human;VV=v1.1.0	NT=dia-acquisition;VV=v1.1.0	manual curation	Data-independent acquisition	NT=Q Exactive HF-X;AC=MS:1002877	NT=Trypsin;AC=MS:1001251	NT=label free sample;AC=MS:1002038	1	NT=beam-type collision-induced dissociation;AC=MS:1000422	30 NCE	not available	not available	NT=tris(2-carboxyethyl)phosphine (TCEP);AC=PRIDE:0000609	NT=iodoacetamide (IAA);AC=PRIDE:0000599	not available	390	1210	26	GFP	undiluted_saliva
interactomeA-27	Homo sapiens	saliva	3	not available	organism part	not available	not available	not available	adult	pooled	DT_M2109_096_G3	proteomic profiling by mass spectrometry	1	DT_M2109_096_G3.raw	v1.1.0	NT=ms-proteomics;VV=v1.1.0	NT=human;VV=v1.1.0	NT=dia-acquisition;VV=v1.1.0	manual curation	Data-independent acquisition	NT=Q Exactive HF-X;AC=MS:1002877	NT=Trypsin;AC=MS:1001251	NT=label free sample;AC=MS:1002038	1	NT=beam-type collision-induced dissociation;AC=MS:1000422	30 NCE	not available	not available	NT=tris(2-carboxyethyl)phosphine (TCEP);AC=PRIDE:0000609	NT=iodoacetamide (IAA);AC=PRIDE:0000599	not available	390	1210	26	GFP	undiluted_saliva
