source name	characteristics[organism]	characteristics[organism part]	characteristics[cell type]	characteristics[biological replicate]	characteristics[disease]	characteristics[material type]	characteristics[sampling time]	characteristics[ancestry category]	characteristics[age]	characteristics[sex]	characteristics[individual]	assay name	technology type	comment[technical replicate]	comment[data file]	comment[sdrf version]	comment[sdrf template]	comment[sdrf template]	comment[sdrf annotation tool]	comment[proteomics data acquisition method]	comment[instrument]	comment[cleavage agent details]	comment[label]	comment[fraction identifier]	comment[dissociation method]	comment[precursor mass tolerance]	comment[fragment mass tolerance]	comment[modification parameters]	factor value[bacterial infection]
human-2101-wound-1-day-3	Homo sapiens	wound fluid	not available	2101	not available	organism part	3 day	not available	not available	not available	2101	human_sample_1	proteomic profiling by mass spectrometry	1	human_sample_1.zip	v1.1.0	NT=ms-proteomics;VV=v1.1.0	NT=human;VV=v1.1.0	manual curation	NT=Data-dependent acquisition;AC=PRIDE:0000627	NT=timsTOF Pro;AC=MS:1002817	not applicable	label free sample	1	not available	20 ppm	0.03 Da	NT=Oxidation;AC=UNIMOD:35;TA=M;MT=Variable	S. aureus
human-2101-wound-2-day-3	Homo sapiens	wound fluid	not available	2101	not available	organism part	3 day	not available	not available	not available	2101	human_sample_2	proteomic profiling by mass spectrometry	1	human_sample_2.zip	v1.1.0	NT=ms-proteomics;VV=v1.1.0	NT=human;VV=v1.1.0	manual curation	NT=Data-dependent acquisition;AC=PRIDE:0000627	NT=timsTOF Pro;AC=MS:1002817	not applicable	label free sample	1	not available	20 ppm	0.03 Da	NT=Oxidation;AC=UNIMOD:35;TA=M;MT=Variable	S. aureus
human-2101-wound-1-day-8	Homo sapiens	wound fluid	not available	2101	not available	organism part	8 day	not available	not available	not available	2101	human_sample_3	proteomic profiling by mass spectrometry	1	human_sample_3.zip	v1.1.0	NT=ms-proteomics;VV=v1.1.0	NT=human;VV=v1.1.0	manual curation	NT=Data-dependent acquisition;AC=PRIDE:0000627	NT=timsTOF Pro;AC=MS:1002817	not applicable	label free sample	1	not available	20 ppm	0.03 Da	NT=Oxidation;AC=UNIMOD:35;TA=M;MT=Variable	S. aureus
human-2101-wound-2-day-8	Homo sapiens	wound fluid	not available	2101	not available	organism part	8 day	not available	not available	not available	2101	human_sample_4	proteomic profiling by mass spectrometry	1	human_sample_4.zip	v1.1.0	NT=ms-proteomics;VV=v1.1.0	NT=human;VV=v1.1.0	manual curation	NT=Data-dependent acquisition;AC=PRIDE:0000627	NT=timsTOF Pro;AC=MS:1002817	not applicable	label free sample	1	not available	20 ppm	0.03 Da	NT=Oxidation;AC=UNIMOD:35;TA=M;MT=Variable	S. aureus
human-2104-wound-1-day-3	Homo sapiens	wound fluid	not available	2104	not available	organism part	3 day	not available	not available	not available	2104	human_sample_5	proteomic profiling by mass spectrometry	1	human_sample_5.zip	v1.1.0	NT=ms-proteomics;VV=v1.1.0	NT=human;VV=v1.1.0	manual curation	NT=Data-dependent acquisition;AC=PRIDE:0000627	NT=timsTOF Pro;AC=MS:1002817	not applicable	label free sample	1	not available	20 ppm	0.03 Da	NT=Oxidation;AC=UNIMOD:35;TA=M;MT=Variable	S. aureus
human-2104-wound-2-day-3	Homo sapiens	wound fluid	not available	2104	not available	organism part	3 day	not available	not available	not available	2104	human_sample_6	proteomic profiling by mass spectrometry	1	human_sample_6.zip	v1.1.0	NT=ms-proteomics;VV=v1.1.0	NT=human;VV=v1.1.0	manual curation	NT=Data-dependent acquisition;AC=PRIDE:0000627	NT=timsTOF Pro;AC=MS:1002817	not applicable	label free sample	1	not available	20 ppm	0.03 Da	NT=Oxidation;AC=UNIMOD:35;TA=M;MT=Variable	S. aureus
human-2104-wound-1-day-8	Homo sapiens	wound fluid	not available	2104	not available	organism part	8 day	not available	not available	not available	2104	human_sample_7	proteomic profiling by mass spectrometry	1	human_sample_7.zip	v1.1.0	NT=ms-proteomics;VV=v1.1.0	NT=human;VV=v1.1.0	manual curation	NT=Data-dependent acquisition;AC=PRIDE:0000627	NT=timsTOF Pro;AC=MS:1002817	not applicable	label free sample	1	not available	20 ppm	0.03 Da	NT=Oxidation;AC=UNIMOD:35;TA=M;MT=Variable	S. aureus
human-2104-wound-2-day-8	Homo sapiens	wound fluid	not available	2104	not available	organism part	8 day	not available	not available	not available	2104	human_sample_8	proteomic profiling by mass spectrometry	1	human_sample_8.zip	v1.1.0	NT=ms-proteomics;VV=v1.1.0	NT=human;VV=v1.1.0	manual curation	NT=Data-dependent acquisition;AC=PRIDE:0000627	NT=timsTOF Pro;AC=MS:1002817	not applicable	label free sample	1	not available	20 ppm	0.03 Da	NT=Oxidation;AC=UNIMOD:35;TA=M;MT=Variable	S. aureus
human-2103-wound-1-day-3	Homo sapiens	wound fluid	not available	2103	not available	organism part	3 day	not available	not available	not available	2103	human_sample_9	proteomic profiling by mass spectrometry	1	human_sample_9.zip	v1.1.0	NT=ms-proteomics;VV=v1.1.0	NT=human;VV=v1.1.0	manual curation	NT=Data-dependent acquisition;AC=PRIDE:0000627	NT=timsTOF Pro;AC=MS:1002817	not applicable	label free sample	1	not available	20 ppm	0.03 Da	NT=Oxidation;AC=UNIMOD:35;TA=M;MT=Variable	P. aeruginosa MALDI+ Zymo-
human-2103-wound-1-day-8	Homo sapiens	wound fluid	not available	2103	not available	organism part	8 day	not available	not available	not available	2103	human_sample_10	proteomic profiling by mass spectrometry	1	human_sample_10.zip	v1.1.0	NT=ms-proteomics;VV=v1.1.0	NT=human;VV=v1.1.0	manual curation	NT=Data-dependent acquisition;AC=PRIDE:0000627	NT=timsTOF Pro;AC=MS:1002817	not applicable	label free sample	1	not available	20 ppm	0.03 Da	NT=Oxidation;AC=UNIMOD:35;TA=M;MT=Variable	P. aeruginosa
human-2105-wound-2-day-15	Homo sapiens	wound fluid	not available	2105	not available	organism part	15 day	not available	not available	not available	2105	human_sample_11	proteomic profiling by mass spectrometry	1	human_sample_11.zip	v1.1.0	NT=ms-proteomics;VV=v1.1.0	NT=human;VV=v1.1.0	manual curation	NT=Data-dependent acquisition;AC=PRIDE:0000627	NT=timsTOF Pro;AC=MS:1002817	not applicable	label free sample	1	not available	20 ppm	0.03 Da	NT=Oxidation;AC=UNIMOD:35;TA=M;MT=Variable	P. aeruginosa
human-2105-wound-2-day-17	Homo sapiens	wound fluid	not available	2105	not available	organism part	17 day	not available	not available	not available	2105	human_sample_12	proteomic profiling by mass spectrometry	1	human_sample_12.zip	v1.1.0	NT=ms-proteomics;VV=v1.1.0	NT=human;VV=v1.1.0	manual curation	NT=Data-dependent acquisition;AC=PRIDE:0000627	NT=timsTOF Pro;AC=MS:1002817	not applicable	label free sample	1	not available	20 ppm	0.03 Da	NT=Oxidation;AC=UNIMOD:35;TA=M;MT=Variable	P. aeruginosa
human-2105-wound-2-day-22	Homo sapiens	wound fluid	not available	2105	not available	organism part	22 day	not available	not available	not available	2105	human_sample_13	proteomic profiling by mass spectrometry	1	human_sample_13.zip	v1.1.0	NT=ms-proteomics;VV=v1.1.0	NT=human;VV=v1.1.0	manual curation	NT=Data-dependent acquisition;AC=PRIDE:0000627	NT=timsTOF Pro;AC=MS:1002817	not applicable	label free sample	1	not available	20 ppm	0.03 Da	NT=Oxidation;AC=UNIMOD:35;TA=M;MT=Variable	P. aeruginosa
human-2105-wound-2-day-24	Homo sapiens	wound fluid	not available	2105	not available	organism part	24 day	not available	not available	not available	2105	human_sample_14	proteomic profiling by mass spectrometry	1	human_sample_14.zip	v1.1.0	NT=ms-proteomics;VV=v1.1.0	NT=human;VV=v1.1.0	manual curation	NT=Data-dependent acquisition;AC=PRIDE:0000627	NT=timsTOF Pro;AC=MS:1002817	not applicable	label free sample	1	not available	20 ppm	0.03 Da	NT=Oxidation;AC=UNIMOD:35;TA=M;MT=Variable	P. aeruginosa
human-2105-wound-2-day-29	Homo sapiens	wound fluid	not available	2105	not available	organism part	29 day	not available	not available	not available	2105	human_sample_15	proteomic profiling by mass spectrometry	1	human_sample_15.zip	v1.1.0	NT=ms-proteomics;VV=v1.1.0	NT=human;VV=v1.1.0	manual curation	NT=Data-dependent acquisition;AC=PRIDE:0000627	NT=timsTOF Pro;AC=MS:1002817	not applicable	label free sample	1	not available	20 ppm	0.03 Da	NT=Oxidation;AC=UNIMOD:35;TA=M;MT=Variable	P. aeruginosa after antibiotics
human-2105-wound-2-day-31	Homo sapiens	wound fluid	not available	2105	not available	organism part	31 day	not available	not available	not available	2105	human_sample_16	proteomic profiling by mass spectrometry	1	human_sample_16.zip	v1.1.0	NT=ms-proteomics;VV=v1.1.0	NT=human;VV=v1.1.0	manual curation	NT=Data-dependent acquisition;AC=PRIDE:0000627	NT=timsTOF Pro;AC=MS:1002817	not applicable	label free sample	1	not available	20 ppm	0.03 Da	NT=Oxidation;AC=UNIMOD:35;TA=M;MT=Variable	P. aeruginosa after antibiotics
human-2105-wound-1-day-8	Homo sapiens	wound fluid	not available	2105	not available	organism part	8 day	not available	not available	not available	2105	human_sample_17	proteomic profiling by mass spectrometry	1	human_sample_17.zip	v1.1.0	NT=ms-proteomics;VV=v1.1.0	NT=human;VV=v1.1.0	manual curation	NT=Data-dependent acquisition;AC=PRIDE:0000627	NT=timsTOF Pro;AC=MS:1002817	not applicable	label free sample	1	not available	20 ppm	0.03 Da	NT=Oxidation;AC=UNIMOD:35;TA=M;MT=Variable	P. aeruginosa
human-2105-wound-2-day-8	Homo sapiens	wound fluid	not available	2105	not available	organism part	8 day	not available	not available	not available	2105	human_sample_18	proteomic profiling by mass spectrometry	1	human_sample_18.zip	v1.1.0	NT=ms-proteomics;VV=v1.1.0	NT=human;VV=v1.1.0	manual curation	NT=Data-dependent acquisition;AC=PRIDE:0000627	NT=timsTOF Pro;AC=MS:1002817	not applicable	label free sample	1	not available	20 ppm	0.03 Da	NT=Oxidation;AC=UNIMOD:35;TA=M;MT=Variable	P. aeruginosa
