source name	characteristics[organism]	characteristics[organism part]	characteristics[cell type]	characteristics[biological replicate]	characteristics[disease]	characteristics[material type]	characteristics[phenotype]	characteristics[strain or breed]	assay name	technology type	comment[technical replicate]	comment[data file]	comment[sdrf version]	comment[sdrf template]	comment[sdrf annotation tool]	comment[proteomics data acquisition method]	comment[instrument]	comment[cleavage agent details]	comment[label]	comment[fraction identifier]	comment[dissociation method]	comment[precursor mass tolerance]	comment[fragment mass tolerance]	comment[modification parameters]	comment[modification parameters]	factor value[strain or breed]
Nic25_A_LPI_lane1	Helicobacter pylori	not applicable	not applicable	1	not applicable	whole organism	Nicaraguan clinical isolate Nic25_A (HEALF04731), from a patient with intestinal metaplasia	Nic25_A	CFOrbi_120816_15	proteomic profiling by mass spectrometry	1	CFOrbi_120816_15.RAW	v1.1.0	NT=ms-proteomics;VV=v1.1.0	manual curation	NT=Data-dependent acquisition;AC=PRIDE:0000627	NT=LTQ Orbitrap XL;AC=MS:1000556	NT=Trypsin;AC=MS:1001251	label free sample	1	NT=collision-induced dissociation;AC=MS:1000133	10 ppm	0.5 Da	NT=Oxidation;AC=UNIMOD:35;TA=M;MT=Variable	NT=Acetyl;AC=UNIMOD:1;PP=Protein N-term;MT=Variable	Nic25_A
Nic25_A_LPI_lane1	Helicobacter pylori	not applicable	not applicable	1	not applicable	whole organism	Nicaraguan clinical isolate Nic25_A (HEALF04731), from a patient with intestinal metaplasia	Nic25_A	CFOrbi_120816_16	proteomic profiling by mass spectrometry	2	CFOrbi_120816_16.RAW	v1.1.0	NT=ms-proteomics;VV=v1.1.0	manual curation	NT=Data-dependent acquisition;AC=PRIDE:0000627	NT=LTQ Orbitrap XL;AC=MS:1000556	NT=Trypsin;AC=MS:1001251	label free sample	1	NT=collision-induced dissociation;AC=MS:1000133	10 ppm	0.5 Da	NT=Oxidation;AC=UNIMOD:35;TA=M;MT=Variable	NT=Acetyl;AC=UNIMOD:1;PP=Protein N-term;MT=Variable	Nic25_A
Nic25_A_LPI_lane1	Helicobacter pylori	not applicable	not applicable	1	not applicable	whole organism	Nicaraguan clinical isolate Nic25_A (HEALF04731), from a patient with intestinal metaplasia	Nic25_A	CFOrbi_120816_17	proteomic profiling by mass spectrometry	3	CFOrbi_120816_17.RAW	v1.1.0	NT=ms-proteomics;VV=v1.1.0	manual curation	NT=Data-dependent acquisition;AC=PRIDE:0000627	NT=LTQ Orbitrap XL;AC=MS:1000556	NT=Trypsin;AC=MS:1001251	label free sample	1	NT=collision-induced dissociation;AC=MS:1000133	10 ppm	0.5 Da	NT=Oxidation;AC=UNIMOD:35;TA=M;MT=Variable	NT=Acetyl;AC=UNIMOD:1;PP=Protein N-term;MT=Variable	Nic25_A
Nic25_A_LPI_lane2	Helicobacter pylori	not applicable	not applicable	1	not applicable	whole organism	Nicaraguan clinical isolate Nic25_A (HEALF04731), from a patient with intestinal metaplasia	Nic25_A	CFOrbi_120816_19	proteomic profiling by mass spectrometry	1	CFOrbi_120816_19.RAW	v1.1.0	NT=ms-proteomics;VV=v1.1.0	manual curation	NT=Data-dependent acquisition;AC=PRIDE:0000627	NT=LTQ Orbitrap XL;AC=MS:1000556	NT=Trypsin;AC=MS:1001251	label free sample	1	NT=collision-induced dissociation;AC=MS:1000133	10 ppm	0.5 Da	NT=Oxidation;AC=UNIMOD:35;TA=M;MT=Variable	NT=Acetyl;AC=UNIMOD:1;PP=Protein N-term;MT=Variable	Nic25_A
Nic25_A_LPI_lane2	Helicobacter pylori	not applicable	not applicable	1	not applicable	whole organism	Nicaraguan clinical isolate Nic25_A (HEALF04731), from a patient with intestinal metaplasia	Nic25_A	CFOrbi_120816_20	proteomic profiling by mass spectrometry	2	CFOrbi_120816_20.RAW	v1.1.0	NT=ms-proteomics;VV=v1.1.0	manual curation	NT=Data-dependent acquisition;AC=PRIDE:0000627	NT=LTQ Orbitrap XL;AC=MS:1000556	NT=Trypsin;AC=MS:1001251	label free sample	1	NT=collision-induced dissociation;AC=MS:1000133	10 ppm	0.5 Da	NT=Oxidation;AC=UNIMOD:35;TA=M;MT=Variable	NT=Acetyl;AC=UNIMOD:1;PP=Protein N-term;MT=Variable	Nic25_A
Nic25_A_LPI_lane2	Helicobacter pylori	not applicable	not applicable	1	not applicable	whole organism	Nicaraguan clinical isolate Nic25_A (HEALF04731), from a patient with intestinal metaplasia	Nic25_A	CFOrbi_120816_21	proteomic profiling by mass spectrometry	3	CFOrbi_120816_21.RAW	v1.1.0	NT=ms-proteomics;VV=v1.1.0	manual curation	NT=Data-dependent acquisition;AC=PRIDE:0000627	NT=LTQ Orbitrap XL;AC=MS:1000556	NT=Trypsin;AC=MS:1001251	label free sample	1	NT=collision-induced dissociation;AC=MS:1000133	10 ppm	0.5 Da	NT=Oxidation;AC=UNIMOD:35;TA=M;MT=Variable	NT=Acetyl;AC=UNIMOD:1;PP=Protein N-term;MT=Variable	Nic25_A
Nic25_A_LPI_lane3	Helicobacter pylori	not applicable	not applicable	1	not applicable	whole organism	Nicaraguan clinical isolate Nic25_A (HEALF04731), from a patient with intestinal metaplasia	Nic25_A	CFOrbi_120816_23	proteomic profiling by mass spectrometry	1	CFOrbi_120816_23.RAW	v1.1.0	NT=ms-proteomics;VV=v1.1.0	manual curation	NT=Data-dependent acquisition;AC=PRIDE:0000627	NT=LTQ Orbitrap XL;AC=MS:1000556	NT=Trypsin;AC=MS:1001251	label free sample	1	NT=collision-induced dissociation;AC=MS:1000133	10 ppm	0.5 Da	NT=Oxidation;AC=UNIMOD:35;TA=M;MT=Variable	NT=Acetyl;AC=UNIMOD:1;PP=Protein N-term;MT=Variable	Nic25_A
Nic25_A_LPI_lane3	Helicobacter pylori	not applicable	not applicable	1	not applicable	whole organism	Nicaraguan clinical isolate Nic25_A (HEALF04731), from a patient with intestinal metaplasia	Nic25_A	CFOrbi_120816_24	proteomic profiling by mass spectrometry	2	CFOrbi_120816_24.RAW	v1.1.0	NT=ms-proteomics;VV=v1.1.0	manual curation	NT=Data-dependent acquisition;AC=PRIDE:0000627	NT=LTQ Orbitrap XL;AC=MS:1000556	NT=Trypsin;AC=MS:1001251	label free sample	1	NT=collision-induced dissociation;AC=MS:1000133	10 ppm	0.5 Da	NT=Oxidation;AC=UNIMOD:35;TA=M;MT=Variable	NT=Acetyl;AC=UNIMOD:1;PP=Protein N-term;MT=Variable	Nic25_A
Nic25_A_LPI_lane3	Helicobacter pylori	not applicable	not applicable	1	not applicable	whole organism	Nicaraguan clinical isolate Nic25_A (HEALF04731), from a patient with intestinal metaplasia	Nic25_A	CFOrbi_120816_25	proteomic profiling by mass spectrometry	3	CFOrbi_120816_25.RAW	v1.1.0	NT=ms-proteomics;VV=v1.1.0	manual curation	NT=Data-dependent acquisition;AC=PRIDE:0000627	NT=LTQ Orbitrap XL;AC=MS:1000556	NT=Trypsin;AC=MS:1001251	label free sample	1	NT=collision-induced dissociation;AC=MS:1000133	10 ppm	0.5 Da	NT=Oxidation;AC=UNIMOD:35;TA=M;MT=Variable	NT=Acetyl;AC=UNIMOD:1;PP=Protein N-term;MT=Variable	Nic25_A
P12_LPI_lane1	Helicobacter pylori	not applicable	not applicable	1	not applicable	whole organism	European strain P12, from a patient with duodenal ulcer	P12	CFOrbi_120816_27	proteomic profiling by mass spectrometry	1	CFOrbi_120816_27.RAW	v1.1.0	NT=ms-proteomics;VV=v1.1.0	manual curation	NT=Data-dependent acquisition;AC=PRIDE:0000627	NT=LTQ Orbitrap XL;AC=MS:1000556	NT=Trypsin;AC=MS:1001251	label free sample	1	NT=collision-induced dissociation;AC=MS:1000133	10 ppm	0.5 Da	NT=Oxidation;AC=UNIMOD:35;TA=M;MT=Variable	NT=Acetyl;AC=UNIMOD:1;PP=Protein N-term;MT=Variable	P12
P12_LPI_lane1	Helicobacter pylori	not applicable	not applicable	1	not applicable	whole organism	European strain P12, from a patient with duodenal ulcer	P12	CFOrbi_120816_28	proteomic profiling by mass spectrometry	2	CFOrbi_120816_28.RAW	v1.1.0	NT=ms-proteomics;VV=v1.1.0	manual curation	NT=Data-dependent acquisition;AC=PRIDE:0000627	NT=LTQ Orbitrap XL;AC=MS:1000556	NT=Trypsin;AC=MS:1001251	label free sample	1	NT=collision-induced dissociation;AC=MS:1000133	10 ppm	0.5 Da	NT=Oxidation;AC=UNIMOD:35;TA=M;MT=Variable	NT=Acetyl;AC=UNIMOD:1;PP=Protein N-term;MT=Variable	P12
P12_LPI_lane1	Helicobacter pylori	not applicable	not applicable	1	not applicable	whole organism	European strain P12, from a patient with duodenal ulcer	P12	CFOrbi_120816_29	proteomic profiling by mass spectrometry	3	CFOrbi_120816_29.RAW	v1.1.0	NT=ms-proteomics;VV=v1.1.0	manual curation	NT=Data-dependent acquisition;AC=PRIDE:0000627	NT=LTQ Orbitrap XL;AC=MS:1000556	NT=Trypsin;AC=MS:1001251	label free sample	1	NT=collision-induced dissociation;AC=MS:1000133	10 ppm	0.5 Da	NT=Oxidation;AC=UNIMOD:35;TA=M;MT=Variable	NT=Acetyl;AC=UNIMOD:1;PP=Protein N-term;MT=Variable	P12
P12_LPI_lane2	Helicobacter pylori	not applicable	not applicable	1	not applicable	whole organism	European strain P12, from a patient with duodenal ulcer	P12	CFOrbi_120816_31	proteomic profiling by mass spectrometry	1	CFOrbi_120816_31.RAW	v1.1.0	NT=ms-proteomics;VV=v1.1.0	manual curation	NT=Data-dependent acquisition;AC=PRIDE:0000627	NT=LTQ Orbitrap XL;AC=MS:1000556	NT=Trypsin;AC=MS:1001251	label free sample	1	NT=collision-induced dissociation;AC=MS:1000133	10 ppm	0.5 Da	NT=Oxidation;AC=UNIMOD:35;TA=M;MT=Variable	NT=Acetyl;AC=UNIMOD:1;PP=Protein N-term;MT=Variable	P12
P12_LPI_lane2	Helicobacter pylori	not applicable	not applicable	1	not applicable	whole organism	European strain P12, from a patient with duodenal ulcer	P12	CFOrbi_120816_32	proteomic profiling by mass spectrometry	2	CFOrbi_120816_32.RAW	v1.1.0	NT=ms-proteomics;VV=v1.1.0	manual curation	NT=Data-dependent acquisition;AC=PRIDE:0000627	NT=LTQ Orbitrap XL;AC=MS:1000556	NT=Trypsin;AC=MS:1001251	label free sample	1	NT=collision-induced dissociation;AC=MS:1000133	10 ppm	0.5 Da	NT=Oxidation;AC=UNIMOD:35;TA=M;MT=Variable	NT=Acetyl;AC=UNIMOD:1;PP=Protein N-term;MT=Variable	P12
P12_LPI_lane2	Helicobacter pylori	not applicable	not applicable	1	not applicable	whole organism	European strain P12, from a patient with duodenal ulcer	P12	CFOrbi_120816_33	proteomic profiling by mass spectrometry	3	CFOrbi_120816_33.RAW	v1.1.0	NT=ms-proteomics;VV=v1.1.0	manual curation	NT=Data-dependent acquisition;AC=PRIDE:0000627	NT=LTQ Orbitrap XL;AC=MS:1000556	NT=Trypsin;AC=MS:1001251	label free sample	1	NT=collision-induced dissociation;AC=MS:1000133	10 ppm	0.5 Da	NT=Oxidation;AC=UNIMOD:35;TA=M;MT=Variable	NT=Acetyl;AC=UNIMOD:1;PP=Protein N-term;MT=Variable	P12
P12_LPI_lane3	Helicobacter pylori	not applicable	not applicable	1	not applicable	whole organism	European strain P12, from a patient with duodenal ulcer	P12	CFOrbi_120816_35	proteomic profiling by mass spectrometry	1	CFOrbi_120816_35.RAW	v1.1.0	NT=ms-proteomics;VV=v1.1.0	manual curation	NT=Data-dependent acquisition;AC=PRIDE:0000627	NT=LTQ Orbitrap XL;AC=MS:1000556	NT=Trypsin;AC=MS:1001251	label free sample	1	NT=collision-induced dissociation;AC=MS:1000133	10 ppm	0.5 Da	NT=Oxidation;AC=UNIMOD:35;TA=M;MT=Variable	NT=Acetyl;AC=UNIMOD:1;PP=Protein N-term;MT=Variable	P12
P12_LPI_lane3	Helicobacter pylori	not applicable	not applicable	1	not applicable	whole organism	European strain P12, from a patient with duodenal ulcer	P12	CFOrbi_120816_36	proteomic profiling by mass spectrometry	2	CFOrbi_120816_36.RAW	v1.1.0	NT=ms-proteomics;VV=v1.1.0	manual curation	NT=Data-dependent acquisition;AC=PRIDE:0000627	NT=LTQ Orbitrap XL;AC=MS:1000556	NT=Trypsin;AC=MS:1001251	label free sample	1	NT=collision-induced dissociation;AC=MS:1000133	10 ppm	0.5 Da	NT=Oxidation;AC=UNIMOD:35;TA=M;MT=Variable	NT=Acetyl;AC=UNIMOD:1;PP=Protein N-term;MT=Variable	P12
P12_LPI_lane3	Helicobacter pylori	not applicable	not applicable	1	not applicable	whole organism	European strain P12, from a patient with duodenal ulcer	P12	CFOrbi_120816_37	proteomic profiling by mass spectrometry	3	CFOrbi_120816_37.RAW	v1.1.0	NT=ms-proteomics;VV=v1.1.0	manual curation	NT=Data-dependent acquisition;AC=PRIDE:0000627	NT=LTQ Orbitrap XL;AC=MS:1000556	NT=Trypsin;AC=MS:1001251	label free sample	1	NT=collision-induced dissociation;AC=MS:1000133	10 ppm	0.5 Da	NT=Oxidation;AC=UNIMOD:35;TA=M;MT=Variable	NT=Acetyl;AC=UNIMOD:1;PP=Protein N-term;MT=Variable	P12
