source name	characteristics[organism]	characteristics[organism part]	characteristics[cell type]	characteristics[biological replicate]	characteristics[disease]	characteristics[material type]	characteristics[enrichment process]	characteristics[developmental stage]	characteristics[sex]	characteristics[genetic modification]	assay name	technology type	comment[technical replicate]	comment[data file]	comment[sdrf version]	comment[sdrf template]	comment[sdrf template]	comment[sdrf annotation tool]	comment[proteomics data acquisition method]	comment[instrument]	comment[cleavage agent details]	comment[label]	comment[fraction identifier]	comment[dissociation method]	comment[precursor mass tolerance]	comment[fragment mass tolerance]	comment[modification parameters]	comment[modification parameters]	factor value[genetic modification]
MEF-P4ha1+/+-rep1	Mus musculus	not applicable	fibroblast	1	normal	cell line	type I collagen partial purification from conditioned medium (ammonium sulfate precipitation)	not available	not available	P4ha1 wild type (+/+)	180430_AMS-1_top5	proteomic profiling by mass spectrometry	1	180430_AMS-1_top5.raw	v1.1.0	NT=ms-proteomics;VV=v1.1.0	NT=vertebrates;VV=v1.1.0	manual curation	NT=Data-dependent acquisition;AC=PRIDE:0000627	NT=Q Exactive;AC=MS:1001911	NT=Trypsin;AC=MS:1001251	label free sample	1	NT=beam-type collision-induced dissociation;AC=MS:1000422	7 ppm	0.02 Da	NT=Carbamidomethyl;AC=UNIMOD:4;TA=C;MT=Fixed	NT=Oxidation;AC=UNIMOD:35;TA=M,K,P;MT=Variable	P4ha1 wild type (+/+)
MEF-P4ha1+/+-rep1	Mus musculus	not applicable	fibroblast	1	normal	cell line	type I collagen partial purification from conditioned medium (ammonium sulfate precipitation)	not available	not available	P4ha1 wild type (+/+)	180430_AMS-9_nr1	proteomic profiling by mass spectrometry	1	180430_AMS-9_nr1.raw	v1.1.0	NT=ms-proteomics;VV=v1.1.0	NT=vertebrates;VV=v1.1.0	manual curation	NT=Data-dependent acquisition;AC=PRIDE:0000627	NT=Q Exactive;AC=MS:1001911	NT=Trypsin;AC=MS:1001251	label free sample	2	NT=beam-type collision-induced dissociation;AC=MS:1000422	7 ppm	0.02 Da	NT=Carbamidomethyl;AC=UNIMOD:4;TA=C;MT=Fixed	NT=Oxidation;AC=UNIMOD:35;TA=M,K,P;MT=Variable	P4ha1 wild type (+/+)
MEF-P4ha1+/+-rep1	Mus musculus	not applicable	fibroblast	1	normal	cell line	type I collagen partial purification from conditioned medium (ammonium sulfate precipitation)	not available	not available	P4ha1 wild type (+/+)	180430_AMS-1_top5_nr2	proteomic profiling by mass spectrometry	2	180430_AMS-1_top5_nr2.raw	v1.1.0	NT=ms-proteomics;VV=v1.1.0	NT=vertebrates;VV=v1.1.0	manual curation	NT=Data-dependent acquisition;AC=PRIDE:0000627	NT=Q Exactive;AC=MS:1001911	NT=Trypsin;AC=MS:1001251	label free sample	1	NT=beam-type collision-induced dissociation;AC=MS:1000422	7 ppm	0.02 Da	NT=Carbamidomethyl;AC=UNIMOD:4;TA=C;MT=Fixed	NT=Oxidation;AC=UNIMOD:35;TA=M,K,P;MT=Variable	P4ha1 wild type (+/+)
MEF-P4ha1+/+-rep1	Mus musculus	not applicable	fibroblast	1	normal	cell line	type I collagen partial purification from conditioned medium (ammonium sulfate precipitation)	not available	not available	P4ha1 wild type (+/+)	180430_AMS-9_nr2	proteomic profiling by mass spectrometry	2	180430_AMS-9_nr2.raw	v1.1.0	NT=ms-proteomics;VV=v1.1.0	NT=vertebrates;VV=v1.1.0	manual curation	NT=Data-dependent acquisition;AC=PRIDE:0000627	NT=Q Exactive;AC=MS:1001911	NT=Trypsin;AC=MS:1001251	label free sample	2	NT=beam-type collision-induced dissociation;AC=MS:1000422	7 ppm	0.02 Da	NT=Carbamidomethyl;AC=UNIMOD:4;TA=C;MT=Fixed	NT=Oxidation;AC=UNIMOD:35;TA=M,K,P;MT=Variable	P4ha1 wild type (+/+)
MEF-P4ha1-/--rep2	Mus musculus	not applicable	fibroblast	2	normal	cell line	type I collagen partial purification from conditioned medium (ammonium sulfate precipitation)	not available	not available	P4ha1 knockout (-/-)	180430_AMS-2_nr1	proteomic profiling by mass spectrometry	1	180430_AMS-2_nr1.raw	v1.1.0	NT=ms-proteomics;VV=v1.1.0	NT=vertebrates;VV=v1.1.0	manual curation	NT=Data-dependent acquisition;AC=PRIDE:0000627	NT=Q Exactive;AC=MS:1001911	NT=Trypsin;AC=MS:1001251	label free sample	1	NT=beam-type collision-induced dissociation;AC=MS:1000422	7 ppm	0.02 Da	NT=Carbamidomethyl;AC=UNIMOD:4;TA=C;MT=Fixed	NT=Oxidation;AC=UNIMOD:35;TA=M,K,P;MT=Variable	P4ha1 knockout (-/-)
MEF-P4ha1-/--rep2	Mus musculus	not applicable	fibroblast	2	normal	cell line	type I collagen partial purification from conditioned medium (ammonium sulfate precipitation)	not available	not available	P4ha1 knockout (-/-)	180430_AMS-10_nr1	proteomic profiling by mass spectrometry	1	180430_AMS-10_nr1.raw	v1.1.0	NT=ms-proteomics;VV=v1.1.0	NT=vertebrates;VV=v1.1.0	manual curation	NT=Data-dependent acquisition;AC=PRIDE:0000627	NT=Q Exactive;AC=MS:1001911	NT=Trypsin;AC=MS:1001251	label free sample	2	NT=beam-type collision-induced dissociation;AC=MS:1000422	7 ppm	0.02 Da	NT=Carbamidomethyl;AC=UNIMOD:4;TA=C;MT=Fixed	NT=Oxidation;AC=UNIMOD:35;TA=M,K,P;MT=Variable	P4ha1 knockout (-/-)
MEF-P4ha1-/--rep2	Mus musculus	not applicable	fibroblast	2	normal	cell line	type I collagen partial purification from conditioned medium (ammonium sulfate precipitation)	not available	not available	P4ha1 knockout (-/-)	180430_AMS-2_nr2	proteomic profiling by mass spectrometry	2	180430_AMS-2_nr2.raw	v1.1.0	NT=ms-proteomics;VV=v1.1.0	NT=vertebrates;VV=v1.1.0	manual curation	NT=Data-dependent acquisition;AC=PRIDE:0000627	NT=Q Exactive;AC=MS:1001911	NT=Trypsin;AC=MS:1001251	label free sample	1	NT=beam-type collision-induced dissociation;AC=MS:1000422	7 ppm	0.02 Da	NT=Carbamidomethyl;AC=UNIMOD:4;TA=C;MT=Fixed	NT=Oxidation;AC=UNIMOD:35;TA=M,K,P;MT=Variable	P4ha1 knockout (-/-)
MEF-P4ha1-/--rep2	Mus musculus	not applicable	fibroblast	2	normal	cell line	type I collagen partial purification from conditioned medium (ammonium sulfate precipitation)	not available	not available	P4ha1 knockout (-/-)	180430_AMS-10_nr2	proteomic profiling by mass spectrometry	2	180430_AMS-10_nr2.raw	v1.1.0	NT=ms-proteomics;VV=v1.1.0	NT=vertebrates;VV=v1.1.0	manual curation	NT=Data-dependent acquisition;AC=PRIDE:0000627	NT=Q Exactive;AC=MS:1001911	NT=Trypsin;AC=MS:1001251	label free sample	2	NT=beam-type collision-induced dissociation;AC=MS:1000422	7 ppm	0.02 Da	NT=Carbamidomethyl;AC=UNIMOD:4;TA=C;MT=Fixed	NT=Oxidation;AC=UNIMOD:35;TA=M,K,P;MT=Variable	P4ha1 knockout (-/-)
MEF-P4ha1+/+-rep3	Mus musculus	not applicable	fibroblast	3	normal	cell line	type I collagen partial purification from conditioned medium (ammonium sulfate precipitation)	not available	not available	P4ha1 wild type (+/+)	180430_AMS-3_nr1	proteomic profiling by mass spectrometry	1	180430_AMS-3_nr1.raw	v1.1.0	NT=ms-proteomics;VV=v1.1.0	NT=vertebrates;VV=v1.1.0	manual curation	NT=Data-dependent acquisition;AC=PRIDE:0000627	NT=Q Exactive;AC=MS:1001911	NT=Trypsin;AC=MS:1001251	label free sample	1	NT=beam-type collision-induced dissociation;AC=MS:1000422	7 ppm	0.02 Da	NT=Carbamidomethyl;AC=UNIMOD:4;TA=C;MT=Fixed	NT=Oxidation;AC=UNIMOD:35;TA=M,K,P;MT=Variable	P4ha1 wild type (+/+)
MEF-P4ha1+/+-rep3	Mus musculus	not applicable	fibroblast	3	normal	cell line	type I collagen partial purification from conditioned medium (ammonium sulfate precipitation)	not available	not available	P4ha1 wild type (+/+)	180430_AMS-11_nr1	proteomic profiling by mass spectrometry	1	180430_AMS-11_nr1.raw	v1.1.0	NT=ms-proteomics;VV=v1.1.0	NT=vertebrates;VV=v1.1.0	manual curation	NT=Data-dependent acquisition;AC=PRIDE:0000627	NT=Q Exactive;AC=MS:1001911	NT=Trypsin;AC=MS:1001251	label free sample	2	NT=beam-type collision-induced dissociation;AC=MS:1000422	7 ppm	0.02 Da	NT=Carbamidomethyl;AC=UNIMOD:4;TA=C;MT=Fixed	NT=Oxidation;AC=UNIMOD:35;TA=M,K,P;MT=Variable	P4ha1 wild type (+/+)
MEF-P4ha1+/+-rep3	Mus musculus	not applicable	fibroblast	3	normal	cell line	type I collagen partial purification from conditioned medium (ammonium sulfate precipitation)	not available	not available	P4ha1 wild type (+/+)	180430_AMS-3_nr2	proteomic profiling by mass spectrometry	2	180430_AMS-3_nr2.raw	v1.1.0	NT=ms-proteomics;VV=v1.1.0	NT=vertebrates;VV=v1.1.0	manual curation	NT=Data-dependent acquisition;AC=PRIDE:0000627	NT=Q Exactive;AC=MS:1001911	NT=Trypsin;AC=MS:1001251	label free sample	1	NT=beam-type collision-induced dissociation;AC=MS:1000422	7 ppm	0.02 Da	NT=Carbamidomethyl;AC=UNIMOD:4;TA=C;MT=Fixed	NT=Oxidation;AC=UNIMOD:35;TA=M,K,P;MT=Variable	P4ha1 wild type (+/+)
MEF-P4ha1+/+-rep3	Mus musculus	not applicable	fibroblast	3	normal	cell line	type I collagen partial purification from conditioned medium (ammonium sulfate precipitation)	not available	not available	P4ha1 wild type (+/+)	180430_AMS-11_nr2	proteomic profiling by mass spectrometry	2	180430_AMS-11_nr2.raw	v1.1.0	NT=ms-proteomics;VV=v1.1.0	NT=vertebrates;VV=v1.1.0	manual curation	NT=Data-dependent acquisition;AC=PRIDE:0000627	NT=Q Exactive;AC=MS:1001911	NT=Trypsin;AC=MS:1001251	label free sample	2	NT=beam-type collision-induced dissociation;AC=MS:1000422	7 ppm	0.02 Da	NT=Carbamidomethyl;AC=UNIMOD:4;TA=C;MT=Fixed	NT=Oxidation;AC=UNIMOD:35;TA=M,K,P;MT=Variable	P4ha1 wild type (+/+)
MEF-P4ha1-/--rep4	Mus musculus	not applicable	fibroblast	4	normal	cell line	type I collagen partial purification from conditioned medium (ammonium sulfate precipitation)	not available	not available	P4ha1 knockout (-/-)	180430_AMS-4_nr1	proteomic profiling by mass spectrometry	1	180430_AMS-4_nr1.raw	v1.1.0	NT=ms-proteomics;VV=v1.1.0	NT=vertebrates;VV=v1.1.0	manual curation	NT=Data-dependent acquisition;AC=PRIDE:0000627	NT=Q Exactive;AC=MS:1001911	NT=Trypsin;AC=MS:1001251	label free sample	1	NT=beam-type collision-induced dissociation;AC=MS:1000422	7 ppm	0.02 Da	NT=Carbamidomethyl;AC=UNIMOD:4;TA=C;MT=Fixed	NT=Oxidation;AC=UNIMOD:35;TA=M,K,P;MT=Variable	P4ha1 knockout (-/-)
MEF-P4ha1-/--rep4	Mus musculus	not applicable	fibroblast	4	normal	cell line	type I collagen partial purification from conditioned medium (ammonium sulfate precipitation)	not available	not available	P4ha1 knockout (-/-)	180430_AMS-12_nr1	proteomic profiling by mass spectrometry	1	180430_AMS-12_nr1.raw	v1.1.0	NT=ms-proteomics;VV=v1.1.0	NT=vertebrates;VV=v1.1.0	manual curation	NT=Data-dependent acquisition;AC=PRIDE:0000627	NT=Q Exactive;AC=MS:1001911	NT=Trypsin;AC=MS:1001251	label free sample	2	NT=beam-type collision-induced dissociation;AC=MS:1000422	7 ppm	0.02 Da	NT=Carbamidomethyl;AC=UNIMOD:4;TA=C;MT=Fixed	NT=Oxidation;AC=UNIMOD:35;TA=M,K,P;MT=Variable	P4ha1 knockout (-/-)
MEF-P4ha1-/--rep4	Mus musculus	not applicable	fibroblast	4	normal	cell line	type I collagen partial purification from conditioned medium (ammonium sulfate precipitation)	not available	not available	P4ha1 knockout (-/-)	180430_AMS-4_nr2	proteomic profiling by mass spectrometry	2	180430_AMS-4_nr2.raw	v1.1.0	NT=ms-proteomics;VV=v1.1.0	NT=vertebrates;VV=v1.1.0	manual curation	NT=Data-dependent acquisition;AC=PRIDE:0000627	NT=Q Exactive;AC=MS:1001911	NT=Trypsin;AC=MS:1001251	label free sample	1	NT=beam-type collision-induced dissociation;AC=MS:1000422	7 ppm	0.02 Da	NT=Carbamidomethyl;AC=UNIMOD:4;TA=C;MT=Fixed	NT=Oxidation;AC=UNIMOD:35;TA=M,K,P;MT=Variable	P4ha1 knockout (-/-)
MEF-P4ha1-/--rep4	Mus musculus	not applicable	fibroblast	4	normal	cell line	type I collagen partial purification from conditioned medium (ammonium sulfate precipitation)	not available	not available	P4ha1 knockout (-/-)	180430_AMS-12_nr2	proteomic profiling by mass spectrometry	2	180430_AMS-12_nr2.raw	v1.1.0	NT=ms-proteomics;VV=v1.1.0	NT=vertebrates;VV=v1.1.0	manual curation	NT=Data-dependent acquisition;AC=PRIDE:0000627	NT=Q Exactive;AC=MS:1001911	NT=Trypsin;AC=MS:1001251	label free sample	2	NT=beam-type collision-induced dissociation;AC=MS:1000422	7 ppm	0.02 Da	NT=Carbamidomethyl;AC=UNIMOD:4;TA=C;MT=Fixed	NT=Oxidation;AC=UNIMOD:35;TA=M,K,P;MT=Variable	P4ha1 knockout (-/-)
MEF-P4ha1+/+-rep5	Mus musculus	not applicable	fibroblast	5	normal	cell line	type I collagen partial purification from conditioned medium (ammonium sulfate precipitation)	not available	not available	P4ha1 wild type (+/+)	180430_AMS-5_nr1	proteomic profiling by mass spectrometry	1	180430_AMS-5_nr1.raw	v1.1.0	NT=ms-proteomics;VV=v1.1.0	NT=vertebrates;VV=v1.1.0	manual curation	NT=Data-dependent acquisition;AC=PRIDE:0000627	NT=Q Exactive;AC=MS:1001911	NT=Trypsin;AC=MS:1001251	label free sample	1	NT=beam-type collision-induced dissociation;AC=MS:1000422	7 ppm	0.02 Da	NT=Carbamidomethyl;AC=UNIMOD:4;TA=C;MT=Fixed	NT=Oxidation;AC=UNIMOD:35;TA=M,K,P;MT=Variable	P4ha1 wild type (+/+)
MEF-P4ha1+/+-rep5	Mus musculus	not applicable	fibroblast	5	normal	cell line	type I collagen partial purification from conditioned medium (ammonium sulfate precipitation)	not available	not available	P4ha1 wild type (+/+)	180430_AMS-13_nr1	proteomic profiling by mass spectrometry	1	180430_AMS-13_nr1.raw	v1.1.0	NT=ms-proteomics;VV=v1.1.0	NT=vertebrates;VV=v1.1.0	manual curation	NT=Data-dependent acquisition;AC=PRIDE:0000627	NT=Q Exactive;AC=MS:1001911	NT=Trypsin;AC=MS:1001251	label free sample	2	NT=beam-type collision-induced dissociation;AC=MS:1000422	7 ppm	0.02 Da	NT=Carbamidomethyl;AC=UNIMOD:4;TA=C;MT=Fixed	NT=Oxidation;AC=UNIMOD:35;TA=M,K,P;MT=Variable	P4ha1 wild type (+/+)
MEF-P4ha1+/+-rep5	Mus musculus	not applicable	fibroblast	5	normal	cell line	type I collagen partial purification from conditioned medium (ammonium sulfate precipitation)	not available	not available	P4ha1 wild type (+/+)	180430_AMS-5_nr2	proteomic profiling by mass spectrometry	2	180430_AMS-5_nr2.raw	v1.1.0	NT=ms-proteomics;VV=v1.1.0	NT=vertebrates;VV=v1.1.0	manual curation	NT=Data-dependent acquisition;AC=PRIDE:0000627	NT=Q Exactive;AC=MS:1001911	NT=Trypsin;AC=MS:1001251	label free sample	1	NT=beam-type collision-induced dissociation;AC=MS:1000422	7 ppm	0.02 Da	NT=Carbamidomethyl;AC=UNIMOD:4;TA=C;MT=Fixed	NT=Oxidation;AC=UNIMOD:35;TA=M,K,P;MT=Variable	P4ha1 wild type (+/+)
MEF-P4ha1+/+-rep5	Mus musculus	not applicable	fibroblast	5	normal	cell line	type I collagen partial purification from conditioned medium (ammonium sulfate precipitation)	not available	not available	P4ha1 wild type (+/+)	180430_AMS-13_nr2	proteomic profiling by mass spectrometry	2	180430_AMS-13_nr2.raw	v1.1.0	NT=ms-proteomics;VV=v1.1.0	NT=vertebrates;VV=v1.1.0	manual curation	NT=Data-dependent acquisition;AC=PRIDE:0000627	NT=Q Exactive;AC=MS:1001911	NT=Trypsin;AC=MS:1001251	label free sample	2	NT=beam-type collision-induced dissociation;AC=MS:1000422	7 ppm	0.02 Da	NT=Carbamidomethyl;AC=UNIMOD:4;TA=C;MT=Fixed	NT=Oxidation;AC=UNIMOD:35;TA=M,K,P;MT=Variable	P4ha1 wild type (+/+)
MEF-P4ha1-/--rep6	Mus musculus	not applicable	fibroblast	6	normal	cell line	type I collagen partial purification from conditioned medium (ammonium sulfate precipitation)	not available	not available	P4ha1 knockout (-/-)	180430_AMS-6_nr1	proteomic profiling by mass spectrometry	1	180430_AMS-6_nr1.raw	v1.1.0	NT=ms-proteomics;VV=v1.1.0	NT=vertebrates;VV=v1.1.0	manual curation	NT=Data-dependent acquisition;AC=PRIDE:0000627	NT=Q Exactive;AC=MS:1001911	NT=Trypsin;AC=MS:1001251	label free sample	1	NT=beam-type collision-induced dissociation;AC=MS:1000422	7 ppm	0.02 Da	NT=Carbamidomethyl;AC=UNIMOD:4;TA=C;MT=Fixed	NT=Oxidation;AC=UNIMOD:35;TA=M,K,P;MT=Variable	P4ha1 knockout (-/-)
MEF-P4ha1-/--rep6	Mus musculus	not applicable	fibroblast	6	normal	cell line	type I collagen partial purification from conditioned medium (ammonium sulfate precipitation)	not available	not available	P4ha1 knockout (-/-)	180430_AMS-14_nr1	proteomic profiling by mass spectrometry	1	180430_AMS-14_nr1.raw	v1.1.0	NT=ms-proteomics;VV=v1.1.0	NT=vertebrates;VV=v1.1.0	manual curation	NT=Data-dependent acquisition;AC=PRIDE:0000627	NT=Q Exactive;AC=MS:1001911	NT=Trypsin;AC=MS:1001251	label free sample	2	NT=beam-type collision-induced dissociation;AC=MS:1000422	7 ppm	0.02 Da	NT=Carbamidomethyl;AC=UNIMOD:4;TA=C;MT=Fixed	NT=Oxidation;AC=UNIMOD:35;TA=M,K,P;MT=Variable	P4ha1 knockout (-/-)
MEF-P4ha1-/--rep6	Mus musculus	not applicable	fibroblast	6	normal	cell line	type I collagen partial purification from conditioned medium (ammonium sulfate precipitation)	not available	not available	P4ha1 knockout (-/-)	180430_AMS-6_nr2	proteomic profiling by mass spectrometry	2	180430_AMS-6_nr2.raw	v1.1.0	NT=ms-proteomics;VV=v1.1.0	NT=vertebrates;VV=v1.1.0	manual curation	NT=Data-dependent acquisition;AC=PRIDE:0000627	NT=Q Exactive;AC=MS:1001911	NT=Trypsin;AC=MS:1001251	label free sample	1	NT=beam-type collision-induced dissociation;AC=MS:1000422	7 ppm	0.02 Da	NT=Carbamidomethyl;AC=UNIMOD:4;TA=C;MT=Fixed	NT=Oxidation;AC=UNIMOD:35;TA=M,K,P;MT=Variable	P4ha1 knockout (-/-)
MEF-P4ha1-/--rep6	Mus musculus	not applicable	fibroblast	6	normal	cell line	type I collagen partial purification from conditioned medium (ammonium sulfate precipitation)	not available	not available	P4ha1 knockout (-/-)	180430_AMS-14_nr2	proteomic profiling by mass spectrometry	2	180430_AMS-14_nr2.raw	v1.1.0	NT=ms-proteomics;VV=v1.1.0	NT=vertebrates;VV=v1.1.0	manual curation	NT=Data-dependent acquisition;AC=PRIDE:0000627	NT=Q Exactive;AC=MS:1001911	NT=Trypsin;AC=MS:1001251	label free sample	2	NT=beam-type collision-induced dissociation;AC=MS:1000422	7 ppm	0.02 Da	NT=Carbamidomethyl;AC=UNIMOD:4;TA=C;MT=Fixed	NT=Oxidation;AC=UNIMOD:35;TA=M,K,P;MT=Variable	P4ha1 knockout (-/-)
MEF-P4ha1+/+-rep7	Mus musculus	not applicable	fibroblast	7	normal	cell line	type I collagen partial purification from conditioned medium (ammonium sulfate precipitation)	not available	not available	P4ha1 wild type (+/+)	180430_AMS-7_nr1	proteomic profiling by mass spectrometry	1	180430_AMS-7_nr1.raw	v1.1.0	NT=ms-proteomics;VV=v1.1.0	NT=vertebrates;VV=v1.1.0	manual curation	NT=Data-dependent acquisition;AC=PRIDE:0000627	NT=Q Exactive;AC=MS:1001911	NT=Trypsin;AC=MS:1001251	label free sample	1	NT=beam-type collision-induced dissociation;AC=MS:1000422	7 ppm	0.02 Da	NT=Carbamidomethyl;AC=UNIMOD:4;TA=C;MT=Fixed	NT=Oxidation;AC=UNIMOD:35;TA=M,K,P;MT=Variable	P4ha1 wild type (+/+)
MEF-P4ha1+/+-rep7	Mus musculus	not applicable	fibroblast	7	normal	cell line	type I collagen partial purification from conditioned medium (ammonium sulfate precipitation)	not available	not available	P4ha1 wild type (+/+)	180430_AMS-15_nr1	proteomic profiling by mass spectrometry	1	180430_AMS-15_nr1.raw	v1.1.0	NT=ms-proteomics;VV=v1.1.0	NT=vertebrates;VV=v1.1.0	manual curation	NT=Data-dependent acquisition;AC=PRIDE:0000627	NT=Q Exactive;AC=MS:1001911	NT=Trypsin;AC=MS:1001251	label free sample	2	NT=beam-type collision-induced dissociation;AC=MS:1000422	7 ppm	0.02 Da	NT=Carbamidomethyl;AC=UNIMOD:4;TA=C;MT=Fixed	NT=Oxidation;AC=UNIMOD:35;TA=M,K,P;MT=Variable	P4ha1 wild type (+/+)
MEF-P4ha1+/+-rep7	Mus musculus	not applicable	fibroblast	7	normal	cell line	type I collagen partial purification from conditioned medium (ammonium sulfate precipitation)	not available	not available	P4ha1 wild type (+/+)	180430_AMS-7_nr2	proteomic profiling by mass spectrometry	2	180430_AMS-7_nr2.raw	v1.1.0	NT=ms-proteomics;VV=v1.1.0	NT=vertebrates;VV=v1.1.0	manual curation	NT=Data-dependent acquisition;AC=PRIDE:0000627	NT=Q Exactive;AC=MS:1001911	NT=Trypsin;AC=MS:1001251	label free sample	1	NT=beam-type collision-induced dissociation;AC=MS:1000422	7 ppm	0.02 Da	NT=Carbamidomethyl;AC=UNIMOD:4;TA=C;MT=Fixed	NT=Oxidation;AC=UNIMOD:35;TA=M,K,P;MT=Variable	P4ha1 wild type (+/+)
MEF-P4ha1+/+-rep7	Mus musculus	not applicable	fibroblast	7	normal	cell line	type I collagen partial purification from conditioned medium (ammonium sulfate precipitation)	not available	not available	P4ha1 wild type (+/+)	180430_AMS-15_nr2	proteomic profiling by mass spectrometry	2	180430_AMS-15_nr2.raw	v1.1.0	NT=ms-proteomics;VV=v1.1.0	NT=vertebrates;VV=v1.1.0	manual curation	NT=Data-dependent acquisition;AC=PRIDE:0000627	NT=Q Exactive;AC=MS:1001911	NT=Trypsin;AC=MS:1001251	label free sample	2	NT=beam-type collision-induced dissociation;AC=MS:1000422	7 ppm	0.02 Da	NT=Carbamidomethyl;AC=UNIMOD:4;TA=C;MT=Fixed	NT=Oxidation;AC=UNIMOD:35;TA=M,K,P;MT=Variable	P4ha1 wild type (+/+)
MEF-P4ha1-/--rep8	Mus musculus	not applicable	fibroblast	8	normal	cell line	type I collagen partial purification from conditioned medium (ammonium sulfate precipitation)	not available	not available	P4ha1 knockout (-/-)	180430_AMS-8_nr1	proteomic profiling by mass spectrometry	1	180430_AMS-8_nr1.raw	v1.1.0	NT=ms-proteomics;VV=v1.1.0	NT=vertebrates;VV=v1.1.0	manual curation	NT=Data-dependent acquisition;AC=PRIDE:0000627	NT=Q Exactive;AC=MS:1001911	NT=Trypsin;AC=MS:1001251	label free sample	1	NT=beam-type collision-induced dissociation;AC=MS:1000422	7 ppm	0.02 Da	NT=Carbamidomethyl;AC=UNIMOD:4;TA=C;MT=Fixed	NT=Oxidation;AC=UNIMOD:35;TA=M,K,P;MT=Variable	P4ha1 knockout (-/-)
MEF-P4ha1-/--rep8	Mus musculus	not applicable	fibroblast	8	normal	cell line	type I collagen partial purification from conditioned medium (ammonium sulfate precipitation)	not available	not available	P4ha1 knockout (-/-)	180430_AMS-16_nr1	proteomic profiling by mass spectrometry	1	180430_AMS-16_nr1.raw	v1.1.0	NT=ms-proteomics;VV=v1.1.0	NT=vertebrates;VV=v1.1.0	manual curation	NT=Data-dependent acquisition;AC=PRIDE:0000627	NT=Q Exactive;AC=MS:1001911	NT=Trypsin;AC=MS:1001251	label free sample	2	NT=beam-type collision-induced dissociation;AC=MS:1000422	7 ppm	0.02 Da	NT=Carbamidomethyl;AC=UNIMOD:4;TA=C;MT=Fixed	NT=Oxidation;AC=UNIMOD:35;TA=M,K,P;MT=Variable	P4ha1 knockout (-/-)
MEF-P4ha1-/--rep8	Mus musculus	not applicable	fibroblast	8	normal	cell line	type I collagen partial purification from conditioned medium (ammonium sulfate precipitation)	not available	not available	P4ha1 knockout (-/-)	180430_AMS-8_nr2	proteomic profiling by mass spectrometry	2	180430_AMS-8_nr2.raw	v1.1.0	NT=ms-proteomics;VV=v1.1.0	NT=vertebrates;VV=v1.1.0	manual curation	NT=Data-dependent acquisition;AC=PRIDE:0000627	NT=Q Exactive;AC=MS:1001911	NT=Trypsin;AC=MS:1001251	label free sample	1	NT=beam-type collision-induced dissociation;AC=MS:1000422	7 ppm	0.02 Da	NT=Carbamidomethyl;AC=UNIMOD:4;TA=C;MT=Fixed	NT=Oxidation;AC=UNIMOD:35;TA=M,K,P;MT=Variable	P4ha1 knockout (-/-)
MEF-P4ha1-/--rep8	Mus musculus	not applicable	fibroblast	8	normal	cell line	type I collagen partial purification from conditioned medium (ammonium sulfate precipitation)	not available	not available	P4ha1 knockout (-/-)	180430_AMS-16_nr2	proteomic profiling by mass spectrometry	2	180430_AMS-16_nr2.raw	v1.1.0	NT=ms-proteomics;VV=v1.1.0	NT=vertebrates;VV=v1.1.0	manual curation	NT=Data-dependent acquisition;AC=PRIDE:0000627	NT=Q Exactive;AC=MS:1001911	NT=Trypsin;AC=MS:1001251	label free sample	2	NT=beam-type collision-induced dissociation;AC=MS:1000422	7 ppm	0.02 Da	NT=Carbamidomethyl;AC=UNIMOD:4;TA=C;MT=Fixed	NT=Oxidation;AC=UNIMOD:35;TA=M,K,P;MT=Variable	P4ha1 knockout (-/-)
