source name	characteristics[organism]	characteristics[organism part]	characteristics[biological replicate]	characteristics[disease]	characteristics[material type]	assay name	technology type	comment[technical replicate]	comment[data file]	comment[sdrf version]	comment[sdrf template]	comment[sdrf annotation tool]	comment[proteomics data acquisition method]	comment[instrument]	comment[cleavage agent details]	comment[label]	comment[fraction identifier]	comment[dissociation method]	comment[collision energy]	comment[precursor mass tolerance]	comment[fragment mass tolerance]	comment[reduction reagent]	comment[alkylation reagent]	comment[modification parameters]	factor value[bait]	factor value[experiment type]	factor value[prey fraction]
interactomeB-dda-1	Streptococcus pyogenes	cell wall	1	not applicable	organism part	PLG_CAP_DTDNH_P2306_129	proteomic profiling by mass spectrometry	1	PLG_CAP_DTDNH_P2306_129.raw	v1.1.0	NT=ms-proteomics;VV=v1.1.0	manual curation	NT=Data-dependent acquisition;AC=PRIDE:0000627	NT=Q Exactive HF-X;AC=MS:1002877	NT=Trypsin;AC=MS:1001251	NT=label free sample;AC=MS:1002038	1	NT=beam-type collision-induced dissociation;AC=MS:1000422	27 NCE	not available	not available	NT=tris(2-carboxyethyl)phosphine (TCEP);AC=PRIDE:0000609	NT=iodoacetamide (IAA);AC=PRIDE:0000599	not available	PLG	AP-MS	CAP_fraction
interactomeB-dda-2	Streptococcus pyogenes	cell wall	2	not applicable	organism part	PLG_CAP_DTDNH_P2306_131	proteomic profiling by mass spectrometry	1	PLG_CAP_DTDNH_P2306_131.raw	v1.1.0	NT=ms-proteomics;VV=v1.1.0	manual curation	NT=Data-dependent acquisition;AC=PRIDE:0000627	NT=Q Exactive HF-X;AC=MS:1002877	NT=Trypsin;AC=MS:1001251	NT=label free sample;AC=MS:1002038	1	NT=beam-type collision-induced dissociation;AC=MS:1000422	27 NCE	not available	not available	NT=tris(2-carboxyethyl)phosphine (TCEP);AC=PRIDE:0000609	NT=iodoacetamide (IAA);AC=PRIDE:0000599	not available	PLG	AP-MS	CAP_fraction
interactomeB-dda-3	Streptococcus pyogenes	cell wall	3	not applicable	organism part	PLG_CAP_DTDNH_P2306_133	proteomic profiling by mass spectrometry	1	PLG_CAP_DTDNH_P2306_133.raw	v1.1.0	NT=ms-proteomics;VV=v1.1.0	manual curation	NT=Data-dependent acquisition;AC=PRIDE:0000627	NT=Q Exactive HF-X;AC=MS:1002877	NT=Trypsin;AC=MS:1001251	NT=label free sample;AC=MS:1002038	1	NT=beam-type collision-induced dissociation;AC=MS:1000422	27 NCE	not available	not available	NT=tris(2-carboxyethyl)phosphine (TCEP);AC=PRIDE:0000609	NT=iodoacetamide (IAA);AC=PRIDE:0000599	not available	PLG	AP-MS	CAP_fraction
interactomeB-dda-4	Streptococcus pyogenes	cell wall	4	not applicable	organism part	PLG_CAP_DTDNH_P2306_135	proteomic profiling by mass spectrometry	1	PLG_CAP_DTDNH_P2306_135.raw	v1.1.0	NT=ms-proteomics;VV=v1.1.0	manual curation	NT=Data-dependent acquisition;AC=PRIDE:0000627	NT=Q Exactive HF-X;AC=MS:1002877	NT=Trypsin;AC=MS:1001251	NT=label free sample;AC=MS:1002038	1	NT=beam-type collision-induced dissociation;AC=MS:1000422	27 NCE	not available	not available	NT=tris(2-carboxyethyl)phosphine (TCEP);AC=PRIDE:0000609	NT=iodoacetamide (IAA);AC=PRIDE:0000599	not available	PLG	AP-MS	CAP_fraction
interactomeB-dda-5	Streptococcus pyogenes	culture supernatant	5	not applicable	organism part	PLG_SP_DTDNH_P2306_140	proteomic profiling by mass spectrometry	1	PLG_SP_DTDNH_P2306_140.raw	v1.1.0	NT=ms-proteomics;VV=v1.1.0	manual curation	NT=Data-dependent acquisition;AC=PRIDE:0000627	NT=Q Exactive HF-X;AC=MS:1002877	NT=Trypsin;AC=MS:1001251	NT=label free sample;AC=MS:1002038	1	NT=beam-type collision-induced dissociation;AC=MS:1000422	27 NCE	not available	not available	NT=tris(2-carboxyethyl)phosphine (TCEP);AC=PRIDE:0000609	NT=iodoacetamide (IAA);AC=PRIDE:0000599	not available	PLG	AP-MS	SP_fraction
interactomeB-dda-6	Streptococcus pyogenes	culture supernatant	6	not applicable	organism part	PLG_SP_DTDNH_P2306_142	proteomic profiling by mass spectrometry	1	PLG_SP_DTDNH_P2306_142.raw	v1.1.0	NT=ms-proteomics;VV=v1.1.0	manual curation	NT=Data-dependent acquisition;AC=PRIDE:0000627	NT=Q Exactive HF-X;AC=MS:1002877	NT=Trypsin;AC=MS:1001251	NT=label free sample;AC=MS:1002038	1	NT=beam-type collision-induced dissociation;AC=MS:1000422	27 NCE	not available	not available	NT=tris(2-carboxyethyl)phosphine (TCEP);AC=PRIDE:0000609	NT=iodoacetamide (IAA);AC=PRIDE:0000599	not available	PLG	AP-MS	SP_fraction
interactomeB-dda-7	Streptococcus pyogenes	culture supernatant	7	not applicable	organism part	PLG_SP_DTDNH_P2306_144	proteomic profiling by mass spectrometry	1	PLG_SP_DTDNH_P2306_144.raw	v1.1.0	NT=ms-proteomics;VV=v1.1.0	manual curation	NT=Data-dependent acquisition;AC=PRIDE:0000627	NT=Q Exactive HF-X;AC=MS:1002877	NT=Trypsin;AC=MS:1001251	NT=label free sample;AC=MS:1002038	1	NT=beam-type collision-induced dissociation;AC=MS:1000422	27 NCE	not available	not available	NT=tris(2-carboxyethyl)phosphine (TCEP);AC=PRIDE:0000609	NT=iodoacetamide (IAA);AC=PRIDE:0000599	not available	PLG	AP-MS	SP_fraction
interactomeB-dda-8	Streptococcus pyogenes	culture supernatant	8	not applicable	organism part	PLG_SP_DTDNH_P2306_146	proteomic profiling by mass spectrometry	1	PLG_SP_DTDNH_P2306_146.raw	v1.1.0	NT=ms-proteomics;VV=v1.1.0	manual curation	NT=Data-dependent acquisition;AC=PRIDE:0000627	NT=Q Exactive HF-X;AC=MS:1002877	NT=Trypsin;AC=MS:1001251	NT=label free sample;AC=MS:1002038	1	NT=beam-type collision-induced dissociation;AC=MS:1000422	27 NCE	not available	not available	NT=tris(2-carboxyethyl)phosphine (TCEP);AC=PRIDE:0000609	NT=iodoacetamide (IAA);AC=PRIDE:0000599	not available	PLG	AP-MS	SP_fraction
interactomeB-dda-9	Streptococcus pyogenes	cell wall	9	not applicable	organism part	null_preyPS_DTDNH_P2306_120	proteomic profiling by mass spectrometry	1	null_preyPS_DTDNH_P2306_120.raw	v1.1.0	NT=ms-proteomics;VV=v1.1.0	manual curation	NT=Data-dependent acquisition;AC=PRIDE:0000627	NT=Q Exactive HF-X;AC=MS:1002877	NT=Trypsin;AC=MS:1001251	NT=label free sample;AC=MS:1002038	1	NT=beam-type collision-induced dissociation;AC=MS:1000422	27 NCE	not available	not available	NT=tris(2-carboxyethyl)phosphine (TCEP);AC=PRIDE:0000609	NT=iodoacetamide (IAA);AC=PRIDE:0000599	not available	no PLG	AP-MS	CAP_SP_fraction
interactomeB-dda-10	Streptococcus pyogenes	cell wall	10	not applicable	organism part	null_preyPS_DTDNH_P2306_122	proteomic profiling by mass spectrometry	1	null_preyPS_DTDNH_P2306_122.raw	v1.1.0	NT=ms-proteomics;VV=v1.1.0	manual curation	NT=Data-dependent acquisition;AC=PRIDE:0000627	NT=Q Exactive HF-X;AC=MS:1002877	NT=Trypsin;AC=MS:1001251	NT=label free sample;AC=MS:1002038	1	NT=beam-type collision-induced dissociation;AC=MS:1000422	27 NCE	not available	not available	NT=tris(2-carboxyethyl)phosphine (TCEP);AC=PRIDE:0000609	NT=iodoacetamide (IAA);AC=PRIDE:0000599	not available	no PLG	AP-MS	CAP_SP_fraction
interactomeB-dda-11	Streptococcus pyogenes	cell wall	11	not applicable	organism part	null_preyPS_DTDNH_P2306_124	proteomic profiling by mass spectrometry	1	null_preyPS_DTDNH_P2306_124.raw	v1.1.0	NT=ms-proteomics;VV=v1.1.0	manual curation	NT=Data-dependent acquisition;AC=PRIDE:0000627	NT=Q Exactive HF-X;AC=MS:1002877	NT=Trypsin;AC=MS:1001251	NT=label free sample;AC=MS:1002038	1	NT=beam-type collision-induced dissociation;AC=MS:1000422	27 NCE	not available	not available	NT=tris(2-carboxyethyl)phosphine (TCEP);AC=PRIDE:0000609	NT=iodoacetamide (IAA);AC=PRIDE:0000599	not available	no PLG	AP-MS	CAP_SP_fraction
interactomeB-dda-12	Streptococcus pyogenes	cell wall	12	not applicable	organism part	null_preyPS_DTDNH_P2306_126	proteomic profiling by mass spectrometry	1	null_preyPS_DTDNH_P2306_126.raw	v1.1.0	NT=ms-proteomics;VV=v1.1.0	manual curation	NT=Data-dependent acquisition;AC=PRIDE:0000627	NT=Q Exactive HF-X;AC=MS:1002877	NT=Trypsin;AC=MS:1001251	NT=label free sample;AC=MS:1002038	1	NT=beam-type collision-induced dissociation;AC=MS:1000422	27 NCE	not available	not available	NT=tris(2-carboxyethyl)phosphine (TCEP);AC=PRIDE:0000609	NT=iodoacetamide (IAA);AC=PRIDE:0000599	not available	no PLG	AP-MS	CAP_SP_fraction
interactomeB-dda-13	Streptococcus pyogenes	culture supernatant	13	not applicable	organism part	CAP_f01_a_DTDNH_P2306_043	proteomic profiling by mass spectrometry	1	CAP_f01_a_DTDNH_P2306_043.raw	v1.1.0	NT=ms-proteomics;VV=v1.1.0	manual curation	NT=Data-dependent acquisition;AC=PRIDE:0000627	NT=Q Exactive HF-X;AC=MS:1002877	NT=Trypsin;AC=MS:1001251	NT=label free sample;AC=MS:1002038	1	NT=beam-type collision-induced dissociation;AC=MS:1000422	27 NCE	not available	not available	NT=tris(2-carboxyethyl)phosphine (TCEP);AC=PRIDE:0000609	NT=iodoacetamide (IAA);AC=PRIDE:0000599	not available	n.a.	fractionation	n.a.
interactomeB-dda-14	Streptococcus pyogenes	culture supernatant	14	not applicable	organism part	CAP_f01_b_DTDNH_P2306_044	proteomic profiling by mass spectrometry	1	CAP_f01_b_DTDNH_P2306_044.raw	v1.1.0	NT=ms-proteomics;VV=v1.1.0	manual curation	NT=Data-dependent acquisition;AC=PRIDE:0000627	NT=Q Exactive HF-X;AC=MS:1002877	NT=Trypsin;AC=MS:1001251	NT=label free sample;AC=MS:1002038	1	NT=beam-type collision-induced dissociation;AC=MS:1000422	27 NCE	not available	not available	NT=tris(2-carboxyethyl)phosphine (TCEP);AC=PRIDE:0000609	NT=iodoacetamide (IAA);AC=PRIDE:0000599	not available	n.a.	fractionation	n.a.
interactomeB-dda-15	Streptococcus pyogenes	culture supernatant	15	not applicable	organism part	CAP_f02_a_DTDNH_P2306_046	proteomic profiling by mass spectrometry	1	CAP_f02_a_DTDNH_P2306_046.raw	v1.1.0	NT=ms-proteomics;VV=v1.1.0	manual curation	NT=Data-dependent acquisition;AC=PRIDE:0000627	NT=Q Exactive HF-X;AC=MS:1002877	NT=Trypsin;AC=MS:1001251	NT=label free sample;AC=MS:1002038	1	NT=beam-type collision-induced dissociation;AC=MS:1000422	27 NCE	not available	not available	NT=tris(2-carboxyethyl)phosphine (TCEP);AC=PRIDE:0000609	NT=iodoacetamide (IAA);AC=PRIDE:0000599	not available	n.a.	fractionation	n.a.
interactomeB-dda-16	Streptococcus pyogenes	culture supernatant	16	not applicable	organism part	CAP_f02_b_DTDNH_P2306_047	proteomic profiling by mass spectrometry	1	CAP_f02_b_DTDNH_P2306_047.raw	v1.1.0	NT=ms-proteomics;VV=v1.1.0	manual curation	NT=Data-dependent acquisition;AC=PRIDE:0000627	NT=Q Exactive HF-X;AC=MS:1002877	NT=Trypsin;AC=MS:1001251	NT=label free sample;AC=MS:1002038	1	NT=beam-type collision-induced dissociation;AC=MS:1000422	27 NCE	not available	not available	NT=tris(2-carboxyethyl)phosphine (TCEP);AC=PRIDE:0000609	NT=iodoacetamide (IAA);AC=PRIDE:0000599	not available	n.a.	fractionation	n.a.
interactomeB-dda-17	Streptococcus pyogenes	culture supernatant	17	not applicable	organism part	CAP_f03_a_DTDNH_P2306_049	proteomic profiling by mass spectrometry	1	CAP_f03_a_DTDNH_P2306_049.raw	v1.1.0	NT=ms-proteomics;VV=v1.1.0	manual curation	NT=Data-dependent acquisition;AC=PRIDE:0000627	NT=Q Exactive HF-X;AC=MS:1002877	NT=Trypsin;AC=MS:1001251	NT=label free sample;AC=MS:1002038	1	NT=beam-type collision-induced dissociation;AC=MS:1000422	27 NCE	not available	not available	NT=tris(2-carboxyethyl)phosphine (TCEP);AC=PRIDE:0000609	NT=iodoacetamide (IAA);AC=PRIDE:0000599	not available	n.a.	fractionation	n.a.
interactomeB-dda-18	Streptococcus pyogenes	culture supernatant	18	not applicable	organism part	CAP_f03_b_DTDNH_P2306_050	proteomic profiling by mass spectrometry	1	CAP_f03_b_DTDNH_P2306_050.raw	v1.1.0	NT=ms-proteomics;VV=v1.1.0	manual curation	NT=Data-dependent acquisition;AC=PRIDE:0000627	NT=Q Exactive HF-X;AC=MS:1002877	NT=Trypsin;AC=MS:1001251	NT=label free sample;AC=MS:1002038	1	NT=beam-type collision-induced dissociation;AC=MS:1000422	27 NCE	not available	not available	NT=tris(2-carboxyethyl)phosphine (TCEP);AC=PRIDE:0000609	NT=iodoacetamide (IAA);AC=PRIDE:0000599	not available	n.a.	fractionation	n.a.
interactomeB-dda-19	Streptococcus pyogenes	culture supernatant	19	not applicable	organism part	CAP_f04_a_DTDNH_P2306_052	proteomic profiling by mass spectrometry	1	CAP_f04_a_DTDNH_P2306_052.raw	v1.1.0	NT=ms-proteomics;VV=v1.1.0	manual curation	NT=Data-dependent acquisition;AC=PRIDE:0000627	NT=Q Exactive HF-X;AC=MS:1002877	NT=Trypsin;AC=MS:1001251	NT=label free sample;AC=MS:1002038	1	NT=beam-type collision-induced dissociation;AC=MS:1000422	27 NCE	not available	not available	NT=tris(2-carboxyethyl)phosphine (TCEP);AC=PRIDE:0000609	NT=iodoacetamide (IAA);AC=PRIDE:0000599	not available	n.a.	fractionation	n.a.
interactomeB-dda-20	Streptococcus pyogenes	culture supernatant	20	not applicable	organism part	CAP_f04_b_DTDNH_P2306_053	proteomic profiling by mass spectrometry	1	CAP_f04_b_DTDNH_P2306_053.raw	v1.1.0	NT=ms-proteomics;VV=v1.1.0	manual curation	NT=Data-dependent acquisition;AC=PRIDE:0000627	NT=Q Exactive HF-X;AC=MS:1002877	NT=Trypsin;AC=MS:1001251	NT=label free sample;AC=MS:1002038	1	NT=beam-type collision-induced dissociation;AC=MS:1000422	27 NCE	not available	not available	NT=tris(2-carboxyethyl)phosphine (TCEP);AC=PRIDE:0000609	NT=iodoacetamide (IAA);AC=PRIDE:0000599	not available	n.a.	fractionation	n.a.
interactomeB-dda-21	Streptococcus pyogenes	culture supernatant	21	not applicable	organism part	CAP_f05_a_DTDNH_P2306_057	proteomic profiling by mass spectrometry	1	CAP_f05_a_DTDNH_P2306_057.raw	v1.1.0	NT=ms-proteomics;VV=v1.1.0	manual curation	NT=Data-dependent acquisition;AC=PRIDE:0000627	NT=Q Exactive HF-X;AC=MS:1002877	NT=Trypsin;AC=MS:1001251	NT=label free sample;AC=MS:1002038	1	NT=beam-type collision-induced dissociation;AC=MS:1000422	27 NCE	not available	not available	NT=tris(2-carboxyethyl)phosphine (TCEP);AC=PRIDE:0000609	NT=iodoacetamide (IAA);AC=PRIDE:0000599	not available	n.a.	fractionation	n.a.
interactomeB-dda-22	Streptococcus pyogenes	culture supernatant	22	not applicable	organism part	CAP_f05_b_DTDNH_P2306_058	proteomic profiling by mass spectrometry	1	CAP_f05_b_DTDNH_P2306_058.raw	v1.1.0	NT=ms-proteomics;VV=v1.1.0	manual curation	NT=Data-dependent acquisition;AC=PRIDE:0000627	NT=Q Exactive HF-X;AC=MS:1002877	NT=Trypsin;AC=MS:1001251	NT=label free sample;AC=MS:1002038	1	NT=beam-type collision-induced dissociation;AC=MS:1000422	27 NCE	not available	not available	NT=tris(2-carboxyethyl)phosphine (TCEP);AC=PRIDE:0000609	NT=iodoacetamide (IAA);AC=PRIDE:0000599	not available	n.a.	fractionation	n.a.
interactomeB-dda-23	Streptococcus pyogenes	culture supernatant	23	not applicable	organism part	CAP_f06_a_DTDNH_P2306_060	proteomic profiling by mass spectrometry	1	CAP_f06_a_DTDNH_P2306_060.raw	v1.1.0	NT=ms-proteomics;VV=v1.1.0	manual curation	NT=Data-dependent acquisition;AC=PRIDE:0000627	NT=Q Exactive HF-X;AC=MS:1002877	NT=Trypsin;AC=MS:1001251	NT=label free sample;AC=MS:1002038	1	NT=beam-type collision-induced dissociation;AC=MS:1000422	27 NCE	not available	not available	NT=tris(2-carboxyethyl)phosphine (TCEP);AC=PRIDE:0000609	NT=iodoacetamide (IAA);AC=PRIDE:0000599	not available	n.a.	fractionation	n.a.
interactomeB-dda-24	Streptococcus pyogenes	culture supernatant	24	not applicable	organism part	CAP_f06_b_DTDNH_P2306_061	proteomic profiling by mass spectrometry	1	CAP_f06_b_DTDNH_P2306_061.raw	v1.1.0	NT=ms-proteomics;VV=v1.1.0	manual curation	NT=Data-dependent acquisition;AC=PRIDE:0000627	NT=Q Exactive HF-X;AC=MS:1002877	NT=Trypsin;AC=MS:1001251	NT=label free sample;AC=MS:1002038	1	NT=beam-type collision-induced dissociation;AC=MS:1000422	27 NCE	not available	not available	NT=tris(2-carboxyethyl)phosphine (TCEP);AC=PRIDE:0000609	NT=iodoacetamide (IAA);AC=PRIDE:0000599	not available	n.a.	fractionation	n.a.
interactomeB-dda-25	Streptococcus pyogenes	culture supernatant	25	not applicable	organism part	CAP_f07_a_DTDNH_P2306_063	proteomic profiling by mass spectrometry	1	CAP_f07_a_DTDNH_P2306_063.raw	v1.1.0	NT=ms-proteomics;VV=v1.1.0	manual curation	NT=Data-dependent acquisition;AC=PRIDE:0000627	NT=Q Exactive HF-X;AC=MS:1002877	NT=Trypsin;AC=MS:1001251	NT=label free sample;AC=MS:1002038	1	NT=beam-type collision-induced dissociation;AC=MS:1000422	27 NCE	not available	not available	NT=tris(2-carboxyethyl)phosphine (TCEP);AC=PRIDE:0000609	NT=iodoacetamide (IAA);AC=PRIDE:0000599	not available	n.a.	fractionation	n.a.
interactomeB-dda-26	Streptococcus pyogenes	culture supernatant	26	not applicable	organism part	CAP_f07_b_DTDNH_P2306_064	proteomic profiling by mass spectrometry	1	CAP_f07_b_DTDNH_P2306_064.raw	v1.1.0	NT=ms-proteomics;VV=v1.1.0	manual curation	NT=Data-dependent acquisition;AC=PRIDE:0000627	NT=Q Exactive HF-X;AC=MS:1002877	NT=Trypsin;AC=MS:1001251	NT=label free sample;AC=MS:1002038	1	NT=beam-type collision-induced dissociation;AC=MS:1000422	27 NCE	not available	not available	NT=tris(2-carboxyethyl)phosphine (TCEP);AC=PRIDE:0000609	NT=iodoacetamide (IAA);AC=PRIDE:0000599	not available	n.a.	fractionation	n.a.
interactomeB-dda-27	Streptococcus pyogenes	culture supernatant	27	not applicable	organism part	CAP_f08_a_DTDNH_P2306_066	proteomic profiling by mass spectrometry	1	CAP_f08_a_DTDNH_P2306_066.raw	v1.1.0	NT=ms-proteomics;VV=v1.1.0	manual curation	NT=Data-dependent acquisition;AC=PRIDE:0000627	NT=Q Exactive HF-X;AC=MS:1002877	NT=Trypsin;AC=MS:1001251	NT=label free sample;AC=MS:1002038	1	NT=beam-type collision-induced dissociation;AC=MS:1000422	27 NCE	not available	not available	NT=tris(2-carboxyethyl)phosphine (TCEP);AC=PRIDE:0000609	NT=iodoacetamide (IAA);AC=PRIDE:0000599	not available	n.a.	fractionation	n.a.
interactomeB-dda-28	Streptococcus pyogenes	culture supernatant	28	not applicable	organism part	CAP_f08_b_DTDNH_P2306_067	proteomic profiling by mass spectrometry	1	CAP_f08_b_DTDNH_P2306_067.raw	v1.1.0	NT=ms-proteomics;VV=v1.1.0	manual curation	NT=Data-dependent acquisition;AC=PRIDE:0000627	NT=Q Exactive HF-X;AC=MS:1002877	NT=Trypsin;AC=MS:1001251	NT=label free sample;AC=MS:1002038	1	NT=beam-type collision-induced dissociation;AC=MS:1000422	27 NCE	not available	not available	NT=tris(2-carboxyethyl)phosphine (TCEP);AC=PRIDE:0000609	NT=iodoacetamide (IAA);AC=PRIDE:0000599	not available	n.a.	fractionation	n.a.
interactomeB-dda-29	Streptococcus pyogenes	culture supernatant	29	not applicable	organism part	CAP_uf_a_DTDNH_P2306_037	proteomic profiling by mass spectrometry	1	CAP_uf_a_DTDNH_P2306_037.raw	v1.1.0	NT=ms-proteomics;VV=v1.1.0	manual curation	NT=Data-dependent acquisition;AC=PRIDE:0000627	NT=Q Exactive HF-X;AC=MS:1002877	NT=Trypsin;AC=MS:1001251	NT=label free sample;AC=MS:1002038	1	NT=beam-type collision-induced dissociation;AC=MS:1000422	27 NCE	not available	not available	NT=tris(2-carboxyethyl)phosphine (TCEP);AC=PRIDE:0000609	NT=iodoacetamide (IAA);AC=PRIDE:0000599	not available	n.a.	bulk	n.a.
interactomeB-dda-30	Streptococcus pyogenes	culture supernatant	30	not applicable	organism part	CAP_uf_b_DTDNH_P2306_038	proteomic profiling by mass spectrometry	1	CAP_uf_b_DTDNH_P2306_038.raw	v1.1.0	NT=ms-proteomics;VV=v1.1.0	manual curation	NT=Data-dependent acquisition;AC=PRIDE:0000627	NT=Q Exactive HF-X;AC=MS:1002877	NT=Trypsin;AC=MS:1001251	NT=label free sample;AC=MS:1002038	1	NT=beam-type collision-induced dissociation;AC=MS:1000422	27 NCE	not available	not available	NT=tris(2-carboxyethyl)phosphine (TCEP);AC=PRIDE:0000609	NT=iodoacetamide (IAA);AC=PRIDE:0000599	not available	n.a.	bulk	n.a.
interactomeB-dda-31	Streptococcus pyogenes	culture supernatant	31	not applicable	organism part	CAP_uf_c_DTDNH_P2306_039	proteomic profiling by mass spectrometry	1	CAP_uf_c_DTDNH_P2306_039.raw	v1.1.0	NT=ms-proteomics;VV=v1.1.0	manual curation	NT=Data-dependent acquisition;AC=PRIDE:0000627	NT=Q Exactive HF-X;AC=MS:1002877	NT=Trypsin;AC=MS:1001251	NT=label free sample;AC=MS:1002038	1	NT=beam-type collision-induced dissociation;AC=MS:1000422	27 NCE	not available	not available	NT=tris(2-carboxyethyl)phosphine (TCEP);AC=PRIDE:0000609	NT=iodoacetamide (IAA);AC=PRIDE:0000599	not available	n.a.	bulk	n.a.
interactomeB-dda-32	Streptococcus pyogenes	culture supernatant	32	not applicable	organism part	SP_uf_a_DTDNH_P2306_002	proteomic profiling by mass spectrometry	1	SP_uf_a_DTDNH_P2306_002.raw	v1.1.0	NT=ms-proteomics;VV=v1.1.0	manual curation	NT=Data-dependent acquisition;AC=PRIDE:0000627	NT=Q Exactive HF-X;AC=MS:1002877	NT=Trypsin;AC=MS:1001251	NT=label free sample;AC=MS:1002038	1	NT=beam-type collision-induced dissociation;AC=MS:1000422	27 NCE	not available	not available	NT=tris(2-carboxyethyl)phosphine (TCEP);AC=PRIDE:0000609	NT=iodoacetamide (IAA);AC=PRIDE:0000599	not available	n.a.	bulk	n.a.
interactomeB-dda-33	Streptococcus pyogenes	culture supernatant	33	not applicable	organism part	SP_uf_b_DTDNH_P2306_034	proteomic profiling by mass spectrometry	1	SP_uf_b_DTDNH_P2306_034.raw	v1.1.0	NT=ms-proteomics;VV=v1.1.0	manual curation	NT=Data-dependent acquisition;AC=PRIDE:0000627	NT=Q Exactive HF-X;AC=MS:1002877	NT=Trypsin;AC=MS:1001251	NT=label free sample;AC=MS:1002038	1	NT=beam-type collision-induced dissociation;AC=MS:1000422	27 NCE	not available	not available	NT=tris(2-carboxyethyl)phosphine (TCEP);AC=PRIDE:0000609	NT=iodoacetamide (IAA);AC=PRIDE:0000599	not available	n.a.	bulk	n.a.
interactomeB-dda-34	Streptococcus pyogenes	culture supernatant	34	not applicable	organism part	SP_uf_c_DTDNH_P2306_035	proteomic profiling by mass spectrometry	1	SP_uf_c_DTDNH_P2306_035.raw	v1.1.0	NT=ms-proteomics;VV=v1.1.0	manual curation	NT=Data-dependent acquisition;AC=PRIDE:0000627	NT=Q Exactive HF-X;AC=MS:1002877	NT=Trypsin;AC=MS:1001251	NT=label free sample;AC=MS:1002038	1	NT=beam-type collision-induced dissociation;AC=MS:1000422	27 NCE	not available	not available	NT=tris(2-carboxyethyl)phosphine (TCEP);AC=PRIDE:0000609	NT=iodoacetamide (IAA);AC=PRIDE:0000599	not available	n.a.	bulk	n.a.
interactomeB-dda-35	Streptococcus pyogenes	culture supernatant	35	not applicable	organism part	SP_f01_a_DTDNH_P2306_006	proteomic profiling by mass spectrometry	1	SP_f01_a_DTDNH_P2306_006.raw	v1.1.0	NT=ms-proteomics;VV=v1.1.0	manual curation	NT=Data-dependent acquisition;AC=PRIDE:0000627	NT=Q Exactive HF-X;AC=MS:1002877	NT=Trypsin;AC=MS:1001251	NT=label free sample;AC=MS:1002038	1	NT=beam-type collision-induced dissociation;AC=MS:1000422	27 NCE	not available	not available	NT=tris(2-carboxyethyl)phosphine (TCEP);AC=PRIDE:0000609	NT=iodoacetamide (IAA);AC=PRIDE:0000599	not available	n.a.	fractionation	n.a.
interactomeB-dda-36	Streptococcus pyogenes	culture supernatant	36	not applicable	organism part	SP_f01_b_DTDNH_P2306_007	proteomic profiling by mass spectrometry	1	SP_f01_b_DTDNH_P2306_007.raw	v1.1.0	NT=ms-proteomics;VV=v1.1.0	manual curation	NT=Data-dependent acquisition;AC=PRIDE:0000627	NT=Q Exactive HF-X;AC=MS:1002877	NT=Trypsin;AC=MS:1001251	NT=label free sample;AC=MS:1002038	1	NT=beam-type collision-induced dissociation;AC=MS:1000422	27 NCE	not available	not available	NT=tris(2-carboxyethyl)phosphine (TCEP);AC=PRIDE:0000609	NT=iodoacetamide (IAA);AC=PRIDE:0000599	not available	n.a.	fractionation	n.a.
interactomeB-dda-37	Streptococcus pyogenes	culture supernatant	37	not applicable	organism part	SP_f02_a_DTDNH_P2306_009	proteomic profiling by mass spectrometry	1	SP_f02_a_DTDNH_P2306_009.raw	v1.1.0	NT=ms-proteomics;VV=v1.1.0	manual curation	NT=Data-dependent acquisition;AC=PRIDE:0000627	NT=Q Exactive HF-X;AC=MS:1002877	NT=Trypsin;AC=MS:1001251	NT=label free sample;AC=MS:1002038	1	NT=beam-type collision-induced dissociation;AC=MS:1000422	27 NCE	not available	not available	NT=tris(2-carboxyethyl)phosphine (TCEP);AC=PRIDE:0000609	NT=iodoacetamide (IAA);AC=PRIDE:0000599	not available	n.a.	fractionation	n.a.
interactomeB-dda-38	Streptococcus pyogenes	culture supernatant	38	not applicable	organism part	SP_f02_b_DTDNH_P2306_010	proteomic profiling by mass spectrometry	1	SP_f02_b_DTDNH_P2306_010.raw	v1.1.0	NT=ms-proteomics;VV=v1.1.0	manual curation	NT=Data-dependent acquisition;AC=PRIDE:0000627	NT=Q Exactive HF-X;AC=MS:1002877	NT=Trypsin;AC=MS:1001251	NT=label free sample;AC=MS:1002038	1	NT=beam-type collision-induced dissociation;AC=MS:1000422	27 NCE	not available	not available	NT=tris(2-carboxyethyl)phosphine (TCEP);AC=PRIDE:0000609	NT=iodoacetamide (IAA);AC=PRIDE:0000599	not available	n.a.	fractionation	n.a.
interactomeB-dda-39	Streptococcus pyogenes	culture supernatant	39	not applicable	organism part	SP_f03_a_DTDNH_P2306_012	proteomic profiling by mass spectrometry	1	SP_f03_a_DTDNH_P2306_012.raw	v1.1.0	NT=ms-proteomics;VV=v1.1.0	manual curation	NT=Data-dependent acquisition;AC=PRIDE:0000627	NT=Q Exactive HF-X;AC=MS:1002877	NT=Trypsin;AC=MS:1001251	NT=label free sample;AC=MS:1002038	1	NT=beam-type collision-induced dissociation;AC=MS:1000422	27 NCE	not available	not available	NT=tris(2-carboxyethyl)phosphine (TCEP);AC=PRIDE:0000609	NT=iodoacetamide (IAA);AC=PRIDE:0000599	not available	n.a.	fractionation	n.a.
interactomeB-dda-40	Streptococcus pyogenes	culture supernatant	40	not applicable	organism part	SP_f03_b_DTDNH_P2306_013	proteomic profiling by mass spectrometry	1	SP_f03_b_DTDNH_P2306_013.raw	v1.1.0	NT=ms-proteomics;VV=v1.1.0	manual curation	NT=Data-dependent acquisition;AC=PRIDE:0000627	NT=Q Exactive HF-X;AC=MS:1002877	NT=Trypsin;AC=MS:1001251	NT=label free sample;AC=MS:1002038	1	NT=beam-type collision-induced dissociation;AC=MS:1000422	27 NCE	not available	not available	NT=tris(2-carboxyethyl)phosphine (TCEP);AC=PRIDE:0000609	NT=iodoacetamide (IAA);AC=PRIDE:0000599	not available	n.a.	fractionation	n.a.
interactomeB-dda-41	Streptococcus pyogenes	culture supernatant	41	not applicable	organism part	SP_f04_a_DTDNH_P2306_015	proteomic profiling by mass spectrometry	1	SP_f04_a_DTDNH_P2306_015.raw	v1.1.0	NT=ms-proteomics;VV=v1.1.0	manual curation	NT=Data-dependent acquisition;AC=PRIDE:0000627	NT=Q Exactive HF-X;AC=MS:1002877	NT=Trypsin;AC=MS:1001251	NT=label free sample;AC=MS:1002038	1	NT=beam-type collision-induced dissociation;AC=MS:1000422	27 NCE	not available	not available	NT=tris(2-carboxyethyl)phosphine (TCEP);AC=PRIDE:0000609	NT=iodoacetamide (IAA);AC=PRIDE:0000599	not available	n.a.	fractionation	n.a.
interactomeB-dda-42	Streptococcus pyogenes	culture supernatant	42	not applicable	organism part	SP_f04_b_DTDNH_P2306_016	proteomic profiling by mass spectrometry	1	SP_f04_b_DTDNH_P2306_016.raw	v1.1.0	NT=ms-proteomics;VV=v1.1.0	manual curation	NT=Data-dependent acquisition;AC=PRIDE:0000627	NT=Q Exactive HF-X;AC=MS:1002877	NT=Trypsin;AC=MS:1001251	NT=label free sample;AC=MS:1002038	1	NT=beam-type collision-induced dissociation;AC=MS:1000422	27 NCE	not available	not available	NT=tris(2-carboxyethyl)phosphine (TCEP);AC=PRIDE:0000609	NT=iodoacetamide (IAA);AC=PRIDE:0000599	not available	n.a.	fractionation	n.a.
interactomeB-dda-43	Streptococcus pyogenes	culture supernatant	43	not applicable	organism part	SP_f05_a_DTDNH_P2306_020	proteomic profiling by mass spectrometry	1	SP_f05_a_DTDNH_P2306_020.raw	v1.1.0	NT=ms-proteomics;VV=v1.1.0	manual curation	NT=Data-dependent acquisition;AC=PRIDE:0000627	NT=Q Exactive HF-X;AC=MS:1002877	NT=Trypsin;AC=MS:1001251	NT=label free sample;AC=MS:1002038	1	NT=beam-type collision-induced dissociation;AC=MS:1000422	27 NCE	not available	not available	NT=tris(2-carboxyethyl)phosphine (TCEP);AC=PRIDE:0000609	NT=iodoacetamide (IAA);AC=PRIDE:0000599	not available	n.a.	fractionation	n.a.
interactomeB-dda-44	Streptococcus pyogenes	culture supernatant	44	not applicable	organism part	SP_f05_b_DTDNH_P2306_021	proteomic profiling by mass spectrometry	1	SP_f05_b_DTDNH_P2306_021.raw	v1.1.0	NT=ms-proteomics;VV=v1.1.0	manual curation	NT=Data-dependent acquisition;AC=PRIDE:0000627	NT=Q Exactive HF-X;AC=MS:1002877	NT=Trypsin;AC=MS:1001251	NT=label free sample;AC=MS:1002038	1	NT=beam-type collision-induced dissociation;AC=MS:1000422	27 NCE	not available	not available	NT=tris(2-carboxyethyl)phosphine (TCEP);AC=PRIDE:0000609	NT=iodoacetamide (IAA);AC=PRIDE:0000599	not available	n.a.	fractionation	n.a.
interactomeB-dda-45	Streptococcus pyogenes	culture supernatant	45	not applicable	organism part	SP_f06_a_DTDNH_P2306_023	proteomic profiling by mass spectrometry	1	SP_f06_a_DTDNH_P2306_023.raw	v1.1.0	NT=ms-proteomics;VV=v1.1.0	manual curation	NT=Data-dependent acquisition;AC=PRIDE:0000627	NT=Q Exactive HF-X;AC=MS:1002877	NT=Trypsin;AC=MS:1001251	NT=label free sample;AC=MS:1002038	1	NT=beam-type collision-induced dissociation;AC=MS:1000422	27 NCE	not available	not available	NT=tris(2-carboxyethyl)phosphine (TCEP);AC=PRIDE:0000609	NT=iodoacetamide (IAA);AC=PRIDE:0000599	not available	n.a.	fractionation	n.a.
interactomeB-dda-46	Streptococcus pyogenes	culture supernatant	46	not applicable	organism part	SP_f06_b_DTDNH_P2306_024	proteomic profiling by mass spectrometry	1	SP_f06_b_DTDNH_P2306_024.raw	v1.1.0	NT=ms-proteomics;VV=v1.1.0	manual curation	NT=Data-dependent acquisition;AC=PRIDE:0000627	NT=Q Exactive HF-X;AC=MS:1002877	NT=Trypsin;AC=MS:1001251	NT=label free sample;AC=MS:1002038	1	NT=beam-type collision-induced dissociation;AC=MS:1000422	27 NCE	not available	not available	NT=tris(2-carboxyethyl)phosphine (TCEP);AC=PRIDE:0000609	NT=iodoacetamide (IAA);AC=PRIDE:0000599	not available	n.a.	fractionation	n.a.
interactomeB-dda-47	Streptococcus pyogenes	culture supernatant	47	not applicable	organism part	SP_f07_a_DTDNH_P2306_026	proteomic profiling by mass spectrometry	1	SP_f07_a_DTDNH_P2306_026.raw	v1.1.0	NT=ms-proteomics;VV=v1.1.0	manual curation	NT=Data-dependent acquisition;AC=PRIDE:0000627	NT=Q Exactive HF-X;AC=MS:1002877	NT=Trypsin;AC=MS:1001251	NT=label free sample;AC=MS:1002038	1	NT=beam-type collision-induced dissociation;AC=MS:1000422	27 NCE	not available	not available	NT=tris(2-carboxyethyl)phosphine (TCEP);AC=PRIDE:0000609	NT=iodoacetamide (IAA);AC=PRIDE:0000599	not available	n.a.	fractionation	n.a.
interactomeB-dda-48	Streptococcus pyogenes	culture supernatant	48	not applicable	organism part	SP_f07_b_DTDNH_P2306_027	proteomic profiling by mass spectrometry	1	SP_f07_b_DTDNH_P2306_027.raw	v1.1.0	NT=ms-proteomics;VV=v1.1.0	manual curation	NT=Data-dependent acquisition;AC=PRIDE:0000627	NT=Q Exactive HF-X;AC=MS:1002877	NT=Trypsin;AC=MS:1001251	NT=label free sample;AC=MS:1002038	1	NT=beam-type collision-induced dissociation;AC=MS:1000422	27 NCE	not available	not available	NT=tris(2-carboxyethyl)phosphine (TCEP);AC=PRIDE:0000609	NT=iodoacetamide (IAA);AC=PRIDE:0000599	not available	n.a.	fractionation	n.a.
interactomeB-dda-49	Streptococcus pyogenes	culture supernatant	49	not applicable	organism part	SP_f08_a_DTDNH_P2306_029	proteomic profiling by mass spectrometry	1	SP_f08_a_DTDNH_P2306_029.raw	v1.1.0	NT=ms-proteomics;VV=v1.1.0	manual curation	NT=Data-dependent acquisition;AC=PRIDE:0000627	NT=Q Exactive HF-X;AC=MS:1002877	NT=Trypsin;AC=MS:1001251	NT=label free sample;AC=MS:1002038	1	NT=beam-type collision-induced dissociation;AC=MS:1000422	27 NCE	not available	not available	NT=tris(2-carboxyethyl)phosphine (TCEP);AC=PRIDE:0000609	NT=iodoacetamide (IAA);AC=PRIDE:0000599	not available	n.a.	fractionation	n.a.
interactomeB-dda-50	Streptococcus pyogenes	culture supernatant	50	not applicable	organism part	SP_f08_b_DTDNH_P2306_030	proteomic profiling by mass spectrometry	1	SP_f08_b_DTDNH_P2306_030.raw	v1.1.0	NT=ms-proteomics;VV=v1.1.0	manual curation	NT=Data-dependent acquisition;AC=PRIDE:0000627	NT=Q Exactive HF-X;AC=MS:1002877	NT=Trypsin;AC=MS:1001251	NT=label free sample;AC=MS:1002038	1	NT=beam-type collision-induced dissociation;AC=MS:1000422	27 NCE	not available	not available	NT=tris(2-carboxyethyl)phosphine (TCEP);AC=PRIDE:0000609	NT=iodoacetamide (IAA);AC=PRIDE:0000599	not available	n.a.	fractionation	n.a.
