source name	characteristics[organism]	characteristics[organism part]	characteristics[cell type]	characteristics[biological replicate]	characteristics[disease]	characteristics[material type]	characteristics[treatment]	characteristics[age]	characteristics[sex]	characteristics[cell line]	characteristics[cellosaurus accession]	characteristics[cellosaurus name]	assay name	technology type	comment[technical replicate]	comment[data file]	comment[sdrf version]	comment[sdrf template]	comment[sdrf template]	comment[sdrf template]	comment[sdrf annotation tool]	comment[proteomics data acquisition method]	comment[instrument]	comment[cleavage agent details]	comment[label]	comment[fraction identifier]	comment[dissociation method]	comment[precursor mass tolerance]	comment[fragment mass tolerance]	comment[reduction reagent]	comment[alkylation reagent]	comment[modification parameters]	comment[modification parameters]	comment[modification parameters]	comment[modification parameters]	comment[modification parameters]	factor value[treatment]
NB1-control-1	Homo sapiens	neuroblastoma cell	not available	1	neuroblastoma	cell line	vehicle control	not available	not available	NB1	CVCL_1440	NB1	Lumos_190430_57-TMT126	proteomic profiling by mass spectrometry	1	Lumos_190430_57.raw	v1.1.0	NT=ms-proteomics;VV=v1.1.0	NT=human;VV=v1.1.0	NT=cell-lines;VV=v1.1.0	manual curation	NT=Data-dependent acquisition;AC=PRIDE:0000627	NT=Orbitrap Fusion Lumos;AC=MS:1002732	NT=Trypsin;AC=MS:1001251	TMT126	1	NT=higher energy beam-type collision-induced dissociation;AC=MS:1000422	5 ppm	0.6 Da	NT=dithiothreitol (DTT);AC=PRIDE:0000608	NT=methyl methanethiosulfonate (MMTS);AC=PRIDE:0000605	NT=Methylthio;AC=UNIMOD:39;TA=C;MT=Fixed	NT=Oxidation;AC=UNIMOD:35;TA=M;MT=Variable	NT=TMT6plex;AC=UNIMOD:737;TA=K;MT=Fixed	NT=TMT6plex;AC=UNIMOD:737;PP=Any N-term;MT=Fixed	NT=Phospho;AC=UNIMOD:21;TA=S,T,Y;MT=Variable	vehicle control
NB1-control-1	Homo sapiens	neuroblastoma cell	not available	1	neuroblastoma	cell line	vehicle control	not available	not available	NB1	CVCL_1440	NB1	Lumos_190430_58-TMT126	proteomic profiling by mass spectrometry	1	Lumos_190430_58.raw	v1.1.0	NT=ms-proteomics;VV=v1.1.0	NT=human;VV=v1.1.0	NT=cell-lines;VV=v1.1.0	manual curation	NT=Data-dependent acquisition;AC=PRIDE:0000627	NT=Orbitrap Fusion Lumos;AC=MS:1002732	NT=Trypsin;AC=MS:1001251	TMT126	2	NT=higher energy beam-type collision-induced dissociation;AC=MS:1000422	5 ppm	0.6 Da	NT=dithiothreitol (DTT);AC=PRIDE:0000608	NT=methyl methanethiosulfonate (MMTS);AC=PRIDE:0000605	NT=Methylthio;AC=UNIMOD:39;TA=C;MT=Fixed	NT=Oxidation;AC=UNIMOD:35;TA=M;MT=Variable	NT=TMT6plex;AC=UNIMOD:737;TA=K;MT=Fixed	NT=TMT6plex;AC=UNIMOD:737;PP=Any N-term;MT=Fixed	NT=Phospho;AC=UNIMOD:21;TA=S,T,Y;MT=Variable	vehicle control
NB1-control-1	Homo sapiens	neuroblastoma cell	not available	1	neuroblastoma	cell line	vehicle control	not available	not available	NB1	CVCL_1440	NB1	Lumos_190430_59-TMT126	proteomic profiling by mass spectrometry	1	Lumos_190430_59.raw	v1.1.0	NT=ms-proteomics;VV=v1.1.0	NT=human;VV=v1.1.0	NT=cell-lines;VV=v1.1.0	manual curation	NT=Data-dependent acquisition;AC=PRIDE:0000627	NT=Orbitrap Fusion Lumos;AC=MS:1002732	NT=Trypsin;AC=MS:1001251	TMT126	3	NT=higher energy beam-type collision-induced dissociation;AC=MS:1000422	5 ppm	0.6 Da	NT=dithiothreitol (DTT);AC=PRIDE:0000608	NT=methyl methanethiosulfonate (MMTS);AC=PRIDE:0000605	NT=Methylthio;AC=UNIMOD:39;TA=C;MT=Fixed	NT=Oxidation;AC=UNIMOD:35;TA=M;MT=Variable	NT=TMT6plex;AC=UNIMOD:737;TA=K;MT=Fixed	NT=TMT6plex;AC=UNIMOD:737;PP=Any N-term;MT=Fixed	NT=Phospho;AC=UNIMOD:21;TA=S,T,Y;MT=Variable	vehicle control
NB1-control-1	Homo sapiens	neuroblastoma cell	not available	1	neuroblastoma	cell line	vehicle control	not available	not available	NB1	CVCL_1440	NB1	Lumos_190430_60-TMT126	proteomic profiling by mass spectrometry	1	Lumos_190430_60.raw	v1.1.0	NT=ms-proteomics;VV=v1.1.0	NT=human;VV=v1.1.0	NT=cell-lines;VV=v1.1.0	manual curation	NT=Data-dependent acquisition;AC=PRIDE:0000627	NT=Orbitrap Fusion Lumos;AC=MS:1002732	NT=Trypsin;AC=MS:1001251	TMT126	4	NT=higher energy beam-type collision-induced dissociation;AC=MS:1000422	5 ppm	0.6 Da	NT=dithiothreitol (DTT);AC=PRIDE:0000608	NT=methyl methanethiosulfonate (MMTS);AC=PRIDE:0000605	NT=Methylthio;AC=UNIMOD:39;TA=C;MT=Fixed	NT=Oxidation;AC=UNIMOD:35;TA=M;MT=Variable	NT=TMT6plex;AC=UNIMOD:737;TA=K;MT=Fixed	NT=TMT6plex;AC=UNIMOD:737;PP=Any N-term;MT=Fixed	NT=Phospho;AC=UNIMOD:21;TA=S,T,Y;MT=Variable	vehicle control
NB1-control-1	Homo sapiens	neuroblastoma cell	not available	1	neuroblastoma	cell line	vehicle control	not available	not available	NB1	CVCL_1440	NB1	Lumos_190430_61-TMT126	proteomic profiling by mass spectrometry	1	Lumos_190430_61.raw	v1.1.0	NT=ms-proteomics;VV=v1.1.0	NT=human;VV=v1.1.0	NT=cell-lines;VV=v1.1.0	manual curation	NT=Data-dependent acquisition;AC=PRIDE:0000627	NT=Orbitrap Fusion Lumos;AC=MS:1002732	NT=Trypsin;AC=MS:1001251	TMT126	5	NT=higher energy beam-type collision-induced dissociation;AC=MS:1000422	5 ppm	0.6 Da	NT=dithiothreitol (DTT);AC=PRIDE:0000608	NT=methyl methanethiosulfonate (MMTS);AC=PRIDE:0000605	NT=Methylthio;AC=UNIMOD:39;TA=C;MT=Fixed	NT=Oxidation;AC=UNIMOD:35;TA=M;MT=Variable	NT=TMT6plex;AC=UNIMOD:737;TA=K;MT=Fixed	NT=TMT6plex;AC=UNIMOD:737;PP=Any N-term;MT=Fixed	NT=Phospho;AC=UNIMOD:21;TA=S,T,Y;MT=Variable	vehicle control
NB1-control-1	Homo sapiens	neuroblastoma cell	not available	1	neuroblastoma	cell line	vehicle control	not available	not available	NB1	CVCL_1440	NB1	Lumos_190430_62-TMT126	proteomic profiling by mass spectrometry	1	Lumos_190430_62.raw	v1.1.0	NT=ms-proteomics;VV=v1.1.0	NT=human;VV=v1.1.0	NT=cell-lines;VV=v1.1.0	manual curation	NT=Data-dependent acquisition;AC=PRIDE:0000627	NT=Orbitrap Fusion Lumos;AC=MS:1002732	NT=Trypsin;AC=MS:1001251	TMT126	6	NT=higher energy beam-type collision-induced dissociation;AC=MS:1000422	5 ppm	0.6 Da	NT=dithiothreitol (DTT);AC=PRIDE:0000608	NT=methyl methanethiosulfonate (MMTS);AC=PRIDE:0000605	NT=Methylthio;AC=UNIMOD:39;TA=C;MT=Fixed	NT=Oxidation;AC=UNIMOD:35;TA=M;MT=Variable	NT=TMT6plex;AC=UNIMOD:737;TA=K;MT=Fixed	NT=TMT6plex;AC=UNIMOD:737;PP=Any N-term;MT=Fixed	NT=Phospho;AC=UNIMOD:21;TA=S,T,Y;MT=Variable	vehicle control
NB1-control-1	Homo sapiens	neuroblastoma cell	not available	1	neuroblastoma	cell line	vehicle control	not available	not available	NB1	CVCL_1440	NB1	Lumos_190430_63-TMT126	proteomic profiling by mass spectrometry	1	Lumos_190430_63.raw	v1.1.0	NT=ms-proteomics;VV=v1.1.0	NT=human;VV=v1.1.0	NT=cell-lines;VV=v1.1.0	manual curation	NT=Data-dependent acquisition;AC=PRIDE:0000627	NT=Orbitrap Fusion Lumos;AC=MS:1002732	NT=Trypsin;AC=MS:1001251	TMT126	7	NT=higher energy beam-type collision-induced dissociation;AC=MS:1000422	5 ppm	0.6 Da	NT=dithiothreitol (DTT);AC=PRIDE:0000608	NT=methyl methanethiosulfonate (MMTS);AC=PRIDE:0000605	NT=Methylthio;AC=UNIMOD:39;TA=C;MT=Fixed	NT=Oxidation;AC=UNIMOD:35;TA=M;MT=Variable	NT=TMT6plex;AC=UNIMOD:737;TA=K;MT=Fixed	NT=TMT6plex;AC=UNIMOD:737;PP=Any N-term;MT=Fixed	NT=Phospho;AC=UNIMOD:21;TA=S,T,Y;MT=Variable	vehicle control
NB1-control-1	Homo sapiens	neuroblastoma cell	not available	1	neuroblastoma	cell line	vehicle control	not available	not available	NB1	CVCL_1440	NB1	Lumos_190430_64-TMT126	proteomic profiling by mass spectrometry	1	Lumos_190430_64.raw	v1.1.0	NT=ms-proteomics;VV=v1.1.0	NT=human;VV=v1.1.0	NT=cell-lines;VV=v1.1.0	manual curation	NT=Data-dependent acquisition;AC=PRIDE:0000627	NT=Orbitrap Fusion Lumos;AC=MS:1002732	NT=Trypsin;AC=MS:1001251	TMT126	8	NT=higher energy beam-type collision-induced dissociation;AC=MS:1000422	5 ppm	0.6 Da	NT=dithiothreitol (DTT);AC=PRIDE:0000608	NT=methyl methanethiosulfonate (MMTS);AC=PRIDE:0000605	NT=Methylthio;AC=UNIMOD:39;TA=C;MT=Fixed	NT=Oxidation;AC=UNIMOD:35;TA=M;MT=Variable	NT=TMT6plex;AC=UNIMOD:737;TA=K;MT=Fixed	NT=TMT6plex;AC=UNIMOD:737;PP=Any N-term;MT=Fixed	NT=Phospho;AC=UNIMOD:21;TA=S,T,Y;MT=Variable	vehicle control
NB1-control-1	Homo sapiens	neuroblastoma cell	not available	1	neuroblastoma	cell line	vehicle control	not available	not available	NB1	CVCL_1440	NB1	Lumos_190430_65-TMT126	proteomic profiling by mass spectrometry	1	Lumos_190430_65.raw	v1.1.0	NT=ms-proteomics;VV=v1.1.0	NT=human;VV=v1.1.0	NT=cell-lines;VV=v1.1.0	manual curation	NT=Data-dependent acquisition;AC=PRIDE:0000627	NT=Orbitrap Fusion Lumos;AC=MS:1002732	NT=Trypsin;AC=MS:1001251	TMT126	9	NT=higher energy beam-type collision-induced dissociation;AC=MS:1000422	5 ppm	0.6 Da	NT=dithiothreitol (DTT);AC=PRIDE:0000608	NT=methyl methanethiosulfonate (MMTS);AC=PRIDE:0000605	NT=Methylthio;AC=UNIMOD:39;TA=C;MT=Fixed	NT=Oxidation;AC=UNIMOD:35;TA=M;MT=Variable	NT=TMT6plex;AC=UNIMOD:737;TA=K;MT=Fixed	NT=TMT6plex;AC=UNIMOD:737;PP=Any N-term;MT=Fixed	NT=Phospho;AC=UNIMOD:21;TA=S,T,Y;MT=Variable	vehicle control
NB1-control-1	Homo sapiens	neuroblastoma cell	not available	1	neuroblastoma	cell line	vehicle control	not available	not available	NB1	CVCL_1440	NB1	Lumos_190430_66-TMT126	proteomic profiling by mass spectrometry	1	Lumos_190430_66.raw	v1.1.0	NT=ms-proteomics;VV=v1.1.0	NT=human;VV=v1.1.0	NT=cell-lines;VV=v1.1.0	manual curation	NT=Data-dependent acquisition;AC=PRIDE:0000627	NT=Orbitrap Fusion Lumos;AC=MS:1002732	NT=Trypsin;AC=MS:1001251	TMT126	10	NT=higher energy beam-type collision-induced dissociation;AC=MS:1000422	5 ppm	0.6 Da	NT=dithiothreitol (DTT);AC=PRIDE:0000608	NT=methyl methanethiosulfonate (MMTS);AC=PRIDE:0000605	NT=Methylthio;AC=UNIMOD:39;TA=C;MT=Fixed	NT=Oxidation;AC=UNIMOD:35;TA=M;MT=Variable	NT=TMT6plex;AC=UNIMOD:737;TA=K;MT=Fixed	NT=TMT6plex;AC=UNIMOD:737;PP=Any N-term;MT=Fixed	NT=Phospho;AC=UNIMOD:21;TA=S,T,Y;MT=Variable	vehicle control
NB1-control-2	Homo sapiens	neuroblastoma cell	not available	2	neuroblastoma	cell line	vehicle control	not available	not available	NB1	CVCL_1440	NB1	Lumos_190430_57-TMT127N	proteomic profiling by mass spectrometry	1	Lumos_190430_57.raw	v1.1.0	NT=ms-proteomics;VV=v1.1.0	NT=human;VV=v1.1.0	NT=cell-lines;VV=v1.1.0	manual curation	NT=Data-dependent acquisition;AC=PRIDE:0000627	NT=Orbitrap Fusion Lumos;AC=MS:1002732	NT=Trypsin;AC=MS:1001251	TMT127N	1	NT=higher energy beam-type collision-induced dissociation;AC=MS:1000422	5 ppm	0.6 Da	NT=dithiothreitol (DTT);AC=PRIDE:0000608	NT=methyl methanethiosulfonate (MMTS);AC=PRIDE:0000605	NT=Methylthio;AC=UNIMOD:39;TA=C;MT=Fixed	NT=Oxidation;AC=UNIMOD:35;TA=M;MT=Variable	NT=TMT6plex;AC=UNIMOD:737;TA=K;MT=Fixed	NT=TMT6plex;AC=UNIMOD:737;PP=Any N-term;MT=Fixed	NT=Phospho;AC=UNIMOD:21;TA=S,T,Y;MT=Variable	vehicle control
NB1-control-2	Homo sapiens	neuroblastoma cell	not available	2	neuroblastoma	cell line	vehicle control	not available	not available	NB1	CVCL_1440	NB1	Lumos_190430_58-TMT127N	proteomic profiling by mass spectrometry	1	Lumos_190430_58.raw	v1.1.0	NT=ms-proteomics;VV=v1.1.0	NT=human;VV=v1.1.0	NT=cell-lines;VV=v1.1.0	manual curation	NT=Data-dependent acquisition;AC=PRIDE:0000627	NT=Orbitrap Fusion Lumos;AC=MS:1002732	NT=Trypsin;AC=MS:1001251	TMT127N	2	NT=higher energy beam-type collision-induced dissociation;AC=MS:1000422	5 ppm	0.6 Da	NT=dithiothreitol (DTT);AC=PRIDE:0000608	NT=methyl methanethiosulfonate (MMTS);AC=PRIDE:0000605	NT=Methylthio;AC=UNIMOD:39;TA=C;MT=Fixed	NT=Oxidation;AC=UNIMOD:35;TA=M;MT=Variable	NT=TMT6plex;AC=UNIMOD:737;TA=K;MT=Fixed	NT=TMT6plex;AC=UNIMOD:737;PP=Any N-term;MT=Fixed	NT=Phospho;AC=UNIMOD:21;TA=S,T,Y;MT=Variable	vehicle control
NB1-control-2	Homo sapiens	neuroblastoma cell	not available	2	neuroblastoma	cell line	vehicle control	not available	not available	NB1	CVCL_1440	NB1	Lumos_190430_59-TMT127N	proteomic profiling by mass spectrometry	1	Lumos_190430_59.raw	v1.1.0	NT=ms-proteomics;VV=v1.1.0	NT=human;VV=v1.1.0	NT=cell-lines;VV=v1.1.0	manual curation	NT=Data-dependent acquisition;AC=PRIDE:0000627	NT=Orbitrap Fusion Lumos;AC=MS:1002732	NT=Trypsin;AC=MS:1001251	TMT127N	3	NT=higher energy beam-type collision-induced dissociation;AC=MS:1000422	5 ppm	0.6 Da	NT=dithiothreitol (DTT);AC=PRIDE:0000608	NT=methyl methanethiosulfonate (MMTS);AC=PRIDE:0000605	NT=Methylthio;AC=UNIMOD:39;TA=C;MT=Fixed	NT=Oxidation;AC=UNIMOD:35;TA=M;MT=Variable	NT=TMT6plex;AC=UNIMOD:737;TA=K;MT=Fixed	NT=TMT6plex;AC=UNIMOD:737;PP=Any N-term;MT=Fixed	NT=Phospho;AC=UNIMOD:21;TA=S,T,Y;MT=Variable	vehicle control
NB1-control-2	Homo sapiens	neuroblastoma cell	not available	2	neuroblastoma	cell line	vehicle control	not available	not available	NB1	CVCL_1440	NB1	Lumos_190430_60-TMT127N	proteomic profiling by mass spectrometry	1	Lumos_190430_60.raw	v1.1.0	NT=ms-proteomics;VV=v1.1.0	NT=human;VV=v1.1.0	NT=cell-lines;VV=v1.1.0	manual curation	NT=Data-dependent acquisition;AC=PRIDE:0000627	NT=Orbitrap Fusion Lumos;AC=MS:1002732	NT=Trypsin;AC=MS:1001251	TMT127N	4	NT=higher energy beam-type collision-induced dissociation;AC=MS:1000422	5 ppm	0.6 Da	NT=dithiothreitol (DTT);AC=PRIDE:0000608	NT=methyl methanethiosulfonate (MMTS);AC=PRIDE:0000605	NT=Methylthio;AC=UNIMOD:39;TA=C;MT=Fixed	NT=Oxidation;AC=UNIMOD:35;TA=M;MT=Variable	NT=TMT6plex;AC=UNIMOD:737;TA=K;MT=Fixed	NT=TMT6plex;AC=UNIMOD:737;PP=Any N-term;MT=Fixed	NT=Phospho;AC=UNIMOD:21;TA=S,T,Y;MT=Variable	vehicle control
NB1-control-2	Homo sapiens	neuroblastoma cell	not available	2	neuroblastoma	cell line	vehicle control	not available	not available	NB1	CVCL_1440	NB1	Lumos_190430_61-TMT127N	proteomic profiling by mass spectrometry	1	Lumos_190430_61.raw	v1.1.0	NT=ms-proteomics;VV=v1.1.0	NT=human;VV=v1.1.0	NT=cell-lines;VV=v1.1.0	manual curation	NT=Data-dependent acquisition;AC=PRIDE:0000627	NT=Orbitrap Fusion Lumos;AC=MS:1002732	NT=Trypsin;AC=MS:1001251	TMT127N	5	NT=higher energy beam-type collision-induced dissociation;AC=MS:1000422	5 ppm	0.6 Da	NT=dithiothreitol (DTT);AC=PRIDE:0000608	NT=methyl methanethiosulfonate (MMTS);AC=PRIDE:0000605	NT=Methylthio;AC=UNIMOD:39;TA=C;MT=Fixed	NT=Oxidation;AC=UNIMOD:35;TA=M;MT=Variable	NT=TMT6plex;AC=UNIMOD:737;TA=K;MT=Fixed	NT=TMT6plex;AC=UNIMOD:737;PP=Any N-term;MT=Fixed	NT=Phospho;AC=UNIMOD:21;TA=S,T,Y;MT=Variable	vehicle control
NB1-control-2	Homo sapiens	neuroblastoma cell	not available	2	neuroblastoma	cell line	vehicle control	not available	not available	NB1	CVCL_1440	NB1	Lumos_190430_62-TMT127N	proteomic profiling by mass spectrometry	1	Lumos_190430_62.raw	v1.1.0	NT=ms-proteomics;VV=v1.1.0	NT=human;VV=v1.1.0	NT=cell-lines;VV=v1.1.0	manual curation	NT=Data-dependent acquisition;AC=PRIDE:0000627	NT=Orbitrap Fusion Lumos;AC=MS:1002732	NT=Trypsin;AC=MS:1001251	TMT127N	6	NT=higher energy beam-type collision-induced dissociation;AC=MS:1000422	5 ppm	0.6 Da	NT=dithiothreitol (DTT);AC=PRIDE:0000608	NT=methyl methanethiosulfonate (MMTS);AC=PRIDE:0000605	NT=Methylthio;AC=UNIMOD:39;TA=C;MT=Fixed	NT=Oxidation;AC=UNIMOD:35;TA=M;MT=Variable	NT=TMT6plex;AC=UNIMOD:737;TA=K;MT=Fixed	NT=TMT6plex;AC=UNIMOD:737;PP=Any N-term;MT=Fixed	NT=Phospho;AC=UNIMOD:21;TA=S,T,Y;MT=Variable	vehicle control
NB1-control-2	Homo sapiens	neuroblastoma cell	not available	2	neuroblastoma	cell line	vehicle control	not available	not available	NB1	CVCL_1440	NB1	Lumos_190430_63-TMT127N	proteomic profiling by mass spectrometry	1	Lumos_190430_63.raw	v1.1.0	NT=ms-proteomics;VV=v1.1.0	NT=human;VV=v1.1.0	NT=cell-lines;VV=v1.1.0	manual curation	NT=Data-dependent acquisition;AC=PRIDE:0000627	NT=Orbitrap Fusion Lumos;AC=MS:1002732	NT=Trypsin;AC=MS:1001251	TMT127N	7	NT=higher energy beam-type collision-induced dissociation;AC=MS:1000422	5 ppm	0.6 Da	NT=dithiothreitol (DTT);AC=PRIDE:0000608	NT=methyl methanethiosulfonate (MMTS);AC=PRIDE:0000605	NT=Methylthio;AC=UNIMOD:39;TA=C;MT=Fixed	NT=Oxidation;AC=UNIMOD:35;TA=M;MT=Variable	NT=TMT6plex;AC=UNIMOD:737;TA=K;MT=Fixed	NT=TMT6plex;AC=UNIMOD:737;PP=Any N-term;MT=Fixed	NT=Phospho;AC=UNIMOD:21;TA=S,T,Y;MT=Variable	vehicle control
NB1-control-2	Homo sapiens	neuroblastoma cell	not available	2	neuroblastoma	cell line	vehicle control	not available	not available	NB1	CVCL_1440	NB1	Lumos_190430_64-TMT127N	proteomic profiling by mass spectrometry	1	Lumos_190430_64.raw	v1.1.0	NT=ms-proteomics;VV=v1.1.0	NT=human;VV=v1.1.0	NT=cell-lines;VV=v1.1.0	manual curation	NT=Data-dependent acquisition;AC=PRIDE:0000627	NT=Orbitrap Fusion Lumos;AC=MS:1002732	NT=Trypsin;AC=MS:1001251	TMT127N	8	NT=higher energy beam-type collision-induced dissociation;AC=MS:1000422	5 ppm	0.6 Da	NT=dithiothreitol (DTT);AC=PRIDE:0000608	NT=methyl methanethiosulfonate (MMTS);AC=PRIDE:0000605	NT=Methylthio;AC=UNIMOD:39;TA=C;MT=Fixed	NT=Oxidation;AC=UNIMOD:35;TA=M;MT=Variable	NT=TMT6plex;AC=UNIMOD:737;TA=K;MT=Fixed	NT=TMT6plex;AC=UNIMOD:737;PP=Any N-term;MT=Fixed	NT=Phospho;AC=UNIMOD:21;TA=S,T,Y;MT=Variable	vehicle control
NB1-control-2	Homo sapiens	neuroblastoma cell	not available	2	neuroblastoma	cell line	vehicle control	not available	not available	NB1	CVCL_1440	NB1	Lumos_190430_65-TMT127N	proteomic profiling by mass spectrometry	1	Lumos_190430_65.raw	v1.1.0	NT=ms-proteomics;VV=v1.1.0	NT=human;VV=v1.1.0	NT=cell-lines;VV=v1.1.0	manual curation	NT=Data-dependent acquisition;AC=PRIDE:0000627	NT=Orbitrap Fusion Lumos;AC=MS:1002732	NT=Trypsin;AC=MS:1001251	TMT127N	9	NT=higher energy beam-type collision-induced dissociation;AC=MS:1000422	5 ppm	0.6 Da	NT=dithiothreitol (DTT);AC=PRIDE:0000608	NT=methyl methanethiosulfonate (MMTS);AC=PRIDE:0000605	NT=Methylthio;AC=UNIMOD:39;TA=C;MT=Fixed	NT=Oxidation;AC=UNIMOD:35;TA=M;MT=Variable	NT=TMT6plex;AC=UNIMOD:737;TA=K;MT=Fixed	NT=TMT6plex;AC=UNIMOD:737;PP=Any N-term;MT=Fixed	NT=Phospho;AC=UNIMOD:21;TA=S,T,Y;MT=Variable	vehicle control
NB1-control-2	Homo sapiens	neuroblastoma cell	not available	2	neuroblastoma	cell line	vehicle control	not available	not available	NB1	CVCL_1440	NB1	Lumos_190430_66-TMT127N	proteomic profiling by mass spectrometry	1	Lumos_190430_66.raw	v1.1.0	NT=ms-proteomics;VV=v1.1.0	NT=human;VV=v1.1.0	NT=cell-lines;VV=v1.1.0	manual curation	NT=Data-dependent acquisition;AC=PRIDE:0000627	NT=Orbitrap Fusion Lumos;AC=MS:1002732	NT=Trypsin;AC=MS:1001251	TMT127N	10	NT=higher energy beam-type collision-induced dissociation;AC=MS:1000422	5 ppm	0.6 Da	NT=dithiothreitol (DTT);AC=PRIDE:0000608	NT=methyl methanethiosulfonate (MMTS);AC=PRIDE:0000605	NT=Methylthio;AC=UNIMOD:39;TA=C;MT=Fixed	NT=Oxidation;AC=UNIMOD:35;TA=M;MT=Variable	NT=TMT6plex;AC=UNIMOD:737;TA=K;MT=Fixed	NT=TMT6plex;AC=UNIMOD:737;PP=Any N-term;MT=Fixed	NT=Phospho;AC=UNIMOD:21;TA=S,T,Y;MT=Variable	vehicle control
NB1-ALKAL2-1h-1	Homo sapiens	neuroblastoma cell	not available	1	neuroblastoma	cell line	ALKAL2 stimulation 1 hour	not available	not available	NB1	CVCL_1440	NB1	Lumos_190430_57-TMT127C	proteomic profiling by mass spectrometry	1	Lumos_190430_57.raw	v1.1.0	NT=ms-proteomics;VV=v1.1.0	NT=human;VV=v1.1.0	NT=cell-lines;VV=v1.1.0	manual curation	NT=Data-dependent acquisition;AC=PRIDE:0000627	NT=Orbitrap Fusion Lumos;AC=MS:1002732	NT=Trypsin;AC=MS:1001251	TMT127C	1	NT=higher energy beam-type collision-induced dissociation;AC=MS:1000422	5 ppm	0.6 Da	NT=dithiothreitol (DTT);AC=PRIDE:0000608	NT=methyl methanethiosulfonate (MMTS);AC=PRIDE:0000605	NT=Methylthio;AC=UNIMOD:39;TA=C;MT=Fixed	NT=Oxidation;AC=UNIMOD:35;TA=M;MT=Variable	NT=TMT6plex;AC=UNIMOD:737;TA=K;MT=Fixed	NT=TMT6plex;AC=UNIMOD:737;PP=Any N-term;MT=Fixed	NT=Phospho;AC=UNIMOD:21;TA=S,T,Y;MT=Variable	ALKAL2 stimulation 1 hour
NB1-ALKAL2-1h-1	Homo sapiens	neuroblastoma cell	not available	1	neuroblastoma	cell line	ALKAL2 stimulation 1 hour	not available	not available	NB1	CVCL_1440	NB1	Lumos_190430_58-TMT127C	proteomic profiling by mass spectrometry	1	Lumos_190430_58.raw	v1.1.0	NT=ms-proteomics;VV=v1.1.0	NT=human;VV=v1.1.0	NT=cell-lines;VV=v1.1.0	manual curation	NT=Data-dependent acquisition;AC=PRIDE:0000627	NT=Orbitrap Fusion Lumos;AC=MS:1002732	NT=Trypsin;AC=MS:1001251	TMT127C	2	NT=higher energy beam-type collision-induced dissociation;AC=MS:1000422	5 ppm	0.6 Da	NT=dithiothreitol (DTT);AC=PRIDE:0000608	NT=methyl methanethiosulfonate (MMTS);AC=PRIDE:0000605	NT=Methylthio;AC=UNIMOD:39;TA=C;MT=Fixed	NT=Oxidation;AC=UNIMOD:35;TA=M;MT=Variable	NT=TMT6plex;AC=UNIMOD:737;TA=K;MT=Fixed	NT=TMT6plex;AC=UNIMOD:737;PP=Any N-term;MT=Fixed	NT=Phospho;AC=UNIMOD:21;TA=S,T,Y;MT=Variable	ALKAL2 stimulation 1 hour
NB1-ALKAL2-1h-1	Homo sapiens	neuroblastoma cell	not available	1	neuroblastoma	cell line	ALKAL2 stimulation 1 hour	not available	not available	NB1	CVCL_1440	NB1	Lumos_190430_59-TMT127C	proteomic profiling by mass spectrometry	1	Lumos_190430_59.raw	v1.1.0	NT=ms-proteomics;VV=v1.1.0	NT=human;VV=v1.1.0	NT=cell-lines;VV=v1.1.0	manual curation	NT=Data-dependent acquisition;AC=PRIDE:0000627	NT=Orbitrap Fusion Lumos;AC=MS:1002732	NT=Trypsin;AC=MS:1001251	TMT127C	3	NT=higher energy beam-type collision-induced dissociation;AC=MS:1000422	5 ppm	0.6 Da	NT=dithiothreitol (DTT);AC=PRIDE:0000608	NT=methyl methanethiosulfonate (MMTS);AC=PRIDE:0000605	NT=Methylthio;AC=UNIMOD:39;TA=C;MT=Fixed	NT=Oxidation;AC=UNIMOD:35;TA=M;MT=Variable	NT=TMT6plex;AC=UNIMOD:737;TA=K;MT=Fixed	NT=TMT6plex;AC=UNIMOD:737;PP=Any N-term;MT=Fixed	NT=Phospho;AC=UNIMOD:21;TA=S,T,Y;MT=Variable	ALKAL2 stimulation 1 hour
NB1-ALKAL2-1h-1	Homo sapiens	neuroblastoma cell	not available	1	neuroblastoma	cell line	ALKAL2 stimulation 1 hour	not available	not available	NB1	CVCL_1440	NB1	Lumos_190430_60-TMT127C	proteomic profiling by mass spectrometry	1	Lumos_190430_60.raw	v1.1.0	NT=ms-proteomics;VV=v1.1.0	NT=human;VV=v1.1.0	NT=cell-lines;VV=v1.1.0	manual curation	NT=Data-dependent acquisition;AC=PRIDE:0000627	NT=Orbitrap Fusion Lumos;AC=MS:1002732	NT=Trypsin;AC=MS:1001251	TMT127C	4	NT=higher energy beam-type collision-induced dissociation;AC=MS:1000422	5 ppm	0.6 Da	NT=dithiothreitol (DTT);AC=PRIDE:0000608	NT=methyl methanethiosulfonate (MMTS);AC=PRIDE:0000605	NT=Methylthio;AC=UNIMOD:39;TA=C;MT=Fixed	NT=Oxidation;AC=UNIMOD:35;TA=M;MT=Variable	NT=TMT6plex;AC=UNIMOD:737;TA=K;MT=Fixed	NT=TMT6plex;AC=UNIMOD:737;PP=Any N-term;MT=Fixed	NT=Phospho;AC=UNIMOD:21;TA=S,T,Y;MT=Variable	ALKAL2 stimulation 1 hour
NB1-ALKAL2-1h-1	Homo sapiens	neuroblastoma cell	not available	1	neuroblastoma	cell line	ALKAL2 stimulation 1 hour	not available	not available	NB1	CVCL_1440	NB1	Lumos_190430_61-TMT127C	proteomic profiling by mass spectrometry	1	Lumos_190430_61.raw	v1.1.0	NT=ms-proteomics;VV=v1.1.0	NT=human;VV=v1.1.0	NT=cell-lines;VV=v1.1.0	manual curation	NT=Data-dependent acquisition;AC=PRIDE:0000627	NT=Orbitrap Fusion Lumos;AC=MS:1002732	NT=Trypsin;AC=MS:1001251	TMT127C	5	NT=higher energy beam-type collision-induced dissociation;AC=MS:1000422	5 ppm	0.6 Da	NT=dithiothreitol (DTT);AC=PRIDE:0000608	NT=methyl methanethiosulfonate (MMTS);AC=PRIDE:0000605	NT=Methylthio;AC=UNIMOD:39;TA=C;MT=Fixed	NT=Oxidation;AC=UNIMOD:35;TA=M;MT=Variable	NT=TMT6plex;AC=UNIMOD:737;TA=K;MT=Fixed	NT=TMT6plex;AC=UNIMOD:737;PP=Any N-term;MT=Fixed	NT=Phospho;AC=UNIMOD:21;TA=S,T,Y;MT=Variable	ALKAL2 stimulation 1 hour
NB1-ALKAL2-1h-1	Homo sapiens	neuroblastoma cell	not available	1	neuroblastoma	cell line	ALKAL2 stimulation 1 hour	not available	not available	NB1	CVCL_1440	NB1	Lumos_190430_62-TMT127C	proteomic profiling by mass spectrometry	1	Lumos_190430_62.raw	v1.1.0	NT=ms-proteomics;VV=v1.1.0	NT=human;VV=v1.1.0	NT=cell-lines;VV=v1.1.0	manual curation	NT=Data-dependent acquisition;AC=PRIDE:0000627	NT=Orbitrap Fusion Lumos;AC=MS:1002732	NT=Trypsin;AC=MS:1001251	TMT127C	6	NT=higher energy beam-type collision-induced dissociation;AC=MS:1000422	5 ppm	0.6 Da	NT=dithiothreitol (DTT);AC=PRIDE:0000608	NT=methyl methanethiosulfonate (MMTS);AC=PRIDE:0000605	NT=Methylthio;AC=UNIMOD:39;TA=C;MT=Fixed	NT=Oxidation;AC=UNIMOD:35;TA=M;MT=Variable	NT=TMT6plex;AC=UNIMOD:737;TA=K;MT=Fixed	NT=TMT6plex;AC=UNIMOD:737;PP=Any N-term;MT=Fixed	NT=Phospho;AC=UNIMOD:21;TA=S,T,Y;MT=Variable	ALKAL2 stimulation 1 hour
NB1-ALKAL2-1h-1	Homo sapiens	neuroblastoma cell	not available	1	neuroblastoma	cell line	ALKAL2 stimulation 1 hour	not available	not available	NB1	CVCL_1440	NB1	Lumos_190430_63-TMT127C	proteomic profiling by mass spectrometry	1	Lumos_190430_63.raw	v1.1.0	NT=ms-proteomics;VV=v1.1.0	NT=human;VV=v1.1.0	NT=cell-lines;VV=v1.1.0	manual curation	NT=Data-dependent acquisition;AC=PRIDE:0000627	NT=Orbitrap Fusion Lumos;AC=MS:1002732	NT=Trypsin;AC=MS:1001251	TMT127C	7	NT=higher energy beam-type collision-induced dissociation;AC=MS:1000422	5 ppm	0.6 Da	NT=dithiothreitol (DTT);AC=PRIDE:0000608	NT=methyl methanethiosulfonate (MMTS);AC=PRIDE:0000605	NT=Methylthio;AC=UNIMOD:39;TA=C;MT=Fixed	NT=Oxidation;AC=UNIMOD:35;TA=M;MT=Variable	NT=TMT6plex;AC=UNIMOD:737;TA=K;MT=Fixed	NT=TMT6plex;AC=UNIMOD:737;PP=Any N-term;MT=Fixed	NT=Phospho;AC=UNIMOD:21;TA=S,T,Y;MT=Variable	ALKAL2 stimulation 1 hour
NB1-ALKAL2-1h-1	Homo sapiens	neuroblastoma cell	not available	1	neuroblastoma	cell line	ALKAL2 stimulation 1 hour	not available	not available	NB1	CVCL_1440	NB1	Lumos_190430_64-TMT127C	proteomic profiling by mass spectrometry	1	Lumos_190430_64.raw	v1.1.0	NT=ms-proteomics;VV=v1.1.0	NT=human;VV=v1.1.0	NT=cell-lines;VV=v1.1.0	manual curation	NT=Data-dependent acquisition;AC=PRIDE:0000627	NT=Orbitrap Fusion Lumos;AC=MS:1002732	NT=Trypsin;AC=MS:1001251	TMT127C	8	NT=higher energy beam-type collision-induced dissociation;AC=MS:1000422	5 ppm	0.6 Da	NT=dithiothreitol (DTT);AC=PRIDE:0000608	NT=methyl methanethiosulfonate (MMTS);AC=PRIDE:0000605	NT=Methylthio;AC=UNIMOD:39;TA=C;MT=Fixed	NT=Oxidation;AC=UNIMOD:35;TA=M;MT=Variable	NT=TMT6plex;AC=UNIMOD:737;TA=K;MT=Fixed	NT=TMT6plex;AC=UNIMOD:737;PP=Any N-term;MT=Fixed	NT=Phospho;AC=UNIMOD:21;TA=S,T,Y;MT=Variable	ALKAL2 stimulation 1 hour
NB1-ALKAL2-1h-1	Homo sapiens	neuroblastoma cell	not available	1	neuroblastoma	cell line	ALKAL2 stimulation 1 hour	not available	not available	NB1	CVCL_1440	NB1	Lumos_190430_65-TMT127C	proteomic profiling by mass spectrometry	1	Lumos_190430_65.raw	v1.1.0	NT=ms-proteomics;VV=v1.1.0	NT=human;VV=v1.1.0	NT=cell-lines;VV=v1.1.0	manual curation	NT=Data-dependent acquisition;AC=PRIDE:0000627	NT=Orbitrap Fusion Lumos;AC=MS:1002732	NT=Trypsin;AC=MS:1001251	TMT127C	9	NT=higher energy beam-type collision-induced dissociation;AC=MS:1000422	5 ppm	0.6 Da	NT=dithiothreitol (DTT);AC=PRIDE:0000608	NT=methyl methanethiosulfonate (MMTS);AC=PRIDE:0000605	NT=Methylthio;AC=UNIMOD:39;TA=C;MT=Fixed	NT=Oxidation;AC=UNIMOD:35;TA=M;MT=Variable	NT=TMT6plex;AC=UNIMOD:737;TA=K;MT=Fixed	NT=TMT6plex;AC=UNIMOD:737;PP=Any N-term;MT=Fixed	NT=Phospho;AC=UNIMOD:21;TA=S,T,Y;MT=Variable	ALKAL2 stimulation 1 hour
NB1-ALKAL2-1h-1	Homo sapiens	neuroblastoma cell	not available	1	neuroblastoma	cell line	ALKAL2 stimulation 1 hour	not available	not available	NB1	CVCL_1440	NB1	Lumos_190430_66-TMT127C	proteomic profiling by mass spectrometry	1	Lumos_190430_66.raw	v1.1.0	NT=ms-proteomics;VV=v1.1.0	NT=human;VV=v1.1.0	NT=cell-lines;VV=v1.1.0	manual curation	NT=Data-dependent acquisition;AC=PRIDE:0000627	NT=Orbitrap Fusion Lumos;AC=MS:1002732	NT=Trypsin;AC=MS:1001251	TMT127C	10	NT=higher energy beam-type collision-induced dissociation;AC=MS:1000422	5 ppm	0.6 Da	NT=dithiothreitol (DTT);AC=PRIDE:0000608	NT=methyl methanethiosulfonate (MMTS);AC=PRIDE:0000605	NT=Methylthio;AC=UNIMOD:39;TA=C;MT=Fixed	NT=Oxidation;AC=UNIMOD:35;TA=M;MT=Variable	NT=TMT6plex;AC=UNIMOD:737;TA=K;MT=Fixed	NT=TMT6plex;AC=UNIMOD:737;PP=Any N-term;MT=Fixed	NT=Phospho;AC=UNIMOD:21;TA=S,T,Y;MT=Variable	ALKAL2 stimulation 1 hour
NB1-ALKAL2-1h-2	Homo sapiens	neuroblastoma cell	not available	2	neuroblastoma	cell line	ALKAL2 stimulation 1 hour	not available	not available	NB1	CVCL_1440	NB1	Lumos_190430_57-TMT128N	proteomic profiling by mass spectrometry	1	Lumos_190430_57.raw	v1.1.0	NT=ms-proteomics;VV=v1.1.0	NT=human;VV=v1.1.0	NT=cell-lines;VV=v1.1.0	manual curation	NT=Data-dependent acquisition;AC=PRIDE:0000627	NT=Orbitrap Fusion Lumos;AC=MS:1002732	NT=Trypsin;AC=MS:1001251	TMT128N	1	NT=higher energy beam-type collision-induced dissociation;AC=MS:1000422	5 ppm	0.6 Da	NT=dithiothreitol (DTT);AC=PRIDE:0000608	NT=methyl methanethiosulfonate (MMTS);AC=PRIDE:0000605	NT=Methylthio;AC=UNIMOD:39;TA=C;MT=Fixed	NT=Oxidation;AC=UNIMOD:35;TA=M;MT=Variable	NT=TMT6plex;AC=UNIMOD:737;TA=K;MT=Fixed	NT=TMT6plex;AC=UNIMOD:737;PP=Any N-term;MT=Fixed	NT=Phospho;AC=UNIMOD:21;TA=S,T,Y;MT=Variable	ALKAL2 stimulation 1 hour
NB1-ALKAL2-1h-2	Homo sapiens	neuroblastoma cell	not available	2	neuroblastoma	cell line	ALKAL2 stimulation 1 hour	not available	not available	NB1	CVCL_1440	NB1	Lumos_190430_58-TMT128N	proteomic profiling by mass spectrometry	1	Lumos_190430_58.raw	v1.1.0	NT=ms-proteomics;VV=v1.1.0	NT=human;VV=v1.1.0	NT=cell-lines;VV=v1.1.0	manual curation	NT=Data-dependent acquisition;AC=PRIDE:0000627	NT=Orbitrap Fusion Lumos;AC=MS:1002732	NT=Trypsin;AC=MS:1001251	TMT128N	2	NT=higher energy beam-type collision-induced dissociation;AC=MS:1000422	5 ppm	0.6 Da	NT=dithiothreitol (DTT);AC=PRIDE:0000608	NT=methyl methanethiosulfonate (MMTS);AC=PRIDE:0000605	NT=Methylthio;AC=UNIMOD:39;TA=C;MT=Fixed	NT=Oxidation;AC=UNIMOD:35;TA=M;MT=Variable	NT=TMT6plex;AC=UNIMOD:737;TA=K;MT=Fixed	NT=TMT6plex;AC=UNIMOD:737;PP=Any N-term;MT=Fixed	NT=Phospho;AC=UNIMOD:21;TA=S,T,Y;MT=Variable	ALKAL2 stimulation 1 hour
NB1-ALKAL2-1h-2	Homo sapiens	neuroblastoma cell	not available	2	neuroblastoma	cell line	ALKAL2 stimulation 1 hour	not available	not available	NB1	CVCL_1440	NB1	Lumos_190430_59-TMT128N	proteomic profiling by mass spectrometry	1	Lumos_190430_59.raw	v1.1.0	NT=ms-proteomics;VV=v1.1.0	NT=human;VV=v1.1.0	NT=cell-lines;VV=v1.1.0	manual curation	NT=Data-dependent acquisition;AC=PRIDE:0000627	NT=Orbitrap Fusion Lumos;AC=MS:1002732	NT=Trypsin;AC=MS:1001251	TMT128N	3	NT=higher energy beam-type collision-induced dissociation;AC=MS:1000422	5 ppm	0.6 Da	NT=dithiothreitol (DTT);AC=PRIDE:0000608	NT=methyl methanethiosulfonate (MMTS);AC=PRIDE:0000605	NT=Methylthio;AC=UNIMOD:39;TA=C;MT=Fixed	NT=Oxidation;AC=UNIMOD:35;TA=M;MT=Variable	NT=TMT6plex;AC=UNIMOD:737;TA=K;MT=Fixed	NT=TMT6plex;AC=UNIMOD:737;PP=Any N-term;MT=Fixed	NT=Phospho;AC=UNIMOD:21;TA=S,T,Y;MT=Variable	ALKAL2 stimulation 1 hour
NB1-ALKAL2-1h-2	Homo sapiens	neuroblastoma cell	not available	2	neuroblastoma	cell line	ALKAL2 stimulation 1 hour	not available	not available	NB1	CVCL_1440	NB1	Lumos_190430_60-TMT128N	proteomic profiling by mass spectrometry	1	Lumos_190430_60.raw	v1.1.0	NT=ms-proteomics;VV=v1.1.0	NT=human;VV=v1.1.0	NT=cell-lines;VV=v1.1.0	manual curation	NT=Data-dependent acquisition;AC=PRIDE:0000627	NT=Orbitrap Fusion Lumos;AC=MS:1002732	NT=Trypsin;AC=MS:1001251	TMT128N	4	NT=higher energy beam-type collision-induced dissociation;AC=MS:1000422	5 ppm	0.6 Da	NT=dithiothreitol (DTT);AC=PRIDE:0000608	NT=methyl methanethiosulfonate (MMTS);AC=PRIDE:0000605	NT=Methylthio;AC=UNIMOD:39;TA=C;MT=Fixed	NT=Oxidation;AC=UNIMOD:35;TA=M;MT=Variable	NT=TMT6plex;AC=UNIMOD:737;TA=K;MT=Fixed	NT=TMT6plex;AC=UNIMOD:737;PP=Any N-term;MT=Fixed	NT=Phospho;AC=UNIMOD:21;TA=S,T,Y;MT=Variable	ALKAL2 stimulation 1 hour
NB1-ALKAL2-1h-2	Homo sapiens	neuroblastoma cell	not available	2	neuroblastoma	cell line	ALKAL2 stimulation 1 hour	not available	not available	NB1	CVCL_1440	NB1	Lumos_190430_61-TMT128N	proteomic profiling by mass spectrometry	1	Lumos_190430_61.raw	v1.1.0	NT=ms-proteomics;VV=v1.1.0	NT=human;VV=v1.1.0	NT=cell-lines;VV=v1.1.0	manual curation	NT=Data-dependent acquisition;AC=PRIDE:0000627	NT=Orbitrap Fusion Lumos;AC=MS:1002732	NT=Trypsin;AC=MS:1001251	TMT128N	5	NT=higher energy beam-type collision-induced dissociation;AC=MS:1000422	5 ppm	0.6 Da	NT=dithiothreitol (DTT);AC=PRIDE:0000608	NT=methyl methanethiosulfonate (MMTS);AC=PRIDE:0000605	NT=Methylthio;AC=UNIMOD:39;TA=C;MT=Fixed	NT=Oxidation;AC=UNIMOD:35;TA=M;MT=Variable	NT=TMT6plex;AC=UNIMOD:737;TA=K;MT=Fixed	NT=TMT6plex;AC=UNIMOD:737;PP=Any N-term;MT=Fixed	NT=Phospho;AC=UNIMOD:21;TA=S,T,Y;MT=Variable	ALKAL2 stimulation 1 hour
NB1-ALKAL2-1h-2	Homo sapiens	neuroblastoma cell	not available	2	neuroblastoma	cell line	ALKAL2 stimulation 1 hour	not available	not available	NB1	CVCL_1440	NB1	Lumos_190430_62-TMT128N	proteomic profiling by mass spectrometry	1	Lumos_190430_62.raw	v1.1.0	NT=ms-proteomics;VV=v1.1.0	NT=human;VV=v1.1.0	NT=cell-lines;VV=v1.1.0	manual curation	NT=Data-dependent acquisition;AC=PRIDE:0000627	NT=Orbitrap Fusion Lumos;AC=MS:1002732	NT=Trypsin;AC=MS:1001251	TMT128N	6	NT=higher energy beam-type collision-induced dissociation;AC=MS:1000422	5 ppm	0.6 Da	NT=dithiothreitol (DTT);AC=PRIDE:0000608	NT=methyl methanethiosulfonate (MMTS);AC=PRIDE:0000605	NT=Methylthio;AC=UNIMOD:39;TA=C;MT=Fixed	NT=Oxidation;AC=UNIMOD:35;TA=M;MT=Variable	NT=TMT6plex;AC=UNIMOD:737;TA=K;MT=Fixed	NT=TMT6plex;AC=UNIMOD:737;PP=Any N-term;MT=Fixed	NT=Phospho;AC=UNIMOD:21;TA=S,T,Y;MT=Variable	ALKAL2 stimulation 1 hour
NB1-ALKAL2-1h-2	Homo sapiens	neuroblastoma cell	not available	2	neuroblastoma	cell line	ALKAL2 stimulation 1 hour	not available	not available	NB1	CVCL_1440	NB1	Lumos_190430_63-TMT128N	proteomic profiling by mass spectrometry	1	Lumos_190430_63.raw	v1.1.0	NT=ms-proteomics;VV=v1.1.0	NT=human;VV=v1.1.0	NT=cell-lines;VV=v1.1.0	manual curation	NT=Data-dependent acquisition;AC=PRIDE:0000627	NT=Orbitrap Fusion Lumos;AC=MS:1002732	NT=Trypsin;AC=MS:1001251	TMT128N	7	NT=higher energy beam-type collision-induced dissociation;AC=MS:1000422	5 ppm	0.6 Da	NT=dithiothreitol (DTT);AC=PRIDE:0000608	NT=methyl methanethiosulfonate (MMTS);AC=PRIDE:0000605	NT=Methylthio;AC=UNIMOD:39;TA=C;MT=Fixed	NT=Oxidation;AC=UNIMOD:35;TA=M;MT=Variable	NT=TMT6plex;AC=UNIMOD:737;TA=K;MT=Fixed	NT=TMT6plex;AC=UNIMOD:737;PP=Any N-term;MT=Fixed	NT=Phospho;AC=UNIMOD:21;TA=S,T,Y;MT=Variable	ALKAL2 stimulation 1 hour
NB1-ALKAL2-1h-2	Homo sapiens	neuroblastoma cell	not available	2	neuroblastoma	cell line	ALKAL2 stimulation 1 hour	not available	not available	NB1	CVCL_1440	NB1	Lumos_190430_64-TMT128N	proteomic profiling by mass spectrometry	1	Lumos_190430_64.raw	v1.1.0	NT=ms-proteomics;VV=v1.1.0	NT=human;VV=v1.1.0	NT=cell-lines;VV=v1.1.0	manual curation	NT=Data-dependent acquisition;AC=PRIDE:0000627	NT=Orbitrap Fusion Lumos;AC=MS:1002732	NT=Trypsin;AC=MS:1001251	TMT128N	8	NT=higher energy beam-type collision-induced dissociation;AC=MS:1000422	5 ppm	0.6 Da	NT=dithiothreitol (DTT);AC=PRIDE:0000608	NT=methyl methanethiosulfonate (MMTS);AC=PRIDE:0000605	NT=Methylthio;AC=UNIMOD:39;TA=C;MT=Fixed	NT=Oxidation;AC=UNIMOD:35;TA=M;MT=Variable	NT=TMT6plex;AC=UNIMOD:737;TA=K;MT=Fixed	NT=TMT6plex;AC=UNIMOD:737;PP=Any N-term;MT=Fixed	NT=Phospho;AC=UNIMOD:21;TA=S,T,Y;MT=Variable	ALKAL2 stimulation 1 hour
NB1-ALKAL2-1h-2	Homo sapiens	neuroblastoma cell	not available	2	neuroblastoma	cell line	ALKAL2 stimulation 1 hour	not available	not available	NB1	CVCL_1440	NB1	Lumos_190430_65-TMT128N	proteomic profiling by mass spectrometry	1	Lumos_190430_65.raw	v1.1.0	NT=ms-proteomics;VV=v1.1.0	NT=human;VV=v1.1.0	NT=cell-lines;VV=v1.1.0	manual curation	NT=Data-dependent acquisition;AC=PRIDE:0000627	NT=Orbitrap Fusion Lumos;AC=MS:1002732	NT=Trypsin;AC=MS:1001251	TMT128N	9	NT=higher energy beam-type collision-induced dissociation;AC=MS:1000422	5 ppm	0.6 Da	NT=dithiothreitol (DTT);AC=PRIDE:0000608	NT=methyl methanethiosulfonate (MMTS);AC=PRIDE:0000605	NT=Methylthio;AC=UNIMOD:39;TA=C;MT=Fixed	NT=Oxidation;AC=UNIMOD:35;TA=M;MT=Variable	NT=TMT6plex;AC=UNIMOD:737;TA=K;MT=Fixed	NT=TMT6plex;AC=UNIMOD:737;PP=Any N-term;MT=Fixed	NT=Phospho;AC=UNIMOD:21;TA=S,T,Y;MT=Variable	ALKAL2 stimulation 1 hour
NB1-ALKAL2-1h-2	Homo sapiens	neuroblastoma cell	not available	2	neuroblastoma	cell line	ALKAL2 stimulation 1 hour	not available	not available	NB1	CVCL_1440	NB1	Lumos_190430_66-TMT128N	proteomic profiling by mass spectrometry	1	Lumos_190430_66.raw	v1.1.0	NT=ms-proteomics;VV=v1.1.0	NT=human;VV=v1.1.0	NT=cell-lines;VV=v1.1.0	manual curation	NT=Data-dependent acquisition;AC=PRIDE:0000627	NT=Orbitrap Fusion Lumos;AC=MS:1002732	NT=Trypsin;AC=MS:1001251	TMT128N	10	NT=higher energy beam-type collision-induced dissociation;AC=MS:1000422	5 ppm	0.6 Da	NT=dithiothreitol (DTT);AC=PRIDE:0000608	NT=methyl methanethiosulfonate (MMTS);AC=PRIDE:0000605	NT=Methylthio;AC=UNIMOD:39;TA=C;MT=Fixed	NT=Oxidation;AC=UNIMOD:35;TA=M;MT=Variable	NT=TMT6plex;AC=UNIMOD:737;TA=K;MT=Fixed	NT=TMT6plex;AC=UNIMOD:737;PP=Any N-term;MT=Fixed	NT=Phospho;AC=UNIMOD:21;TA=S,T,Y;MT=Variable	ALKAL2 stimulation 1 hour
NB1-ALKAL2-lorlatinib-1h-1	Homo sapiens	neuroblastoma cell	not available	1	neuroblastoma	cell line	ALKAL2 plus lorlatinib 1 hour	not available	not available	NB1	CVCL_1440	NB1	Lumos_190430_57-TMT128C	proteomic profiling by mass spectrometry	1	Lumos_190430_57.raw	v1.1.0	NT=ms-proteomics;VV=v1.1.0	NT=human;VV=v1.1.0	NT=cell-lines;VV=v1.1.0	manual curation	NT=Data-dependent acquisition;AC=PRIDE:0000627	NT=Orbitrap Fusion Lumos;AC=MS:1002732	NT=Trypsin;AC=MS:1001251	TMT128C	1	NT=higher energy beam-type collision-induced dissociation;AC=MS:1000422	5 ppm	0.6 Da	NT=dithiothreitol (DTT);AC=PRIDE:0000608	NT=methyl methanethiosulfonate (MMTS);AC=PRIDE:0000605	NT=Methylthio;AC=UNIMOD:39;TA=C;MT=Fixed	NT=Oxidation;AC=UNIMOD:35;TA=M;MT=Variable	NT=TMT6plex;AC=UNIMOD:737;TA=K;MT=Fixed	NT=TMT6plex;AC=UNIMOD:737;PP=Any N-term;MT=Fixed	NT=Phospho;AC=UNIMOD:21;TA=S,T,Y;MT=Variable	ALKAL2 plus lorlatinib 1 hour
NB1-ALKAL2-lorlatinib-1h-1	Homo sapiens	neuroblastoma cell	not available	1	neuroblastoma	cell line	ALKAL2 plus lorlatinib 1 hour	not available	not available	NB1	CVCL_1440	NB1	Lumos_190430_58-TMT128C	proteomic profiling by mass spectrometry	1	Lumos_190430_58.raw	v1.1.0	NT=ms-proteomics;VV=v1.1.0	NT=human;VV=v1.1.0	NT=cell-lines;VV=v1.1.0	manual curation	NT=Data-dependent acquisition;AC=PRIDE:0000627	NT=Orbitrap Fusion Lumos;AC=MS:1002732	NT=Trypsin;AC=MS:1001251	TMT128C	2	NT=higher energy beam-type collision-induced dissociation;AC=MS:1000422	5 ppm	0.6 Da	NT=dithiothreitol (DTT);AC=PRIDE:0000608	NT=methyl methanethiosulfonate (MMTS);AC=PRIDE:0000605	NT=Methylthio;AC=UNIMOD:39;TA=C;MT=Fixed	NT=Oxidation;AC=UNIMOD:35;TA=M;MT=Variable	NT=TMT6plex;AC=UNIMOD:737;TA=K;MT=Fixed	NT=TMT6plex;AC=UNIMOD:737;PP=Any N-term;MT=Fixed	NT=Phospho;AC=UNIMOD:21;TA=S,T,Y;MT=Variable	ALKAL2 plus lorlatinib 1 hour
NB1-ALKAL2-lorlatinib-1h-1	Homo sapiens	neuroblastoma cell	not available	1	neuroblastoma	cell line	ALKAL2 plus lorlatinib 1 hour	not available	not available	NB1	CVCL_1440	NB1	Lumos_190430_59-TMT128C	proteomic profiling by mass spectrometry	1	Lumos_190430_59.raw	v1.1.0	NT=ms-proteomics;VV=v1.1.0	NT=human;VV=v1.1.0	NT=cell-lines;VV=v1.1.0	manual curation	NT=Data-dependent acquisition;AC=PRIDE:0000627	NT=Orbitrap Fusion Lumos;AC=MS:1002732	NT=Trypsin;AC=MS:1001251	TMT128C	3	NT=higher energy beam-type collision-induced dissociation;AC=MS:1000422	5 ppm	0.6 Da	NT=dithiothreitol (DTT);AC=PRIDE:0000608	NT=methyl methanethiosulfonate (MMTS);AC=PRIDE:0000605	NT=Methylthio;AC=UNIMOD:39;TA=C;MT=Fixed	NT=Oxidation;AC=UNIMOD:35;TA=M;MT=Variable	NT=TMT6plex;AC=UNIMOD:737;TA=K;MT=Fixed	NT=TMT6plex;AC=UNIMOD:737;PP=Any N-term;MT=Fixed	NT=Phospho;AC=UNIMOD:21;TA=S,T,Y;MT=Variable	ALKAL2 plus lorlatinib 1 hour
NB1-ALKAL2-lorlatinib-1h-1	Homo sapiens	neuroblastoma cell	not available	1	neuroblastoma	cell line	ALKAL2 plus lorlatinib 1 hour	not available	not available	NB1	CVCL_1440	NB1	Lumos_190430_60-TMT128C	proteomic profiling by mass spectrometry	1	Lumos_190430_60.raw	v1.1.0	NT=ms-proteomics;VV=v1.1.0	NT=human;VV=v1.1.0	NT=cell-lines;VV=v1.1.0	manual curation	NT=Data-dependent acquisition;AC=PRIDE:0000627	NT=Orbitrap Fusion Lumos;AC=MS:1002732	NT=Trypsin;AC=MS:1001251	TMT128C	4	NT=higher energy beam-type collision-induced dissociation;AC=MS:1000422	5 ppm	0.6 Da	NT=dithiothreitol (DTT);AC=PRIDE:0000608	NT=methyl methanethiosulfonate (MMTS);AC=PRIDE:0000605	NT=Methylthio;AC=UNIMOD:39;TA=C;MT=Fixed	NT=Oxidation;AC=UNIMOD:35;TA=M;MT=Variable	NT=TMT6plex;AC=UNIMOD:737;TA=K;MT=Fixed	NT=TMT6plex;AC=UNIMOD:737;PP=Any N-term;MT=Fixed	NT=Phospho;AC=UNIMOD:21;TA=S,T,Y;MT=Variable	ALKAL2 plus lorlatinib 1 hour
NB1-ALKAL2-lorlatinib-1h-1	Homo sapiens	neuroblastoma cell	not available	1	neuroblastoma	cell line	ALKAL2 plus lorlatinib 1 hour	not available	not available	NB1	CVCL_1440	NB1	Lumos_190430_61-TMT128C	proteomic profiling by mass spectrometry	1	Lumos_190430_61.raw	v1.1.0	NT=ms-proteomics;VV=v1.1.0	NT=human;VV=v1.1.0	NT=cell-lines;VV=v1.1.0	manual curation	NT=Data-dependent acquisition;AC=PRIDE:0000627	NT=Orbitrap Fusion Lumos;AC=MS:1002732	NT=Trypsin;AC=MS:1001251	TMT128C	5	NT=higher energy beam-type collision-induced dissociation;AC=MS:1000422	5 ppm	0.6 Da	NT=dithiothreitol (DTT);AC=PRIDE:0000608	NT=methyl methanethiosulfonate (MMTS);AC=PRIDE:0000605	NT=Methylthio;AC=UNIMOD:39;TA=C;MT=Fixed	NT=Oxidation;AC=UNIMOD:35;TA=M;MT=Variable	NT=TMT6plex;AC=UNIMOD:737;TA=K;MT=Fixed	NT=TMT6plex;AC=UNIMOD:737;PP=Any N-term;MT=Fixed	NT=Phospho;AC=UNIMOD:21;TA=S,T,Y;MT=Variable	ALKAL2 plus lorlatinib 1 hour
NB1-ALKAL2-lorlatinib-1h-1	Homo sapiens	neuroblastoma cell	not available	1	neuroblastoma	cell line	ALKAL2 plus lorlatinib 1 hour	not available	not available	NB1	CVCL_1440	NB1	Lumos_190430_62-TMT128C	proteomic profiling by mass spectrometry	1	Lumos_190430_62.raw	v1.1.0	NT=ms-proteomics;VV=v1.1.0	NT=human;VV=v1.1.0	NT=cell-lines;VV=v1.1.0	manual curation	NT=Data-dependent acquisition;AC=PRIDE:0000627	NT=Orbitrap Fusion Lumos;AC=MS:1002732	NT=Trypsin;AC=MS:1001251	TMT128C	6	NT=higher energy beam-type collision-induced dissociation;AC=MS:1000422	5 ppm	0.6 Da	NT=dithiothreitol (DTT);AC=PRIDE:0000608	NT=methyl methanethiosulfonate (MMTS);AC=PRIDE:0000605	NT=Methylthio;AC=UNIMOD:39;TA=C;MT=Fixed	NT=Oxidation;AC=UNIMOD:35;TA=M;MT=Variable	NT=TMT6plex;AC=UNIMOD:737;TA=K;MT=Fixed	NT=TMT6plex;AC=UNIMOD:737;PP=Any N-term;MT=Fixed	NT=Phospho;AC=UNIMOD:21;TA=S,T,Y;MT=Variable	ALKAL2 plus lorlatinib 1 hour
NB1-ALKAL2-lorlatinib-1h-1	Homo sapiens	neuroblastoma cell	not available	1	neuroblastoma	cell line	ALKAL2 plus lorlatinib 1 hour	not available	not available	NB1	CVCL_1440	NB1	Lumos_190430_63-TMT128C	proteomic profiling by mass spectrometry	1	Lumos_190430_63.raw	v1.1.0	NT=ms-proteomics;VV=v1.1.0	NT=human;VV=v1.1.0	NT=cell-lines;VV=v1.1.0	manual curation	NT=Data-dependent acquisition;AC=PRIDE:0000627	NT=Orbitrap Fusion Lumos;AC=MS:1002732	NT=Trypsin;AC=MS:1001251	TMT128C	7	NT=higher energy beam-type collision-induced dissociation;AC=MS:1000422	5 ppm	0.6 Da	NT=dithiothreitol (DTT);AC=PRIDE:0000608	NT=methyl methanethiosulfonate (MMTS);AC=PRIDE:0000605	NT=Methylthio;AC=UNIMOD:39;TA=C;MT=Fixed	NT=Oxidation;AC=UNIMOD:35;TA=M;MT=Variable	NT=TMT6plex;AC=UNIMOD:737;TA=K;MT=Fixed	NT=TMT6plex;AC=UNIMOD:737;PP=Any N-term;MT=Fixed	NT=Phospho;AC=UNIMOD:21;TA=S,T,Y;MT=Variable	ALKAL2 plus lorlatinib 1 hour
NB1-ALKAL2-lorlatinib-1h-1	Homo sapiens	neuroblastoma cell	not available	1	neuroblastoma	cell line	ALKAL2 plus lorlatinib 1 hour	not available	not available	NB1	CVCL_1440	NB1	Lumos_190430_64-TMT128C	proteomic profiling by mass spectrometry	1	Lumos_190430_64.raw	v1.1.0	NT=ms-proteomics;VV=v1.1.0	NT=human;VV=v1.1.0	NT=cell-lines;VV=v1.1.0	manual curation	NT=Data-dependent acquisition;AC=PRIDE:0000627	NT=Orbitrap Fusion Lumos;AC=MS:1002732	NT=Trypsin;AC=MS:1001251	TMT128C	8	NT=higher energy beam-type collision-induced dissociation;AC=MS:1000422	5 ppm	0.6 Da	NT=dithiothreitol (DTT);AC=PRIDE:0000608	NT=methyl methanethiosulfonate (MMTS);AC=PRIDE:0000605	NT=Methylthio;AC=UNIMOD:39;TA=C;MT=Fixed	NT=Oxidation;AC=UNIMOD:35;TA=M;MT=Variable	NT=TMT6plex;AC=UNIMOD:737;TA=K;MT=Fixed	NT=TMT6plex;AC=UNIMOD:737;PP=Any N-term;MT=Fixed	NT=Phospho;AC=UNIMOD:21;TA=S,T,Y;MT=Variable	ALKAL2 plus lorlatinib 1 hour
NB1-ALKAL2-lorlatinib-1h-1	Homo sapiens	neuroblastoma cell	not available	1	neuroblastoma	cell line	ALKAL2 plus lorlatinib 1 hour	not available	not available	NB1	CVCL_1440	NB1	Lumos_190430_65-TMT128C	proteomic profiling by mass spectrometry	1	Lumos_190430_65.raw	v1.1.0	NT=ms-proteomics;VV=v1.1.0	NT=human;VV=v1.1.0	NT=cell-lines;VV=v1.1.0	manual curation	NT=Data-dependent acquisition;AC=PRIDE:0000627	NT=Orbitrap Fusion Lumos;AC=MS:1002732	NT=Trypsin;AC=MS:1001251	TMT128C	9	NT=higher energy beam-type collision-induced dissociation;AC=MS:1000422	5 ppm	0.6 Da	NT=dithiothreitol (DTT);AC=PRIDE:0000608	NT=methyl methanethiosulfonate (MMTS);AC=PRIDE:0000605	NT=Methylthio;AC=UNIMOD:39;TA=C;MT=Fixed	NT=Oxidation;AC=UNIMOD:35;TA=M;MT=Variable	NT=TMT6plex;AC=UNIMOD:737;TA=K;MT=Fixed	NT=TMT6plex;AC=UNIMOD:737;PP=Any N-term;MT=Fixed	NT=Phospho;AC=UNIMOD:21;TA=S,T,Y;MT=Variable	ALKAL2 plus lorlatinib 1 hour
NB1-ALKAL2-lorlatinib-1h-1	Homo sapiens	neuroblastoma cell	not available	1	neuroblastoma	cell line	ALKAL2 plus lorlatinib 1 hour	not available	not available	NB1	CVCL_1440	NB1	Lumos_190430_66-TMT128C	proteomic profiling by mass spectrometry	1	Lumos_190430_66.raw	v1.1.0	NT=ms-proteomics;VV=v1.1.0	NT=human;VV=v1.1.0	NT=cell-lines;VV=v1.1.0	manual curation	NT=Data-dependent acquisition;AC=PRIDE:0000627	NT=Orbitrap Fusion Lumos;AC=MS:1002732	NT=Trypsin;AC=MS:1001251	TMT128C	10	NT=higher energy beam-type collision-induced dissociation;AC=MS:1000422	5 ppm	0.6 Da	NT=dithiothreitol (DTT);AC=PRIDE:0000608	NT=methyl methanethiosulfonate (MMTS);AC=PRIDE:0000605	NT=Methylthio;AC=UNIMOD:39;TA=C;MT=Fixed	NT=Oxidation;AC=UNIMOD:35;TA=M;MT=Variable	NT=TMT6plex;AC=UNIMOD:737;TA=K;MT=Fixed	NT=TMT6plex;AC=UNIMOD:737;PP=Any N-term;MT=Fixed	NT=Phospho;AC=UNIMOD:21;TA=S,T,Y;MT=Variable	ALKAL2 plus lorlatinib 1 hour
NB1-ALKAL2-lorlatinib-1h-2	Homo sapiens	neuroblastoma cell	not available	2	neuroblastoma	cell line	ALKAL2 plus lorlatinib 1 hour	not available	not available	NB1	CVCL_1440	NB1	Lumos_190430_57-TMT129N	proteomic profiling by mass spectrometry	1	Lumos_190430_57.raw	v1.1.0	NT=ms-proteomics;VV=v1.1.0	NT=human;VV=v1.1.0	NT=cell-lines;VV=v1.1.0	manual curation	NT=Data-dependent acquisition;AC=PRIDE:0000627	NT=Orbitrap Fusion Lumos;AC=MS:1002732	NT=Trypsin;AC=MS:1001251	TMT129N	1	NT=higher energy beam-type collision-induced dissociation;AC=MS:1000422	5 ppm	0.6 Da	NT=dithiothreitol (DTT);AC=PRIDE:0000608	NT=methyl methanethiosulfonate (MMTS);AC=PRIDE:0000605	NT=Methylthio;AC=UNIMOD:39;TA=C;MT=Fixed	NT=Oxidation;AC=UNIMOD:35;TA=M;MT=Variable	NT=TMT6plex;AC=UNIMOD:737;TA=K;MT=Fixed	NT=TMT6plex;AC=UNIMOD:737;PP=Any N-term;MT=Fixed	NT=Phospho;AC=UNIMOD:21;TA=S,T,Y;MT=Variable	ALKAL2 plus lorlatinib 1 hour
NB1-ALKAL2-lorlatinib-1h-2	Homo sapiens	neuroblastoma cell	not available	2	neuroblastoma	cell line	ALKAL2 plus lorlatinib 1 hour	not available	not available	NB1	CVCL_1440	NB1	Lumos_190430_58-TMT129N	proteomic profiling by mass spectrometry	1	Lumos_190430_58.raw	v1.1.0	NT=ms-proteomics;VV=v1.1.0	NT=human;VV=v1.1.0	NT=cell-lines;VV=v1.1.0	manual curation	NT=Data-dependent acquisition;AC=PRIDE:0000627	NT=Orbitrap Fusion Lumos;AC=MS:1002732	NT=Trypsin;AC=MS:1001251	TMT129N	2	NT=higher energy beam-type collision-induced dissociation;AC=MS:1000422	5 ppm	0.6 Da	NT=dithiothreitol (DTT);AC=PRIDE:0000608	NT=methyl methanethiosulfonate (MMTS);AC=PRIDE:0000605	NT=Methylthio;AC=UNIMOD:39;TA=C;MT=Fixed	NT=Oxidation;AC=UNIMOD:35;TA=M;MT=Variable	NT=TMT6plex;AC=UNIMOD:737;TA=K;MT=Fixed	NT=TMT6plex;AC=UNIMOD:737;PP=Any N-term;MT=Fixed	NT=Phospho;AC=UNIMOD:21;TA=S,T,Y;MT=Variable	ALKAL2 plus lorlatinib 1 hour
NB1-ALKAL2-lorlatinib-1h-2	Homo sapiens	neuroblastoma cell	not available	2	neuroblastoma	cell line	ALKAL2 plus lorlatinib 1 hour	not available	not available	NB1	CVCL_1440	NB1	Lumos_190430_59-TMT129N	proteomic profiling by mass spectrometry	1	Lumos_190430_59.raw	v1.1.0	NT=ms-proteomics;VV=v1.1.0	NT=human;VV=v1.1.0	NT=cell-lines;VV=v1.1.0	manual curation	NT=Data-dependent acquisition;AC=PRIDE:0000627	NT=Orbitrap Fusion Lumos;AC=MS:1002732	NT=Trypsin;AC=MS:1001251	TMT129N	3	NT=higher energy beam-type collision-induced dissociation;AC=MS:1000422	5 ppm	0.6 Da	NT=dithiothreitol (DTT);AC=PRIDE:0000608	NT=methyl methanethiosulfonate (MMTS);AC=PRIDE:0000605	NT=Methylthio;AC=UNIMOD:39;TA=C;MT=Fixed	NT=Oxidation;AC=UNIMOD:35;TA=M;MT=Variable	NT=TMT6plex;AC=UNIMOD:737;TA=K;MT=Fixed	NT=TMT6plex;AC=UNIMOD:737;PP=Any N-term;MT=Fixed	NT=Phospho;AC=UNIMOD:21;TA=S,T,Y;MT=Variable	ALKAL2 plus lorlatinib 1 hour
NB1-ALKAL2-lorlatinib-1h-2	Homo sapiens	neuroblastoma cell	not available	2	neuroblastoma	cell line	ALKAL2 plus lorlatinib 1 hour	not available	not available	NB1	CVCL_1440	NB1	Lumos_190430_60-TMT129N	proteomic profiling by mass spectrometry	1	Lumos_190430_60.raw	v1.1.0	NT=ms-proteomics;VV=v1.1.0	NT=human;VV=v1.1.0	NT=cell-lines;VV=v1.1.0	manual curation	NT=Data-dependent acquisition;AC=PRIDE:0000627	NT=Orbitrap Fusion Lumos;AC=MS:1002732	NT=Trypsin;AC=MS:1001251	TMT129N	4	NT=higher energy beam-type collision-induced dissociation;AC=MS:1000422	5 ppm	0.6 Da	NT=dithiothreitol (DTT);AC=PRIDE:0000608	NT=methyl methanethiosulfonate (MMTS);AC=PRIDE:0000605	NT=Methylthio;AC=UNIMOD:39;TA=C;MT=Fixed	NT=Oxidation;AC=UNIMOD:35;TA=M;MT=Variable	NT=TMT6plex;AC=UNIMOD:737;TA=K;MT=Fixed	NT=TMT6plex;AC=UNIMOD:737;PP=Any N-term;MT=Fixed	NT=Phospho;AC=UNIMOD:21;TA=S,T,Y;MT=Variable	ALKAL2 plus lorlatinib 1 hour
NB1-ALKAL2-lorlatinib-1h-2	Homo sapiens	neuroblastoma cell	not available	2	neuroblastoma	cell line	ALKAL2 plus lorlatinib 1 hour	not available	not available	NB1	CVCL_1440	NB1	Lumos_190430_61-TMT129N	proteomic profiling by mass spectrometry	1	Lumos_190430_61.raw	v1.1.0	NT=ms-proteomics;VV=v1.1.0	NT=human;VV=v1.1.0	NT=cell-lines;VV=v1.1.0	manual curation	NT=Data-dependent acquisition;AC=PRIDE:0000627	NT=Orbitrap Fusion Lumos;AC=MS:1002732	NT=Trypsin;AC=MS:1001251	TMT129N	5	NT=higher energy beam-type collision-induced dissociation;AC=MS:1000422	5 ppm	0.6 Da	NT=dithiothreitol (DTT);AC=PRIDE:0000608	NT=methyl methanethiosulfonate (MMTS);AC=PRIDE:0000605	NT=Methylthio;AC=UNIMOD:39;TA=C;MT=Fixed	NT=Oxidation;AC=UNIMOD:35;TA=M;MT=Variable	NT=TMT6plex;AC=UNIMOD:737;TA=K;MT=Fixed	NT=TMT6plex;AC=UNIMOD:737;PP=Any N-term;MT=Fixed	NT=Phospho;AC=UNIMOD:21;TA=S,T,Y;MT=Variable	ALKAL2 plus lorlatinib 1 hour
NB1-ALKAL2-lorlatinib-1h-2	Homo sapiens	neuroblastoma cell	not available	2	neuroblastoma	cell line	ALKAL2 plus lorlatinib 1 hour	not available	not available	NB1	CVCL_1440	NB1	Lumos_190430_62-TMT129N	proteomic profiling by mass spectrometry	1	Lumos_190430_62.raw	v1.1.0	NT=ms-proteomics;VV=v1.1.0	NT=human;VV=v1.1.0	NT=cell-lines;VV=v1.1.0	manual curation	NT=Data-dependent acquisition;AC=PRIDE:0000627	NT=Orbitrap Fusion Lumos;AC=MS:1002732	NT=Trypsin;AC=MS:1001251	TMT129N	6	NT=higher energy beam-type collision-induced dissociation;AC=MS:1000422	5 ppm	0.6 Da	NT=dithiothreitol (DTT);AC=PRIDE:0000608	NT=methyl methanethiosulfonate (MMTS);AC=PRIDE:0000605	NT=Methylthio;AC=UNIMOD:39;TA=C;MT=Fixed	NT=Oxidation;AC=UNIMOD:35;TA=M;MT=Variable	NT=TMT6plex;AC=UNIMOD:737;TA=K;MT=Fixed	NT=TMT6plex;AC=UNIMOD:737;PP=Any N-term;MT=Fixed	NT=Phospho;AC=UNIMOD:21;TA=S,T,Y;MT=Variable	ALKAL2 plus lorlatinib 1 hour
NB1-ALKAL2-lorlatinib-1h-2	Homo sapiens	neuroblastoma cell	not available	2	neuroblastoma	cell line	ALKAL2 plus lorlatinib 1 hour	not available	not available	NB1	CVCL_1440	NB1	Lumos_190430_63-TMT129N	proteomic profiling by mass spectrometry	1	Lumos_190430_63.raw	v1.1.0	NT=ms-proteomics;VV=v1.1.0	NT=human;VV=v1.1.0	NT=cell-lines;VV=v1.1.0	manual curation	NT=Data-dependent acquisition;AC=PRIDE:0000627	NT=Orbitrap Fusion Lumos;AC=MS:1002732	NT=Trypsin;AC=MS:1001251	TMT129N	7	NT=higher energy beam-type collision-induced dissociation;AC=MS:1000422	5 ppm	0.6 Da	NT=dithiothreitol (DTT);AC=PRIDE:0000608	NT=methyl methanethiosulfonate (MMTS);AC=PRIDE:0000605	NT=Methylthio;AC=UNIMOD:39;TA=C;MT=Fixed	NT=Oxidation;AC=UNIMOD:35;TA=M;MT=Variable	NT=TMT6plex;AC=UNIMOD:737;TA=K;MT=Fixed	NT=TMT6plex;AC=UNIMOD:737;PP=Any N-term;MT=Fixed	NT=Phospho;AC=UNIMOD:21;TA=S,T,Y;MT=Variable	ALKAL2 plus lorlatinib 1 hour
NB1-ALKAL2-lorlatinib-1h-2	Homo sapiens	neuroblastoma cell	not available	2	neuroblastoma	cell line	ALKAL2 plus lorlatinib 1 hour	not available	not available	NB1	CVCL_1440	NB1	Lumos_190430_64-TMT129N	proteomic profiling by mass spectrometry	1	Lumos_190430_64.raw	v1.1.0	NT=ms-proteomics;VV=v1.1.0	NT=human;VV=v1.1.0	NT=cell-lines;VV=v1.1.0	manual curation	NT=Data-dependent acquisition;AC=PRIDE:0000627	NT=Orbitrap Fusion Lumos;AC=MS:1002732	NT=Trypsin;AC=MS:1001251	TMT129N	8	NT=higher energy beam-type collision-induced dissociation;AC=MS:1000422	5 ppm	0.6 Da	NT=dithiothreitol (DTT);AC=PRIDE:0000608	NT=methyl methanethiosulfonate (MMTS);AC=PRIDE:0000605	NT=Methylthio;AC=UNIMOD:39;TA=C;MT=Fixed	NT=Oxidation;AC=UNIMOD:35;TA=M;MT=Variable	NT=TMT6plex;AC=UNIMOD:737;TA=K;MT=Fixed	NT=TMT6plex;AC=UNIMOD:737;PP=Any N-term;MT=Fixed	NT=Phospho;AC=UNIMOD:21;TA=S,T,Y;MT=Variable	ALKAL2 plus lorlatinib 1 hour
NB1-ALKAL2-lorlatinib-1h-2	Homo sapiens	neuroblastoma cell	not available	2	neuroblastoma	cell line	ALKAL2 plus lorlatinib 1 hour	not available	not available	NB1	CVCL_1440	NB1	Lumos_190430_65-TMT129N	proteomic profiling by mass spectrometry	1	Lumos_190430_65.raw	v1.1.0	NT=ms-proteomics;VV=v1.1.0	NT=human;VV=v1.1.0	NT=cell-lines;VV=v1.1.0	manual curation	NT=Data-dependent acquisition;AC=PRIDE:0000627	NT=Orbitrap Fusion Lumos;AC=MS:1002732	NT=Trypsin;AC=MS:1001251	TMT129N	9	NT=higher energy beam-type collision-induced dissociation;AC=MS:1000422	5 ppm	0.6 Da	NT=dithiothreitol (DTT);AC=PRIDE:0000608	NT=methyl methanethiosulfonate (MMTS);AC=PRIDE:0000605	NT=Methylthio;AC=UNIMOD:39;TA=C;MT=Fixed	NT=Oxidation;AC=UNIMOD:35;TA=M;MT=Variable	NT=TMT6plex;AC=UNIMOD:737;TA=K;MT=Fixed	NT=TMT6plex;AC=UNIMOD:737;PP=Any N-term;MT=Fixed	NT=Phospho;AC=UNIMOD:21;TA=S,T,Y;MT=Variable	ALKAL2 plus lorlatinib 1 hour
NB1-ALKAL2-lorlatinib-1h-2	Homo sapiens	neuroblastoma cell	not available	2	neuroblastoma	cell line	ALKAL2 plus lorlatinib 1 hour	not available	not available	NB1	CVCL_1440	NB1	Lumos_190430_66-TMT129N	proteomic profiling by mass spectrometry	1	Lumos_190430_66.raw	v1.1.0	NT=ms-proteomics;VV=v1.1.0	NT=human;VV=v1.1.0	NT=cell-lines;VV=v1.1.0	manual curation	NT=Data-dependent acquisition;AC=PRIDE:0000627	NT=Orbitrap Fusion Lumos;AC=MS:1002732	NT=Trypsin;AC=MS:1001251	TMT129N	10	NT=higher energy beam-type collision-induced dissociation;AC=MS:1000422	5 ppm	0.6 Da	NT=dithiothreitol (DTT);AC=PRIDE:0000608	NT=methyl methanethiosulfonate (MMTS);AC=PRIDE:0000605	NT=Methylthio;AC=UNIMOD:39;TA=C;MT=Fixed	NT=Oxidation;AC=UNIMOD:35;TA=M;MT=Variable	NT=TMT6plex;AC=UNIMOD:737;TA=K;MT=Fixed	NT=TMT6plex;AC=UNIMOD:737;PP=Any N-term;MT=Fixed	NT=Phospho;AC=UNIMOD:21;TA=S,T,Y;MT=Variable	ALKAL2 plus lorlatinib 1 hour
NB1-ALKAL2-24h-1	Homo sapiens	neuroblastoma cell	not available	1	neuroblastoma	cell line	ALKAL2 stimulation 24 hours	not available	not available	NB1	CVCL_1440	NB1	Lumos_190430_57-TMT129C	proteomic profiling by mass spectrometry	1	Lumos_190430_57.raw	v1.1.0	NT=ms-proteomics;VV=v1.1.0	NT=human;VV=v1.1.0	NT=cell-lines;VV=v1.1.0	manual curation	NT=Data-dependent acquisition;AC=PRIDE:0000627	NT=Orbitrap Fusion Lumos;AC=MS:1002732	NT=Trypsin;AC=MS:1001251	TMT129C	1	NT=higher energy beam-type collision-induced dissociation;AC=MS:1000422	5 ppm	0.6 Da	NT=dithiothreitol (DTT);AC=PRIDE:0000608	NT=methyl methanethiosulfonate (MMTS);AC=PRIDE:0000605	NT=Methylthio;AC=UNIMOD:39;TA=C;MT=Fixed	NT=Oxidation;AC=UNIMOD:35;TA=M;MT=Variable	NT=TMT6plex;AC=UNIMOD:737;TA=K;MT=Fixed	NT=TMT6plex;AC=UNIMOD:737;PP=Any N-term;MT=Fixed	NT=Phospho;AC=UNIMOD:21;TA=S,T,Y;MT=Variable	ALKAL2 stimulation 24 hours
NB1-ALKAL2-24h-1	Homo sapiens	neuroblastoma cell	not available	1	neuroblastoma	cell line	ALKAL2 stimulation 24 hours	not available	not available	NB1	CVCL_1440	NB1	Lumos_190430_58-TMT129C	proteomic profiling by mass spectrometry	1	Lumos_190430_58.raw	v1.1.0	NT=ms-proteomics;VV=v1.1.0	NT=human;VV=v1.1.0	NT=cell-lines;VV=v1.1.0	manual curation	NT=Data-dependent acquisition;AC=PRIDE:0000627	NT=Orbitrap Fusion Lumos;AC=MS:1002732	NT=Trypsin;AC=MS:1001251	TMT129C	2	NT=higher energy beam-type collision-induced dissociation;AC=MS:1000422	5 ppm	0.6 Da	NT=dithiothreitol (DTT);AC=PRIDE:0000608	NT=methyl methanethiosulfonate (MMTS);AC=PRIDE:0000605	NT=Methylthio;AC=UNIMOD:39;TA=C;MT=Fixed	NT=Oxidation;AC=UNIMOD:35;TA=M;MT=Variable	NT=TMT6plex;AC=UNIMOD:737;TA=K;MT=Fixed	NT=TMT6plex;AC=UNIMOD:737;PP=Any N-term;MT=Fixed	NT=Phospho;AC=UNIMOD:21;TA=S,T,Y;MT=Variable	ALKAL2 stimulation 24 hours
NB1-ALKAL2-24h-1	Homo sapiens	neuroblastoma cell	not available	1	neuroblastoma	cell line	ALKAL2 stimulation 24 hours	not available	not available	NB1	CVCL_1440	NB1	Lumos_190430_59-TMT129C	proteomic profiling by mass spectrometry	1	Lumos_190430_59.raw	v1.1.0	NT=ms-proteomics;VV=v1.1.0	NT=human;VV=v1.1.0	NT=cell-lines;VV=v1.1.0	manual curation	NT=Data-dependent acquisition;AC=PRIDE:0000627	NT=Orbitrap Fusion Lumos;AC=MS:1002732	NT=Trypsin;AC=MS:1001251	TMT129C	3	NT=higher energy beam-type collision-induced dissociation;AC=MS:1000422	5 ppm	0.6 Da	NT=dithiothreitol (DTT);AC=PRIDE:0000608	NT=methyl methanethiosulfonate (MMTS);AC=PRIDE:0000605	NT=Methylthio;AC=UNIMOD:39;TA=C;MT=Fixed	NT=Oxidation;AC=UNIMOD:35;TA=M;MT=Variable	NT=TMT6plex;AC=UNIMOD:737;TA=K;MT=Fixed	NT=TMT6plex;AC=UNIMOD:737;PP=Any N-term;MT=Fixed	NT=Phospho;AC=UNIMOD:21;TA=S,T,Y;MT=Variable	ALKAL2 stimulation 24 hours
NB1-ALKAL2-24h-1	Homo sapiens	neuroblastoma cell	not available	1	neuroblastoma	cell line	ALKAL2 stimulation 24 hours	not available	not available	NB1	CVCL_1440	NB1	Lumos_190430_60-TMT129C	proteomic profiling by mass spectrometry	1	Lumos_190430_60.raw	v1.1.0	NT=ms-proteomics;VV=v1.1.0	NT=human;VV=v1.1.0	NT=cell-lines;VV=v1.1.0	manual curation	NT=Data-dependent acquisition;AC=PRIDE:0000627	NT=Orbitrap Fusion Lumos;AC=MS:1002732	NT=Trypsin;AC=MS:1001251	TMT129C	4	NT=higher energy beam-type collision-induced dissociation;AC=MS:1000422	5 ppm	0.6 Da	NT=dithiothreitol (DTT);AC=PRIDE:0000608	NT=methyl methanethiosulfonate (MMTS);AC=PRIDE:0000605	NT=Methylthio;AC=UNIMOD:39;TA=C;MT=Fixed	NT=Oxidation;AC=UNIMOD:35;TA=M;MT=Variable	NT=TMT6plex;AC=UNIMOD:737;TA=K;MT=Fixed	NT=TMT6plex;AC=UNIMOD:737;PP=Any N-term;MT=Fixed	NT=Phospho;AC=UNIMOD:21;TA=S,T,Y;MT=Variable	ALKAL2 stimulation 24 hours
NB1-ALKAL2-24h-1	Homo sapiens	neuroblastoma cell	not available	1	neuroblastoma	cell line	ALKAL2 stimulation 24 hours	not available	not available	NB1	CVCL_1440	NB1	Lumos_190430_61-TMT129C	proteomic profiling by mass spectrometry	1	Lumos_190430_61.raw	v1.1.0	NT=ms-proteomics;VV=v1.1.0	NT=human;VV=v1.1.0	NT=cell-lines;VV=v1.1.0	manual curation	NT=Data-dependent acquisition;AC=PRIDE:0000627	NT=Orbitrap Fusion Lumos;AC=MS:1002732	NT=Trypsin;AC=MS:1001251	TMT129C	5	NT=higher energy beam-type collision-induced dissociation;AC=MS:1000422	5 ppm	0.6 Da	NT=dithiothreitol (DTT);AC=PRIDE:0000608	NT=methyl methanethiosulfonate (MMTS);AC=PRIDE:0000605	NT=Methylthio;AC=UNIMOD:39;TA=C;MT=Fixed	NT=Oxidation;AC=UNIMOD:35;TA=M;MT=Variable	NT=TMT6plex;AC=UNIMOD:737;TA=K;MT=Fixed	NT=TMT6plex;AC=UNIMOD:737;PP=Any N-term;MT=Fixed	NT=Phospho;AC=UNIMOD:21;TA=S,T,Y;MT=Variable	ALKAL2 stimulation 24 hours
NB1-ALKAL2-24h-1	Homo sapiens	neuroblastoma cell	not available	1	neuroblastoma	cell line	ALKAL2 stimulation 24 hours	not available	not available	NB1	CVCL_1440	NB1	Lumos_190430_62-TMT129C	proteomic profiling by mass spectrometry	1	Lumos_190430_62.raw	v1.1.0	NT=ms-proteomics;VV=v1.1.0	NT=human;VV=v1.1.0	NT=cell-lines;VV=v1.1.0	manual curation	NT=Data-dependent acquisition;AC=PRIDE:0000627	NT=Orbitrap Fusion Lumos;AC=MS:1002732	NT=Trypsin;AC=MS:1001251	TMT129C	6	NT=higher energy beam-type collision-induced dissociation;AC=MS:1000422	5 ppm	0.6 Da	NT=dithiothreitol (DTT);AC=PRIDE:0000608	NT=methyl methanethiosulfonate (MMTS);AC=PRIDE:0000605	NT=Methylthio;AC=UNIMOD:39;TA=C;MT=Fixed	NT=Oxidation;AC=UNIMOD:35;TA=M;MT=Variable	NT=TMT6plex;AC=UNIMOD:737;TA=K;MT=Fixed	NT=TMT6plex;AC=UNIMOD:737;PP=Any N-term;MT=Fixed	NT=Phospho;AC=UNIMOD:21;TA=S,T,Y;MT=Variable	ALKAL2 stimulation 24 hours
NB1-ALKAL2-24h-1	Homo sapiens	neuroblastoma cell	not available	1	neuroblastoma	cell line	ALKAL2 stimulation 24 hours	not available	not available	NB1	CVCL_1440	NB1	Lumos_190430_63-TMT129C	proteomic profiling by mass spectrometry	1	Lumos_190430_63.raw	v1.1.0	NT=ms-proteomics;VV=v1.1.0	NT=human;VV=v1.1.0	NT=cell-lines;VV=v1.1.0	manual curation	NT=Data-dependent acquisition;AC=PRIDE:0000627	NT=Orbitrap Fusion Lumos;AC=MS:1002732	NT=Trypsin;AC=MS:1001251	TMT129C	7	NT=higher energy beam-type collision-induced dissociation;AC=MS:1000422	5 ppm	0.6 Da	NT=dithiothreitol (DTT);AC=PRIDE:0000608	NT=methyl methanethiosulfonate (MMTS);AC=PRIDE:0000605	NT=Methylthio;AC=UNIMOD:39;TA=C;MT=Fixed	NT=Oxidation;AC=UNIMOD:35;TA=M;MT=Variable	NT=TMT6plex;AC=UNIMOD:737;TA=K;MT=Fixed	NT=TMT6plex;AC=UNIMOD:737;PP=Any N-term;MT=Fixed	NT=Phospho;AC=UNIMOD:21;TA=S,T,Y;MT=Variable	ALKAL2 stimulation 24 hours
NB1-ALKAL2-24h-1	Homo sapiens	neuroblastoma cell	not available	1	neuroblastoma	cell line	ALKAL2 stimulation 24 hours	not available	not available	NB1	CVCL_1440	NB1	Lumos_190430_64-TMT129C	proteomic profiling by mass spectrometry	1	Lumos_190430_64.raw	v1.1.0	NT=ms-proteomics;VV=v1.1.0	NT=human;VV=v1.1.0	NT=cell-lines;VV=v1.1.0	manual curation	NT=Data-dependent acquisition;AC=PRIDE:0000627	NT=Orbitrap Fusion Lumos;AC=MS:1002732	NT=Trypsin;AC=MS:1001251	TMT129C	8	NT=higher energy beam-type collision-induced dissociation;AC=MS:1000422	5 ppm	0.6 Da	NT=dithiothreitol (DTT);AC=PRIDE:0000608	NT=methyl methanethiosulfonate (MMTS);AC=PRIDE:0000605	NT=Methylthio;AC=UNIMOD:39;TA=C;MT=Fixed	NT=Oxidation;AC=UNIMOD:35;TA=M;MT=Variable	NT=TMT6plex;AC=UNIMOD:737;TA=K;MT=Fixed	NT=TMT6plex;AC=UNIMOD:737;PP=Any N-term;MT=Fixed	NT=Phospho;AC=UNIMOD:21;TA=S,T,Y;MT=Variable	ALKAL2 stimulation 24 hours
NB1-ALKAL2-24h-1	Homo sapiens	neuroblastoma cell	not available	1	neuroblastoma	cell line	ALKAL2 stimulation 24 hours	not available	not available	NB1	CVCL_1440	NB1	Lumos_190430_65-TMT129C	proteomic profiling by mass spectrometry	1	Lumos_190430_65.raw	v1.1.0	NT=ms-proteomics;VV=v1.1.0	NT=human;VV=v1.1.0	NT=cell-lines;VV=v1.1.0	manual curation	NT=Data-dependent acquisition;AC=PRIDE:0000627	NT=Orbitrap Fusion Lumos;AC=MS:1002732	NT=Trypsin;AC=MS:1001251	TMT129C	9	NT=higher energy beam-type collision-induced dissociation;AC=MS:1000422	5 ppm	0.6 Da	NT=dithiothreitol (DTT);AC=PRIDE:0000608	NT=methyl methanethiosulfonate (MMTS);AC=PRIDE:0000605	NT=Methylthio;AC=UNIMOD:39;TA=C;MT=Fixed	NT=Oxidation;AC=UNIMOD:35;TA=M;MT=Variable	NT=TMT6plex;AC=UNIMOD:737;TA=K;MT=Fixed	NT=TMT6plex;AC=UNIMOD:737;PP=Any N-term;MT=Fixed	NT=Phospho;AC=UNIMOD:21;TA=S,T,Y;MT=Variable	ALKAL2 stimulation 24 hours
NB1-ALKAL2-24h-1	Homo sapiens	neuroblastoma cell	not available	1	neuroblastoma	cell line	ALKAL2 stimulation 24 hours	not available	not available	NB1	CVCL_1440	NB1	Lumos_190430_66-TMT129C	proteomic profiling by mass spectrometry	1	Lumos_190430_66.raw	v1.1.0	NT=ms-proteomics;VV=v1.1.0	NT=human;VV=v1.1.0	NT=cell-lines;VV=v1.1.0	manual curation	NT=Data-dependent acquisition;AC=PRIDE:0000627	NT=Orbitrap Fusion Lumos;AC=MS:1002732	NT=Trypsin;AC=MS:1001251	TMT129C	10	NT=higher energy beam-type collision-induced dissociation;AC=MS:1000422	5 ppm	0.6 Da	NT=dithiothreitol (DTT);AC=PRIDE:0000608	NT=methyl methanethiosulfonate (MMTS);AC=PRIDE:0000605	NT=Methylthio;AC=UNIMOD:39;TA=C;MT=Fixed	NT=Oxidation;AC=UNIMOD:35;TA=M;MT=Variable	NT=TMT6plex;AC=UNIMOD:737;TA=K;MT=Fixed	NT=TMT6plex;AC=UNIMOD:737;PP=Any N-term;MT=Fixed	NT=Phospho;AC=UNIMOD:21;TA=S,T,Y;MT=Variable	ALKAL2 stimulation 24 hours
NB1-ALKAL2-24h-2	Homo sapiens	neuroblastoma cell	not available	2	neuroblastoma	cell line	ALKAL2 stimulation 24 hours	not available	not available	NB1	CVCL_1440	NB1	Lumos_190430_57-TMT130N	proteomic profiling by mass spectrometry	1	Lumos_190430_57.raw	v1.1.0	NT=ms-proteomics;VV=v1.1.0	NT=human;VV=v1.1.0	NT=cell-lines;VV=v1.1.0	manual curation	NT=Data-dependent acquisition;AC=PRIDE:0000627	NT=Orbitrap Fusion Lumos;AC=MS:1002732	NT=Trypsin;AC=MS:1001251	TMT130N	1	NT=higher energy beam-type collision-induced dissociation;AC=MS:1000422	5 ppm	0.6 Da	NT=dithiothreitol (DTT);AC=PRIDE:0000608	NT=methyl methanethiosulfonate (MMTS);AC=PRIDE:0000605	NT=Methylthio;AC=UNIMOD:39;TA=C;MT=Fixed	NT=Oxidation;AC=UNIMOD:35;TA=M;MT=Variable	NT=TMT6plex;AC=UNIMOD:737;TA=K;MT=Fixed	NT=TMT6plex;AC=UNIMOD:737;PP=Any N-term;MT=Fixed	NT=Phospho;AC=UNIMOD:21;TA=S,T,Y;MT=Variable	ALKAL2 stimulation 24 hours
NB1-ALKAL2-24h-2	Homo sapiens	neuroblastoma cell	not available	2	neuroblastoma	cell line	ALKAL2 stimulation 24 hours	not available	not available	NB1	CVCL_1440	NB1	Lumos_190430_58-TMT130N	proteomic profiling by mass spectrometry	1	Lumos_190430_58.raw	v1.1.0	NT=ms-proteomics;VV=v1.1.0	NT=human;VV=v1.1.0	NT=cell-lines;VV=v1.1.0	manual curation	NT=Data-dependent acquisition;AC=PRIDE:0000627	NT=Orbitrap Fusion Lumos;AC=MS:1002732	NT=Trypsin;AC=MS:1001251	TMT130N	2	NT=higher energy beam-type collision-induced dissociation;AC=MS:1000422	5 ppm	0.6 Da	NT=dithiothreitol (DTT);AC=PRIDE:0000608	NT=methyl methanethiosulfonate (MMTS);AC=PRIDE:0000605	NT=Methylthio;AC=UNIMOD:39;TA=C;MT=Fixed	NT=Oxidation;AC=UNIMOD:35;TA=M;MT=Variable	NT=TMT6plex;AC=UNIMOD:737;TA=K;MT=Fixed	NT=TMT6plex;AC=UNIMOD:737;PP=Any N-term;MT=Fixed	NT=Phospho;AC=UNIMOD:21;TA=S,T,Y;MT=Variable	ALKAL2 stimulation 24 hours
NB1-ALKAL2-24h-2	Homo sapiens	neuroblastoma cell	not available	2	neuroblastoma	cell line	ALKAL2 stimulation 24 hours	not available	not available	NB1	CVCL_1440	NB1	Lumos_190430_59-TMT130N	proteomic profiling by mass spectrometry	1	Lumos_190430_59.raw	v1.1.0	NT=ms-proteomics;VV=v1.1.0	NT=human;VV=v1.1.0	NT=cell-lines;VV=v1.1.0	manual curation	NT=Data-dependent acquisition;AC=PRIDE:0000627	NT=Orbitrap Fusion Lumos;AC=MS:1002732	NT=Trypsin;AC=MS:1001251	TMT130N	3	NT=higher energy beam-type collision-induced dissociation;AC=MS:1000422	5 ppm	0.6 Da	NT=dithiothreitol (DTT);AC=PRIDE:0000608	NT=methyl methanethiosulfonate (MMTS);AC=PRIDE:0000605	NT=Methylthio;AC=UNIMOD:39;TA=C;MT=Fixed	NT=Oxidation;AC=UNIMOD:35;TA=M;MT=Variable	NT=TMT6plex;AC=UNIMOD:737;TA=K;MT=Fixed	NT=TMT6plex;AC=UNIMOD:737;PP=Any N-term;MT=Fixed	NT=Phospho;AC=UNIMOD:21;TA=S,T,Y;MT=Variable	ALKAL2 stimulation 24 hours
NB1-ALKAL2-24h-2	Homo sapiens	neuroblastoma cell	not available	2	neuroblastoma	cell line	ALKAL2 stimulation 24 hours	not available	not available	NB1	CVCL_1440	NB1	Lumos_190430_60-TMT130N	proteomic profiling by mass spectrometry	1	Lumos_190430_60.raw	v1.1.0	NT=ms-proteomics;VV=v1.1.0	NT=human;VV=v1.1.0	NT=cell-lines;VV=v1.1.0	manual curation	NT=Data-dependent acquisition;AC=PRIDE:0000627	NT=Orbitrap Fusion Lumos;AC=MS:1002732	NT=Trypsin;AC=MS:1001251	TMT130N	4	NT=higher energy beam-type collision-induced dissociation;AC=MS:1000422	5 ppm	0.6 Da	NT=dithiothreitol (DTT);AC=PRIDE:0000608	NT=methyl methanethiosulfonate (MMTS);AC=PRIDE:0000605	NT=Methylthio;AC=UNIMOD:39;TA=C;MT=Fixed	NT=Oxidation;AC=UNIMOD:35;TA=M;MT=Variable	NT=TMT6plex;AC=UNIMOD:737;TA=K;MT=Fixed	NT=TMT6plex;AC=UNIMOD:737;PP=Any N-term;MT=Fixed	NT=Phospho;AC=UNIMOD:21;TA=S,T,Y;MT=Variable	ALKAL2 stimulation 24 hours
NB1-ALKAL2-24h-2	Homo sapiens	neuroblastoma cell	not available	2	neuroblastoma	cell line	ALKAL2 stimulation 24 hours	not available	not available	NB1	CVCL_1440	NB1	Lumos_190430_61-TMT130N	proteomic profiling by mass spectrometry	1	Lumos_190430_61.raw	v1.1.0	NT=ms-proteomics;VV=v1.1.0	NT=human;VV=v1.1.0	NT=cell-lines;VV=v1.1.0	manual curation	NT=Data-dependent acquisition;AC=PRIDE:0000627	NT=Orbitrap Fusion Lumos;AC=MS:1002732	NT=Trypsin;AC=MS:1001251	TMT130N	5	NT=higher energy beam-type collision-induced dissociation;AC=MS:1000422	5 ppm	0.6 Da	NT=dithiothreitol (DTT);AC=PRIDE:0000608	NT=methyl methanethiosulfonate (MMTS);AC=PRIDE:0000605	NT=Methylthio;AC=UNIMOD:39;TA=C;MT=Fixed	NT=Oxidation;AC=UNIMOD:35;TA=M;MT=Variable	NT=TMT6plex;AC=UNIMOD:737;TA=K;MT=Fixed	NT=TMT6plex;AC=UNIMOD:737;PP=Any N-term;MT=Fixed	NT=Phospho;AC=UNIMOD:21;TA=S,T,Y;MT=Variable	ALKAL2 stimulation 24 hours
NB1-ALKAL2-24h-2	Homo sapiens	neuroblastoma cell	not available	2	neuroblastoma	cell line	ALKAL2 stimulation 24 hours	not available	not available	NB1	CVCL_1440	NB1	Lumos_190430_62-TMT130N	proteomic profiling by mass spectrometry	1	Lumos_190430_62.raw	v1.1.0	NT=ms-proteomics;VV=v1.1.0	NT=human;VV=v1.1.0	NT=cell-lines;VV=v1.1.0	manual curation	NT=Data-dependent acquisition;AC=PRIDE:0000627	NT=Orbitrap Fusion Lumos;AC=MS:1002732	NT=Trypsin;AC=MS:1001251	TMT130N	6	NT=higher energy beam-type collision-induced dissociation;AC=MS:1000422	5 ppm	0.6 Da	NT=dithiothreitol (DTT);AC=PRIDE:0000608	NT=methyl methanethiosulfonate (MMTS);AC=PRIDE:0000605	NT=Methylthio;AC=UNIMOD:39;TA=C;MT=Fixed	NT=Oxidation;AC=UNIMOD:35;TA=M;MT=Variable	NT=TMT6plex;AC=UNIMOD:737;TA=K;MT=Fixed	NT=TMT6plex;AC=UNIMOD:737;PP=Any N-term;MT=Fixed	NT=Phospho;AC=UNIMOD:21;TA=S,T,Y;MT=Variable	ALKAL2 stimulation 24 hours
NB1-ALKAL2-24h-2	Homo sapiens	neuroblastoma cell	not available	2	neuroblastoma	cell line	ALKAL2 stimulation 24 hours	not available	not available	NB1	CVCL_1440	NB1	Lumos_190430_63-TMT130N	proteomic profiling by mass spectrometry	1	Lumos_190430_63.raw	v1.1.0	NT=ms-proteomics;VV=v1.1.0	NT=human;VV=v1.1.0	NT=cell-lines;VV=v1.1.0	manual curation	NT=Data-dependent acquisition;AC=PRIDE:0000627	NT=Orbitrap Fusion Lumos;AC=MS:1002732	NT=Trypsin;AC=MS:1001251	TMT130N	7	NT=higher energy beam-type collision-induced dissociation;AC=MS:1000422	5 ppm	0.6 Da	NT=dithiothreitol (DTT);AC=PRIDE:0000608	NT=methyl methanethiosulfonate (MMTS);AC=PRIDE:0000605	NT=Methylthio;AC=UNIMOD:39;TA=C;MT=Fixed	NT=Oxidation;AC=UNIMOD:35;TA=M;MT=Variable	NT=TMT6plex;AC=UNIMOD:737;TA=K;MT=Fixed	NT=TMT6plex;AC=UNIMOD:737;PP=Any N-term;MT=Fixed	NT=Phospho;AC=UNIMOD:21;TA=S,T,Y;MT=Variable	ALKAL2 stimulation 24 hours
NB1-ALKAL2-24h-2	Homo sapiens	neuroblastoma cell	not available	2	neuroblastoma	cell line	ALKAL2 stimulation 24 hours	not available	not available	NB1	CVCL_1440	NB1	Lumos_190430_64-TMT130N	proteomic profiling by mass spectrometry	1	Lumos_190430_64.raw	v1.1.0	NT=ms-proteomics;VV=v1.1.0	NT=human;VV=v1.1.0	NT=cell-lines;VV=v1.1.0	manual curation	NT=Data-dependent acquisition;AC=PRIDE:0000627	NT=Orbitrap Fusion Lumos;AC=MS:1002732	NT=Trypsin;AC=MS:1001251	TMT130N	8	NT=higher energy beam-type collision-induced dissociation;AC=MS:1000422	5 ppm	0.6 Da	NT=dithiothreitol (DTT);AC=PRIDE:0000608	NT=methyl methanethiosulfonate (MMTS);AC=PRIDE:0000605	NT=Methylthio;AC=UNIMOD:39;TA=C;MT=Fixed	NT=Oxidation;AC=UNIMOD:35;TA=M;MT=Variable	NT=TMT6plex;AC=UNIMOD:737;TA=K;MT=Fixed	NT=TMT6plex;AC=UNIMOD:737;PP=Any N-term;MT=Fixed	NT=Phospho;AC=UNIMOD:21;TA=S,T,Y;MT=Variable	ALKAL2 stimulation 24 hours
NB1-ALKAL2-24h-2	Homo sapiens	neuroblastoma cell	not available	2	neuroblastoma	cell line	ALKAL2 stimulation 24 hours	not available	not available	NB1	CVCL_1440	NB1	Lumos_190430_65-TMT130N	proteomic profiling by mass spectrometry	1	Lumos_190430_65.raw	v1.1.0	NT=ms-proteomics;VV=v1.1.0	NT=human;VV=v1.1.0	NT=cell-lines;VV=v1.1.0	manual curation	NT=Data-dependent acquisition;AC=PRIDE:0000627	NT=Orbitrap Fusion Lumos;AC=MS:1002732	NT=Trypsin;AC=MS:1001251	TMT130N	9	NT=higher energy beam-type collision-induced dissociation;AC=MS:1000422	5 ppm	0.6 Da	NT=dithiothreitol (DTT);AC=PRIDE:0000608	NT=methyl methanethiosulfonate (MMTS);AC=PRIDE:0000605	NT=Methylthio;AC=UNIMOD:39;TA=C;MT=Fixed	NT=Oxidation;AC=UNIMOD:35;TA=M;MT=Variable	NT=TMT6plex;AC=UNIMOD:737;TA=K;MT=Fixed	NT=TMT6plex;AC=UNIMOD:737;PP=Any N-term;MT=Fixed	NT=Phospho;AC=UNIMOD:21;TA=S,T,Y;MT=Variable	ALKAL2 stimulation 24 hours
NB1-ALKAL2-24h-2	Homo sapiens	neuroblastoma cell	not available	2	neuroblastoma	cell line	ALKAL2 stimulation 24 hours	not available	not available	NB1	CVCL_1440	NB1	Lumos_190430_66-TMT130N	proteomic profiling by mass spectrometry	1	Lumos_190430_66.raw	v1.1.0	NT=ms-proteomics;VV=v1.1.0	NT=human;VV=v1.1.0	NT=cell-lines;VV=v1.1.0	manual curation	NT=Data-dependent acquisition;AC=PRIDE:0000627	NT=Orbitrap Fusion Lumos;AC=MS:1002732	NT=Trypsin;AC=MS:1001251	TMT130N	10	NT=higher energy beam-type collision-induced dissociation;AC=MS:1000422	5 ppm	0.6 Da	NT=dithiothreitol (DTT);AC=PRIDE:0000608	NT=methyl methanethiosulfonate (MMTS);AC=PRIDE:0000605	NT=Methylthio;AC=UNIMOD:39;TA=C;MT=Fixed	NT=Oxidation;AC=UNIMOD:35;TA=M;MT=Variable	NT=TMT6plex;AC=UNIMOD:737;TA=K;MT=Fixed	NT=TMT6plex;AC=UNIMOD:737;PP=Any N-term;MT=Fixed	NT=Phospho;AC=UNIMOD:21;TA=S,T,Y;MT=Variable	ALKAL2 stimulation 24 hours
NB1-ALKAL2-lorlatinib-24h-1	Homo sapiens	neuroblastoma cell	not available	1	neuroblastoma	cell line	ALKAL2 plus lorlatinib 24 hours	not available	not available	NB1	CVCL_1440	NB1	Lumos_190430_57-TMT130C	proteomic profiling by mass spectrometry	1	Lumos_190430_57.raw	v1.1.0	NT=ms-proteomics;VV=v1.1.0	NT=human;VV=v1.1.0	NT=cell-lines;VV=v1.1.0	manual curation	NT=Data-dependent acquisition;AC=PRIDE:0000627	NT=Orbitrap Fusion Lumos;AC=MS:1002732	NT=Trypsin;AC=MS:1001251	TMT130C	1	NT=higher energy beam-type collision-induced dissociation;AC=MS:1000422	5 ppm	0.6 Da	NT=dithiothreitol (DTT);AC=PRIDE:0000608	NT=methyl methanethiosulfonate (MMTS);AC=PRIDE:0000605	NT=Methylthio;AC=UNIMOD:39;TA=C;MT=Fixed	NT=Oxidation;AC=UNIMOD:35;TA=M;MT=Variable	NT=TMT6plex;AC=UNIMOD:737;TA=K;MT=Fixed	NT=TMT6plex;AC=UNIMOD:737;PP=Any N-term;MT=Fixed	NT=Phospho;AC=UNIMOD:21;TA=S,T,Y;MT=Variable	ALKAL2 plus lorlatinib 24 hours
NB1-ALKAL2-lorlatinib-24h-1	Homo sapiens	neuroblastoma cell	not available	1	neuroblastoma	cell line	ALKAL2 plus lorlatinib 24 hours	not available	not available	NB1	CVCL_1440	NB1	Lumos_190430_58-TMT130C	proteomic profiling by mass spectrometry	1	Lumos_190430_58.raw	v1.1.0	NT=ms-proteomics;VV=v1.1.0	NT=human;VV=v1.1.0	NT=cell-lines;VV=v1.1.0	manual curation	NT=Data-dependent acquisition;AC=PRIDE:0000627	NT=Orbitrap Fusion Lumos;AC=MS:1002732	NT=Trypsin;AC=MS:1001251	TMT130C	2	NT=higher energy beam-type collision-induced dissociation;AC=MS:1000422	5 ppm	0.6 Da	NT=dithiothreitol (DTT);AC=PRIDE:0000608	NT=methyl methanethiosulfonate (MMTS);AC=PRIDE:0000605	NT=Methylthio;AC=UNIMOD:39;TA=C;MT=Fixed	NT=Oxidation;AC=UNIMOD:35;TA=M;MT=Variable	NT=TMT6plex;AC=UNIMOD:737;TA=K;MT=Fixed	NT=TMT6plex;AC=UNIMOD:737;PP=Any N-term;MT=Fixed	NT=Phospho;AC=UNIMOD:21;TA=S,T,Y;MT=Variable	ALKAL2 plus lorlatinib 24 hours
NB1-ALKAL2-lorlatinib-24h-1	Homo sapiens	neuroblastoma cell	not available	1	neuroblastoma	cell line	ALKAL2 plus lorlatinib 24 hours	not available	not available	NB1	CVCL_1440	NB1	Lumos_190430_59-TMT130C	proteomic profiling by mass spectrometry	1	Lumos_190430_59.raw	v1.1.0	NT=ms-proteomics;VV=v1.1.0	NT=human;VV=v1.1.0	NT=cell-lines;VV=v1.1.0	manual curation	NT=Data-dependent acquisition;AC=PRIDE:0000627	NT=Orbitrap Fusion Lumos;AC=MS:1002732	NT=Trypsin;AC=MS:1001251	TMT130C	3	NT=higher energy beam-type collision-induced dissociation;AC=MS:1000422	5 ppm	0.6 Da	NT=dithiothreitol (DTT);AC=PRIDE:0000608	NT=methyl methanethiosulfonate (MMTS);AC=PRIDE:0000605	NT=Methylthio;AC=UNIMOD:39;TA=C;MT=Fixed	NT=Oxidation;AC=UNIMOD:35;TA=M;MT=Variable	NT=TMT6plex;AC=UNIMOD:737;TA=K;MT=Fixed	NT=TMT6plex;AC=UNIMOD:737;PP=Any N-term;MT=Fixed	NT=Phospho;AC=UNIMOD:21;TA=S,T,Y;MT=Variable	ALKAL2 plus lorlatinib 24 hours
NB1-ALKAL2-lorlatinib-24h-1	Homo sapiens	neuroblastoma cell	not available	1	neuroblastoma	cell line	ALKAL2 plus lorlatinib 24 hours	not available	not available	NB1	CVCL_1440	NB1	Lumos_190430_60-TMT130C	proteomic profiling by mass spectrometry	1	Lumos_190430_60.raw	v1.1.0	NT=ms-proteomics;VV=v1.1.0	NT=human;VV=v1.1.0	NT=cell-lines;VV=v1.1.0	manual curation	NT=Data-dependent acquisition;AC=PRIDE:0000627	NT=Orbitrap Fusion Lumos;AC=MS:1002732	NT=Trypsin;AC=MS:1001251	TMT130C	4	NT=higher energy beam-type collision-induced dissociation;AC=MS:1000422	5 ppm	0.6 Da	NT=dithiothreitol (DTT);AC=PRIDE:0000608	NT=methyl methanethiosulfonate (MMTS);AC=PRIDE:0000605	NT=Methylthio;AC=UNIMOD:39;TA=C;MT=Fixed	NT=Oxidation;AC=UNIMOD:35;TA=M;MT=Variable	NT=TMT6plex;AC=UNIMOD:737;TA=K;MT=Fixed	NT=TMT6plex;AC=UNIMOD:737;PP=Any N-term;MT=Fixed	NT=Phospho;AC=UNIMOD:21;TA=S,T,Y;MT=Variable	ALKAL2 plus lorlatinib 24 hours
NB1-ALKAL2-lorlatinib-24h-1	Homo sapiens	neuroblastoma cell	not available	1	neuroblastoma	cell line	ALKAL2 plus lorlatinib 24 hours	not available	not available	NB1	CVCL_1440	NB1	Lumos_190430_61-TMT130C	proteomic profiling by mass spectrometry	1	Lumos_190430_61.raw	v1.1.0	NT=ms-proteomics;VV=v1.1.0	NT=human;VV=v1.1.0	NT=cell-lines;VV=v1.1.0	manual curation	NT=Data-dependent acquisition;AC=PRIDE:0000627	NT=Orbitrap Fusion Lumos;AC=MS:1002732	NT=Trypsin;AC=MS:1001251	TMT130C	5	NT=higher energy beam-type collision-induced dissociation;AC=MS:1000422	5 ppm	0.6 Da	NT=dithiothreitol (DTT);AC=PRIDE:0000608	NT=methyl methanethiosulfonate (MMTS);AC=PRIDE:0000605	NT=Methylthio;AC=UNIMOD:39;TA=C;MT=Fixed	NT=Oxidation;AC=UNIMOD:35;TA=M;MT=Variable	NT=TMT6plex;AC=UNIMOD:737;TA=K;MT=Fixed	NT=TMT6plex;AC=UNIMOD:737;PP=Any N-term;MT=Fixed	NT=Phospho;AC=UNIMOD:21;TA=S,T,Y;MT=Variable	ALKAL2 plus lorlatinib 24 hours
NB1-ALKAL2-lorlatinib-24h-1	Homo sapiens	neuroblastoma cell	not available	1	neuroblastoma	cell line	ALKAL2 plus lorlatinib 24 hours	not available	not available	NB1	CVCL_1440	NB1	Lumos_190430_62-TMT130C	proteomic profiling by mass spectrometry	1	Lumos_190430_62.raw	v1.1.0	NT=ms-proteomics;VV=v1.1.0	NT=human;VV=v1.1.0	NT=cell-lines;VV=v1.1.0	manual curation	NT=Data-dependent acquisition;AC=PRIDE:0000627	NT=Orbitrap Fusion Lumos;AC=MS:1002732	NT=Trypsin;AC=MS:1001251	TMT130C	6	NT=higher energy beam-type collision-induced dissociation;AC=MS:1000422	5 ppm	0.6 Da	NT=dithiothreitol (DTT);AC=PRIDE:0000608	NT=methyl methanethiosulfonate (MMTS);AC=PRIDE:0000605	NT=Methylthio;AC=UNIMOD:39;TA=C;MT=Fixed	NT=Oxidation;AC=UNIMOD:35;TA=M;MT=Variable	NT=TMT6plex;AC=UNIMOD:737;TA=K;MT=Fixed	NT=TMT6plex;AC=UNIMOD:737;PP=Any N-term;MT=Fixed	NT=Phospho;AC=UNIMOD:21;TA=S,T,Y;MT=Variable	ALKAL2 plus lorlatinib 24 hours
NB1-ALKAL2-lorlatinib-24h-1	Homo sapiens	neuroblastoma cell	not available	1	neuroblastoma	cell line	ALKAL2 plus lorlatinib 24 hours	not available	not available	NB1	CVCL_1440	NB1	Lumos_190430_63-TMT130C	proteomic profiling by mass spectrometry	1	Lumos_190430_63.raw	v1.1.0	NT=ms-proteomics;VV=v1.1.0	NT=human;VV=v1.1.0	NT=cell-lines;VV=v1.1.0	manual curation	NT=Data-dependent acquisition;AC=PRIDE:0000627	NT=Orbitrap Fusion Lumos;AC=MS:1002732	NT=Trypsin;AC=MS:1001251	TMT130C	7	NT=higher energy beam-type collision-induced dissociation;AC=MS:1000422	5 ppm	0.6 Da	NT=dithiothreitol (DTT);AC=PRIDE:0000608	NT=methyl methanethiosulfonate (MMTS);AC=PRIDE:0000605	NT=Methylthio;AC=UNIMOD:39;TA=C;MT=Fixed	NT=Oxidation;AC=UNIMOD:35;TA=M;MT=Variable	NT=TMT6plex;AC=UNIMOD:737;TA=K;MT=Fixed	NT=TMT6plex;AC=UNIMOD:737;PP=Any N-term;MT=Fixed	NT=Phospho;AC=UNIMOD:21;TA=S,T,Y;MT=Variable	ALKAL2 plus lorlatinib 24 hours
NB1-ALKAL2-lorlatinib-24h-1	Homo sapiens	neuroblastoma cell	not available	1	neuroblastoma	cell line	ALKAL2 plus lorlatinib 24 hours	not available	not available	NB1	CVCL_1440	NB1	Lumos_190430_64-TMT130C	proteomic profiling by mass spectrometry	1	Lumos_190430_64.raw	v1.1.0	NT=ms-proteomics;VV=v1.1.0	NT=human;VV=v1.1.0	NT=cell-lines;VV=v1.1.0	manual curation	NT=Data-dependent acquisition;AC=PRIDE:0000627	NT=Orbitrap Fusion Lumos;AC=MS:1002732	NT=Trypsin;AC=MS:1001251	TMT130C	8	NT=higher energy beam-type collision-induced dissociation;AC=MS:1000422	5 ppm	0.6 Da	NT=dithiothreitol (DTT);AC=PRIDE:0000608	NT=methyl methanethiosulfonate (MMTS);AC=PRIDE:0000605	NT=Methylthio;AC=UNIMOD:39;TA=C;MT=Fixed	NT=Oxidation;AC=UNIMOD:35;TA=M;MT=Variable	NT=TMT6plex;AC=UNIMOD:737;TA=K;MT=Fixed	NT=TMT6plex;AC=UNIMOD:737;PP=Any N-term;MT=Fixed	NT=Phospho;AC=UNIMOD:21;TA=S,T,Y;MT=Variable	ALKAL2 plus lorlatinib 24 hours
NB1-ALKAL2-lorlatinib-24h-1	Homo sapiens	neuroblastoma cell	not available	1	neuroblastoma	cell line	ALKAL2 plus lorlatinib 24 hours	not available	not available	NB1	CVCL_1440	NB1	Lumos_190430_65-TMT130C	proteomic profiling by mass spectrometry	1	Lumos_190430_65.raw	v1.1.0	NT=ms-proteomics;VV=v1.1.0	NT=human;VV=v1.1.0	NT=cell-lines;VV=v1.1.0	manual curation	NT=Data-dependent acquisition;AC=PRIDE:0000627	NT=Orbitrap Fusion Lumos;AC=MS:1002732	NT=Trypsin;AC=MS:1001251	TMT130C	9	NT=higher energy beam-type collision-induced dissociation;AC=MS:1000422	5 ppm	0.6 Da	NT=dithiothreitol (DTT);AC=PRIDE:0000608	NT=methyl methanethiosulfonate (MMTS);AC=PRIDE:0000605	NT=Methylthio;AC=UNIMOD:39;TA=C;MT=Fixed	NT=Oxidation;AC=UNIMOD:35;TA=M;MT=Variable	NT=TMT6plex;AC=UNIMOD:737;TA=K;MT=Fixed	NT=TMT6plex;AC=UNIMOD:737;PP=Any N-term;MT=Fixed	NT=Phospho;AC=UNIMOD:21;TA=S,T,Y;MT=Variable	ALKAL2 plus lorlatinib 24 hours
NB1-ALKAL2-lorlatinib-24h-1	Homo sapiens	neuroblastoma cell	not available	1	neuroblastoma	cell line	ALKAL2 plus lorlatinib 24 hours	not available	not available	NB1	CVCL_1440	NB1	Lumos_190430_66-TMT130C	proteomic profiling by mass spectrometry	1	Lumos_190430_66.raw	v1.1.0	NT=ms-proteomics;VV=v1.1.0	NT=human;VV=v1.1.0	NT=cell-lines;VV=v1.1.0	manual curation	NT=Data-dependent acquisition;AC=PRIDE:0000627	NT=Orbitrap Fusion Lumos;AC=MS:1002732	NT=Trypsin;AC=MS:1001251	TMT130C	10	NT=higher energy beam-type collision-induced dissociation;AC=MS:1000422	5 ppm	0.6 Da	NT=dithiothreitol (DTT);AC=PRIDE:0000608	NT=methyl methanethiosulfonate (MMTS);AC=PRIDE:0000605	NT=Methylthio;AC=UNIMOD:39;TA=C;MT=Fixed	NT=Oxidation;AC=UNIMOD:35;TA=M;MT=Variable	NT=TMT6plex;AC=UNIMOD:737;TA=K;MT=Fixed	NT=TMT6plex;AC=UNIMOD:737;PP=Any N-term;MT=Fixed	NT=Phospho;AC=UNIMOD:21;TA=S,T,Y;MT=Variable	ALKAL2 plus lorlatinib 24 hours
NB1-ALKAL2-lorlatinib-24h-2	Homo sapiens	neuroblastoma cell	not available	2	neuroblastoma	cell line	ALKAL2 plus lorlatinib 24 hours	not available	not available	NB1	CVCL_1440	NB1	Lumos_190430_57-TMT131N	proteomic profiling by mass spectrometry	1	Lumos_190430_57.raw	v1.1.0	NT=ms-proteomics;VV=v1.1.0	NT=human;VV=v1.1.0	NT=cell-lines;VV=v1.1.0	manual curation	NT=Data-dependent acquisition;AC=PRIDE:0000627	NT=Orbitrap Fusion Lumos;AC=MS:1002732	NT=Trypsin;AC=MS:1001251	TMT131N	1	NT=higher energy beam-type collision-induced dissociation;AC=MS:1000422	5 ppm	0.6 Da	NT=dithiothreitol (DTT);AC=PRIDE:0000608	NT=methyl methanethiosulfonate (MMTS);AC=PRIDE:0000605	NT=Methylthio;AC=UNIMOD:39;TA=C;MT=Fixed	NT=Oxidation;AC=UNIMOD:35;TA=M;MT=Variable	NT=TMT6plex;AC=UNIMOD:737;TA=K;MT=Fixed	NT=TMT6plex;AC=UNIMOD:737;PP=Any N-term;MT=Fixed	NT=Phospho;AC=UNIMOD:21;TA=S,T,Y;MT=Variable	ALKAL2 plus lorlatinib 24 hours
NB1-ALKAL2-lorlatinib-24h-2	Homo sapiens	neuroblastoma cell	not available	2	neuroblastoma	cell line	ALKAL2 plus lorlatinib 24 hours	not available	not available	NB1	CVCL_1440	NB1	Lumos_190430_58-TMT131N	proteomic profiling by mass spectrometry	1	Lumos_190430_58.raw	v1.1.0	NT=ms-proteomics;VV=v1.1.0	NT=human;VV=v1.1.0	NT=cell-lines;VV=v1.1.0	manual curation	NT=Data-dependent acquisition;AC=PRIDE:0000627	NT=Orbitrap Fusion Lumos;AC=MS:1002732	NT=Trypsin;AC=MS:1001251	TMT131N	2	NT=higher energy beam-type collision-induced dissociation;AC=MS:1000422	5 ppm	0.6 Da	NT=dithiothreitol (DTT);AC=PRIDE:0000608	NT=methyl methanethiosulfonate (MMTS);AC=PRIDE:0000605	NT=Methylthio;AC=UNIMOD:39;TA=C;MT=Fixed	NT=Oxidation;AC=UNIMOD:35;TA=M;MT=Variable	NT=TMT6plex;AC=UNIMOD:737;TA=K;MT=Fixed	NT=TMT6plex;AC=UNIMOD:737;PP=Any N-term;MT=Fixed	NT=Phospho;AC=UNIMOD:21;TA=S,T,Y;MT=Variable	ALKAL2 plus lorlatinib 24 hours
NB1-ALKAL2-lorlatinib-24h-2	Homo sapiens	neuroblastoma cell	not available	2	neuroblastoma	cell line	ALKAL2 plus lorlatinib 24 hours	not available	not available	NB1	CVCL_1440	NB1	Lumos_190430_59-TMT131N	proteomic profiling by mass spectrometry	1	Lumos_190430_59.raw	v1.1.0	NT=ms-proteomics;VV=v1.1.0	NT=human;VV=v1.1.0	NT=cell-lines;VV=v1.1.0	manual curation	NT=Data-dependent acquisition;AC=PRIDE:0000627	NT=Orbitrap Fusion Lumos;AC=MS:1002732	NT=Trypsin;AC=MS:1001251	TMT131N	3	NT=higher energy beam-type collision-induced dissociation;AC=MS:1000422	5 ppm	0.6 Da	NT=dithiothreitol (DTT);AC=PRIDE:0000608	NT=methyl methanethiosulfonate (MMTS);AC=PRIDE:0000605	NT=Methylthio;AC=UNIMOD:39;TA=C;MT=Fixed	NT=Oxidation;AC=UNIMOD:35;TA=M;MT=Variable	NT=TMT6plex;AC=UNIMOD:737;TA=K;MT=Fixed	NT=TMT6plex;AC=UNIMOD:737;PP=Any N-term;MT=Fixed	NT=Phospho;AC=UNIMOD:21;TA=S,T,Y;MT=Variable	ALKAL2 plus lorlatinib 24 hours
NB1-ALKAL2-lorlatinib-24h-2	Homo sapiens	neuroblastoma cell	not available	2	neuroblastoma	cell line	ALKAL2 plus lorlatinib 24 hours	not available	not available	NB1	CVCL_1440	NB1	Lumos_190430_60-TMT131N	proteomic profiling by mass spectrometry	1	Lumos_190430_60.raw	v1.1.0	NT=ms-proteomics;VV=v1.1.0	NT=human;VV=v1.1.0	NT=cell-lines;VV=v1.1.0	manual curation	NT=Data-dependent acquisition;AC=PRIDE:0000627	NT=Orbitrap Fusion Lumos;AC=MS:1002732	NT=Trypsin;AC=MS:1001251	TMT131N	4	NT=higher energy beam-type collision-induced dissociation;AC=MS:1000422	5 ppm	0.6 Da	NT=dithiothreitol (DTT);AC=PRIDE:0000608	NT=methyl methanethiosulfonate (MMTS);AC=PRIDE:0000605	NT=Methylthio;AC=UNIMOD:39;TA=C;MT=Fixed	NT=Oxidation;AC=UNIMOD:35;TA=M;MT=Variable	NT=TMT6plex;AC=UNIMOD:737;TA=K;MT=Fixed	NT=TMT6plex;AC=UNIMOD:737;PP=Any N-term;MT=Fixed	NT=Phospho;AC=UNIMOD:21;TA=S,T,Y;MT=Variable	ALKAL2 plus lorlatinib 24 hours
NB1-ALKAL2-lorlatinib-24h-2	Homo sapiens	neuroblastoma cell	not available	2	neuroblastoma	cell line	ALKAL2 plus lorlatinib 24 hours	not available	not available	NB1	CVCL_1440	NB1	Lumos_190430_61-TMT131N	proteomic profiling by mass spectrometry	1	Lumos_190430_61.raw	v1.1.0	NT=ms-proteomics;VV=v1.1.0	NT=human;VV=v1.1.0	NT=cell-lines;VV=v1.1.0	manual curation	NT=Data-dependent acquisition;AC=PRIDE:0000627	NT=Orbitrap Fusion Lumos;AC=MS:1002732	NT=Trypsin;AC=MS:1001251	TMT131N	5	NT=higher energy beam-type collision-induced dissociation;AC=MS:1000422	5 ppm	0.6 Da	NT=dithiothreitol (DTT);AC=PRIDE:0000608	NT=methyl methanethiosulfonate (MMTS);AC=PRIDE:0000605	NT=Methylthio;AC=UNIMOD:39;TA=C;MT=Fixed	NT=Oxidation;AC=UNIMOD:35;TA=M;MT=Variable	NT=TMT6plex;AC=UNIMOD:737;TA=K;MT=Fixed	NT=TMT6plex;AC=UNIMOD:737;PP=Any N-term;MT=Fixed	NT=Phospho;AC=UNIMOD:21;TA=S,T,Y;MT=Variable	ALKAL2 plus lorlatinib 24 hours
NB1-ALKAL2-lorlatinib-24h-2	Homo sapiens	neuroblastoma cell	not available	2	neuroblastoma	cell line	ALKAL2 plus lorlatinib 24 hours	not available	not available	NB1	CVCL_1440	NB1	Lumos_190430_62-TMT131N	proteomic profiling by mass spectrometry	1	Lumos_190430_62.raw	v1.1.0	NT=ms-proteomics;VV=v1.1.0	NT=human;VV=v1.1.0	NT=cell-lines;VV=v1.1.0	manual curation	NT=Data-dependent acquisition;AC=PRIDE:0000627	NT=Orbitrap Fusion Lumos;AC=MS:1002732	NT=Trypsin;AC=MS:1001251	TMT131N	6	NT=higher energy beam-type collision-induced dissociation;AC=MS:1000422	5 ppm	0.6 Da	NT=dithiothreitol (DTT);AC=PRIDE:0000608	NT=methyl methanethiosulfonate (MMTS);AC=PRIDE:0000605	NT=Methylthio;AC=UNIMOD:39;TA=C;MT=Fixed	NT=Oxidation;AC=UNIMOD:35;TA=M;MT=Variable	NT=TMT6plex;AC=UNIMOD:737;TA=K;MT=Fixed	NT=TMT6plex;AC=UNIMOD:737;PP=Any N-term;MT=Fixed	NT=Phospho;AC=UNIMOD:21;TA=S,T,Y;MT=Variable	ALKAL2 plus lorlatinib 24 hours
NB1-ALKAL2-lorlatinib-24h-2	Homo sapiens	neuroblastoma cell	not available	2	neuroblastoma	cell line	ALKAL2 plus lorlatinib 24 hours	not available	not available	NB1	CVCL_1440	NB1	Lumos_190430_63-TMT131N	proteomic profiling by mass spectrometry	1	Lumos_190430_63.raw	v1.1.0	NT=ms-proteomics;VV=v1.1.0	NT=human;VV=v1.1.0	NT=cell-lines;VV=v1.1.0	manual curation	NT=Data-dependent acquisition;AC=PRIDE:0000627	NT=Orbitrap Fusion Lumos;AC=MS:1002732	NT=Trypsin;AC=MS:1001251	TMT131N	7	NT=higher energy beam-type collision-induced dissociation;AC=MS:1000422	5 ppm	0.6 Da	NT=dithiothreitol (DTT);AC=PRIDE:0000608	NT=methyl methanethiosulfonate (MMTS);AC=PRIDE:0000605	NT=Methylthio;AC=UNIMOD:39;TA=C;MT=Fixed	NT=Oxidation;AC=UNIMOD:35;TA=M;MT=Variable	NT=TMT6plex;AC=UNIMOD:737;TA=K;MT=Fixed	NT=TMT6plex;AC=UNIMOD:737;PP=Any N-term;MT=Fixed	NT=Phospho;AC=UNIMOD:21;TA=S,T,Y;MT=Variable	ALKAL2 plus lorlatinib 24 hours
NB1-ALKAL2-lorlatinib-24h-2	Homo sapiens	neuroblastoma cell	not available	2	neuroblastoma	cell line	ALKAL2 plus lorlatinib 24 hours	not available	not available	NB1	CVCL_1440	NB1	Lumos_190430_64-TMT131N	proteomic profiling by mass spectrometry	1	Lumos_190430_64.raw	v1.1.0	NT=ms-proteomics;VV=v1.1.0	NT=human;VV=v1.1.0	NT=cell-lines;VV=v1.1.0	manual curation	NT=Data-dependent acquisition;AC=PRIDE:0000627	NT=Orbitrap Fusion Lumos;AC=MS:1002732	NT=Trypsin;AC=MS:1001251	TMT131N	8	NT=higher energy beam-type collision-induced dissociation;AC=MS:1000422	5 ppm	0.6 Da	NT=dithiothreitol (DTT);AC=PRIDE:0000608	NT=methyl methanethiosulfonate (MMTS);AC=PRIDE:0000605	NT=Methylthio;AC=UNIMOD:39;TA=C;MT=Fixed	NT=Oxidation;AC=UNIMOD:35;TA=M;MT=Variable	NT=TMT6plex;AC=UNIMOD:737;TA=K;MT=Fixed	NT=TMT6plex;AC=UNIMOD:737;PP=Any N-term;MT=Fixed	NT=Phospho;AC=UNIMOD:21;TA=S,T,Y;MT=Variable	ALKAL2 plus lorlatinib 24 hours
NB1-ALKAL2-lorlatinib-24h-2	Homo sapiens	neuroblastoma cell	not available	2	neuroblastoma	cell line	ALKAL2 plus lorlatinib 24 hours	not available	not available	NB1	CVCL_1440	NB1	Lumos_190430_65-TMT131N	proteomic profiling by mass spectrometry	1	Lumos_190430_65.raw	v1.1.0	NT=ms-proteomics;VV=v1.1.0	NT=human;VV=v1.1.0	NT=cell-lines;VV=v1.1.0	manual curation	NT=Data-dependent acquisition;AC=PRIDE:0000627	NT=Orbitrap Fusion Lumos;AC=MS:1002732	NT=Trypsin;AC=MS:1001251	TMT131N	9	NT=higher energy beam-type collision-induced dissociation;AC=MS:1000422	5 ppm	0.6 Da	NT=dithiothreitol (DTT);AC=PRIDE:0000608	NT=methyl methanethiosulfonate (MMTS);AC=PRIDE:0000605	NT=Methylthio;AC=UNIMOD:39;TA=C;MT=Fixed	NT=Oxidation;AC=UNIMOD:35;TA=M;MT=Variable	NT=TMT6plex;AC=UNIMOD:737;TA=K;MT=Fixed	NT=TMT6plex;AC=UNIMOD:737;PP=Any N-term;MT=Fixed	NT=Phospho;AC=UNIMOD:21;TA=S,T,Y;MT=Variable	ALKAL2 plus lorlatinib 24 hours
NB1-ALKAL2-lorlatinib-24h-2	Homo sapiens	neuroblastoma cell	not available	2	neuroblastoma	cell line	ALKAL2 plus lorlatinib 24 hours	not available	not available	NB1	CVCL_1440	NB1	Lumos_190430_66-TMT131N	proteomic profiling by mass spectrometry	1	Lumos_190430_66.raw	v1.1.0	NT=ms-proteomics;VV=v1.1.0	NT=human;VV=v1.1.0	NT=cell-lines;VV=v1.1.0	manual curation	NT=Data-dependent acquisition;AC=PRIDE:0000627	NT=Orbitrap Fusion Lumos;AC=MS:1002732	NT=Trypsin;AC=MS:1001251	TMT131N	10	NT=higher energy beam-type collision-induced dissociation;AC=MS:1000422	5 ppm	0.6 Da	NT=dithiothreitol (DTT);AC=PRIDE:0000608	NT=methyl methanethiosulfonate (MMTS);AC=PRIDE:0000605	NT=Methylthio;AC=UNIMOD:39;TA=C;MT=Fixed	NT=Oxidation;AC=UNIMOD:35;TA=M;MT=Variable	NT=TMT6plex;AC=UNIMOD:737;TA=K;MT=Fixed	NT=TMT6plex;AC=UNIMOD:737;PP=Any N-term;MT=Fixed	NT=Phospho;AC=UNIMOD:21;TA=S,T,Y;MT=Variable	ALKAL2 plus lorlatinib 24 hours
IMR32-control-1	Homo sapiens	neuroblastoma cell	not available	1	neuroblastoma	cell line	vehicle control	not available	not available	IMR-32	CVCL_0346	IMR-32	Lumos_190430_57-TMT131C	proteomic profiling by mass spectrometry	1	Lumos_190430_57.raw	v1.1.0	NT=ms-proteomics;VV=v1.1.0	NT=human;VV=v1.1.0	NT=cell-lines;VV=v1.1.0	manual curation	NT=Data-dependent acquisition;AC=PRIDE:0000627	NT=Orbitrap Fusion Lumos;AC=MS:1002732	NT=Trypsin;AC=MS:1001251	TMT131C	1	NT=higher energy beam-type collision-induced dissociation;AC=MS:1000422	5 ppm	0.6 Da	NT=dithiothreitol (DTT);AC=PRIDE:0000608	NT=methyl methanethiosulfonate (MMTS);AC=PRIDE:0000605	NT=Methylthio;AC=UNIMOD:39;TA=C;MT=Fixed	NT=Oxidation;AC=UNIMOD:35;TA=M;MT=Variable	NT=TMT6plex;AC=UNIMOD:737;TA=K;MT=Fixed	NT=TMT6plex;AC=UNIMOD:737;PP=Any N-term;MT=Fixed	NT=Phospho;AC=UNIMOD:21;TA=S,T,Y;MT=Variable	vehicle control
IMR32-control-1	Homo sapiens	neuroblastoma cell	not available	1	neuroblastoma	cell line	vehicle control	not available	not available	IMR-32	CVCL_0346	IMR-32	Lumos_190430_58-TMT131C	proteomic profiling by mass spectrometry	1	Lumos_190430_58.raw	v1.1.0	NT=ms-proteomics;VV=v1.1.0	NT=human;VV=v1.1.0	NT=cell-lines;VV=v1.1.0	manual curation	NT=Data-dependent acquisition;AC=PRIDE:0000627	NT=Orbitrap Fusion Lumos;AC=MS:1002732	NT=Trypsin;AC=MS:1001251	TMT131C	2	NT=higher energy beam-type collision-induced dissociation;AC=MS:1000422	5 ppm	0.6 Da	NT=dithiothreitol (DTT);AC=PRIDE:0000608	NT=methyl methanethiosulfonate (MMTS);AC=PRIDE:0000605	NT=Methylthio;AC=UNIMOD:39;TA=C;MT=Fixed	NT=Oxidation;AC=UNIMOD:35;TA=M;MT=Variable	NT=TMT6plex;AC=UNIMOD:737;TA=K;MT=Fixed	NT=TMT6plex;AC=UNIMOD:737;PP=Any N-term;MT=Fixed	NT=Phospho;AC=UNIMOD:21;TA=S,T,Y;MT=Variable	vehicle control
IMR32-control-1	Homo sapiens	neuroblastoma cell	not available	1	neuroblastoma	cell line	vehicle control	not available	not available	IMR-32	CVCL_0346	IMR-32	Lumos_190430_59-TMT131C	proteomic profiling by mass spectrometry	1	Lumos_190430_59.raw	v1.1.0	NT=ms-proteomics;VV=v1.1.0	NT=human;VV=v1.1.0	NT=cell-lines;VV=v1.1.0	manual curation	NT=Data-dependent acquisition;AC=PRIDE:0000627	NT=Orbitrap Fusion Lumos;AC=MS:1002732	NT=Trypsin;AC=MS:1001251	TMT131C	3	NT=higher energy beam-type collision-induced dissociation;AC=MS:1000422	5 ppm	0.6 Da	NT=dithiothreitol (DTT);AC=PRIDE:0000608	NT=methyl methanethiosulfonate (MMTS);AC=PRIDE:0000605	NT=Methylthio;AC=UNIMOD:39;TA=C;MT=Fixed	NT=Oxidation;AC=UNIMOD:35;TA=M;MT=Variable	NT=TMT6plex;AC=UNIMOD:737;TA=K;MT=Fixed	NT=TMT6plex;AC=UNIMOD:737;PP=Any N-term;MT=Fixed	NT=Phospho;AC=UNIMOD:21;TA=S,T,Y;MT=Variable	vehicle control
IMR32-control-1	Homo sapiens	neuroblastoma cell	not available	1	neuroblastoma	cell line	vehicle control	not available	not available	IMR-32	CVCL_0346	IMR-32	Lumos_190430_60-TMT131C	proteomic profiling by mass spectrometry	1	Lumos_190430_60.raw	v1.1.0	NT=ms-proteomics;VV=v1.1.0	NT=human;VV=v1.1.0	NT=cell-lines;VV=v1.1.0	manual curation	NT=Data-dependent acquisition;AC=PRIDE:0000627	NT=Orbitrap Fusion Lumos;AC=MS:1002732	NT=Trypsin;AC=MS:1001251	TMT131C	4	NT=higher energy beam-type collision-induced dissociation;AC=MS:1000422	5 ppm	0.6 Da	NT=dithiothreitol (DTT);AC=PRIDE:0000608	NT=methyl methanethiosulfonate (MMTS);AC=PRIDE:0000605	NT=Methylthio;AC=UNIMOD:39;TA=C;MT=Fixed	NT=Oxidation;AC=UNIMOD:35;TA=M;MT=Variable	NT=TMT6plex;AC=UNIMOD:737;TA=K;MT=Fixed	NT=TMT6plex;AC=UNIMOD:737;PP=Any N-term;MT=Fixed	NT=Phospho;AC=UNIMOD:21;TA=S,T,Y;MT=Variable	vehicle control
IMR32-control-1	Homo sapiens	neuroblastoma cell	not available	1	neuroblastoma	cell line	vehicle control	not available	not available	IMR-32	CVCL_0346	IMR-32	Lumos_190430_61-TMT131C	proteomic profiling by mass spectrometry	1	Lumos_190430_61.raw	v1.1.0	NT=ms-proteomics;VV=v1.1.0	NT=human;VV=v1.1.0	NT=cell-lines;VV=v1.1.0	manual curation	NT=Data-dependent acquisition;AC=PRIDE:0000627	NT=Orbitrap Fusion Lumos;AC=MS:1002732	NT=Trypsin;AC=MS:1001251	TMT131C	5	NT=higher energy beam-type collision-induced dissociation;AC=MS:1000422	5 ppm	0.6 Da	NT=dithiothreitol (DTT);AC=PRIDE:0000608	NT=methyl methanethiosulfonate (MMTS);AC=PRIDE:0000605	NT=Methylthio;AC=UNIMOD:39;TA=C;MT=Fixed	NT=Oxidation;AC=UNIMOD:35;TA=M;MT=Variable	NT=TMT6plex;AC=UNIMOD:737;TA=K;MT=Fixed	NT=TMT6plex;AC=UNIMOD:737;PP=Any N-term;MT=Fixed	NT=Phospho;AC=UNIMOD:21;TA=S,T,Y;MT=Variable	vehicle control
IMR32-control-1	Homo sapiens	neuroblastoma cell	not available	1	neuroblastoma	cell line	vehicle control	not available	not available	IMR-32	CVCL_0346	IMR-32	Lumos_190430_62-TMT131C	proteomic profiling by mass spectrometry	1	Lumos_190430_62.raw	v1.1.0	NT=ms-proteomics;VV=v1.1.0	NT=human;VV=v1.1.0	NT=cell-lines;VV=v1.1.0	manual curation	NT=Data-dependent acquisition;AC=PRIDE:0000627	NT=Orbitrap Fusion Lumos;AC=MS:1002732	NT=Trypsin;AC=MS:1001251	TMT131C	6	NT=higher energy beam-type collision-induced dissociation;AC=MS:1000422	5 ppm	0.6 Da	NT=dithiothreitol (DTT);AC=PRIDE:0000608	NT=methyl methanethiosulfonate (MMTS);AC=PRIDE:0000605	NT=Methylthio;AC=UNIMOD:39;TA=C;MT=Fixed	NT=Oxidation;AC=UNIMOD:35;TA=M;MT=Variable	NT=TMT6plex;AC=UNIMOD:737;TA=K;MT=Fixed	NT=TMT6plex;AC=UNIMOD:737;PP=Any N-term;MT=Fixed	NT=Phospho;AC=UNIMOD:21;TA=S,T,Y;MT=Variable	vehicle control
IMR32-control-1	Homo sapiens	neuroblastoma cell	not available	1	neuroblastoma	cell line	vehicle control	not available	not available	IMR-32	CVCL_0346	IMR-32	Lumos_190430_63-TMT131C	proteomic profiling by mass spectrometry	1	Lumos_190430_63.raw	v1.1.0	NT=ms-proteomics;VV=v1.1.0	NT=human;VV=v1.1.0	NT=cell-lines;VV=v1.1.0	manual curation	NT=Data-dependent acquisition;AC=PRIDE:0000627	NT=Orbitrap Fusion Lumos;AC=MS:1002732	NT=Trypsin;AC=MS:1001251	TMT131C	7	NT=higher energy beam-type collision-induced dissociation;AC=MS:1000422	5 ppm	0.6 Da	NT=dithiothreitol (DTT);AC=PRIDE:0000608	NT=methyl methanethiosulfonate (MMTS);AC=PRIDE:0000605	NT=Methylthio;AC=UNIMOD:39;TA=C;MT=Fixed	NT=Oxidation;AC=UNIMOD:35;TA=M;MT=Variable	NT=TMT6plex;AC=UNIMOD:737;TA=K;MT=Fixed	NT=TMT6plex;AC=UNIMOD:737;PP=Any N-term;MT=Fixed	NT=Phospho;AC=UNIMOD:21;TA=S,T,Y;MT=Variable	vehicle control
IMR32-control-1	Homo sapiens	neuroblastoma cell	not available	1	neuroblastoma	cell line	vehicle control	not available	not available	IMR-32	CVCL_0346	IMR-32	Lumos_190430_64-TMT131C	proteomic profiling by mass spectrometry	1	Lumos_190430_64.raw	v1.1.0	NT=ms-proteomics;VV=v1.1.0	NT=human;VV=v1.1.0	NT=cell-lines;VV=v1.1.0	manual curation	NT=Data-dependent acquisition;AC=PRIDE:0000627	NT=Orbitrap Fusion Lumos;AC=MS:1002732	NT=Trypsin;AC=MS:1001251	TMT131C	8	NT=higher energy beam-type collision-induced dissociation;AC=MS:1000422	5 ppm	0.6 Da	NT=dithiothreitol (DTT);AC=PRIDE:0000608	NT=methyl methanethiosulfonate (MMTS);AC=PRIDE:0000605	NT=Methylthio;AC=UNIMOD:39;TA=C;MT=Fixed	NT=Oxidation;AC=UNIMOD:35;TA=M;MT=Variable	NT=TMT6plex;AC=UNIMOD:737;TA=K;MT=Fixed	NT=TMT6plex;AC=UNIMOD:737;PP=Any N-term;MT=Fixed	NT=Phospho;AC=UNIMOD:21;TA=S,T,Y;MT=Variable	vehicle control
IMR32-control-1	Homo sapiens	neuroblastoma cell	not available	1	neuroblastoma	cell line	vehicle control	not available	not available	IMR-32	CVCL_0346	IMR-32	Lumos_190430_65-TMT131C	proteomic profiling by mass spectrometry	1	Lumos_190430_65.raw	v1.1.0	NT=ms-proteomics;VV=v1.1.0	NT=human;VV=v1.1.0	NT=cell-lines;VV=v1.1.0	manual curation	NT=Data-dependent acquisition;AC=PRIDE:0000627	NT=Orbitrap Fusion Lumos;AC=MS:1002732	NT=Trypsin;AC=MS:1001251	TMT131C	9	NT=higher energy beam-type collision-induced dissociation;AC=MS:1000422	5 ppm	0.6 Da	NT=dithiothreitol (DTT);AC=PRIDE:0000608	NT=methyl methanethiosulfonate (MMTS);AC=PRIDE:0000605	NT=Methylthio;AC=UNIMOD:39;TA=C;MT=Fixed	NT=Oxidation;AC=UNIMOD:35;TA=M;MT=Variable	NT=TMT6plex;AC=UNIMOD:737;TA=K;MT=Fixed	NT=TMT6plex;AC=UNIMOD:737;PP=Any N-term;MT=Fixed	NT=Phospho;AC=UNIMOD:21;TA=S,T,Y;MT=Variable	vehicle control
IMR32-control-1	Homo sapiens	neuroblastoma cell	not available	1	neuroblastoma	cell line	vehicle control	not available	not available	IMR-32	CVCL_0346	IMR-32	Lumos_190430_66-TMT131C	proteomic profiling by mass spectrometry	1	Lumos_190430_66.raw	v1.1.0	NT=ms-proteomics;VV=v1.1.0	NT=human;VV=v1.1.0	NT=cell-lines;VV=v1.1.0	manual curation	NT=Data-dependent acquisition;AC=PRIDE:0000627	NT=Orbitrap Fusion Lumos;AC=MS:1002732	NT=Trypsin;AC=MS:1001251	TMT131C	10	NT=higher energy beam-type collision-induced dissociation;AC=MS:1000422	5 ppm	0.6 Da	NT=dithiothreitol (DTT);AC=PRIDE:0000608	NT=methyl methanethiosulfonate (MMTS);AC=PRIDE:0000605	NT=Methylthio;AC=UNIMOD:39;TA=C;MT=Fixed	NT=Oxidation;AC=UNIMOD:35;TA=M;MT=Variable	NT=TMT6plex;AC=UNIMOD:737;TA=K;MT=Fixed	NT=TMT6plex;AC=UNIMOD:737;PP=Any N-term;MT=Fixed	NT=Phospho;AC=UNIMOD:21;TA=S,T,Y;MT=Variable	vehicle control
