source name	characteristics[organism]	characteristics[organism part]	characteristics[biological replicate]	characteristics[disease]	characteristics[material type]	assay name	technology type	comment[technical replicate]	comment[data file]	comment[sdrf version]	comment[sdrf template]	comment[sdrf template]	comment[sdrf annotation tool]	comment[proteomics data acquisition method]	comment[instrument]	comment[cleavage agent details]	comment[label]	comment[fraction identifier]	comment[dissociation method]	comment[collision energy]	comment[precursor mass tolerance]	comment[fragment mass tolerance]	comment[reduction reagent]	comment[alkylation reagent]	comment[modification parameters]	comment[scan window lower limit]	comment[scan window upper limit]	comment[isolation window width]	factor value[bait]	factor value[experiment type]	factor value[prey fraction]
interactomeB-dia-1	Streptococcus pyogenes	cell wall	1	not applicable	organism part	PLG_CAP_DTDNH_P2306_090	proteomic profiling by mass spectrometry	1	PLG_CAP_DTDNH_P2306_090.raw	v1.1.0	NT=ms-proteomics;VV=v1.1.0	NT=dia-acquisition;VV=v1.1.0	manual curation	Data-independent acquisition	NT=Q Exactive HF-X;AC=MS:1002877	NT=Trypsin;AC=MS:1001251	NT=label free sample;AC=MS:1002038	1	NT=beam-type collision-induced dissociation;AC=MS:1000422	not available	not available	not available	NT=tris(2-carboxyethyl)phosphine (TCEP);AC=PRIDE:0000609	NT=iodoacetamide (IAA);AC=PRIDE:0000599	not available	not available	not available	not available	PLG	AP-MS	CAP_fraction
interactomeB-dia-2	Streptococcus pyogenes	cell wall	2	not applicable	organism part	PLG_CAP_DTDNH_P2306_091	proteomic profiling by mass spectrometry	1	PLG_CAP_DTDNH_P2306_091.raw	v1.1.0	NT=ms-proteomics;VV=v1.1.0	NT=dia-acquisition;VV=v1.1.0	manual curation	Data-independent acquisition	NT=Q Exactive HF-X;AC=MS:1002877	NT=Trypsin;AC=MS:1001251	NT=label free sample;AC=MS:1002038	1	NT=beam-type collision-induced dissociation;AC=MS:1000422	not available	not available	not available	NT=tris(2-carboxyethyl)phosphine (TCEP);AC=PRIDE:0000609	NT=iodoacetamide (IAA);AC=PRIDE:0000599	not available	not available	not available	not available	PLG	AP-MS	CAP_fraction
interactomeB-dia-3	Streptococcus pyogenes	cell wall	3	not applicable	organism part	PLG_CAP_DTDNH_P2306_093	proteomic profiling by mass spectrometry	1	PLG_CAP_DTDNH_P2306_093.raw	v1.1.0	NT=ms-proteomics;VV=v1.1.0	NT=dia-acquisition;VV=v1.1.0	manual curation	Data-independent acquisition	NT=Q Exactive HF-X;AC=MS:1002877	NT=Trypsin;AC=MS:1001251	NT=label free sample;AC=MS:1002038	1	NT=beam-type collision-induced dissociation;AC=MS:1000422	not available	not available	not available	NT=tris(2-carboxyethyl)phosphine (TCEP);AC=PRIDE:0000609	NT=iodoacetamide (IAA);AC=PRIDE:0000599	not available	not available	not available	not available	PLG	AP-MS	CAP_fraction
interactomeB-dia-4	Streptococcus pyogenes	cell wall	4	not applicable	organism part	PLG_CAP_DTDNH_P2306_094	proteomic profiling by mass spectrometry	1	PLG_CAP_DTDNH_P2306_094.raw	v1.1.0	NT=ms-proteomics;VV=v1.1.0	NT=dia-acquisition;VV=v1.1.0	manual curation	Data-independent acquisition	NT=Q Exactive HF-X;AC=MS:1002877	NT=Trypsin;AC=MS:1001251	NT=label free sample;AC=MS:1002038	1	NT=beam-type collision-induced dissociation;AC=MS:1000422	not available	not available	not available	NT=tris(2-carboxyethyl)phosphine (TCEP);AC=PRIDE:0000609	NT=iodoacetamide (IAA);AC=PRIDE:0000599	not available	not available	not available	not available	PLG	AP-MS	CAP_fraction
interactomeB-dia-5	Streptococcus pyogenes	cell wall	5	not applicable	organism part	PLG_CAP_DTDNH_P2306_096	proteomic profiling by mass spectrometry	1	PLG_CAP_DTDNH_P2306_096.raw	v1.1.0	NT=ms-proteomics;VV=v1.1.0	NT=dia-acquisition;VV=v1.1.0	manual curation	Data-independent acquisition	NT=Q Exactive HF-X;AC=MS:1002877	NT=Trypsin;AC=MS:1001251	NT=label free sample;AC=MS:1002038	1	NT=beam-type collision-induced dissociation;AC=MS:1000422	not available	not available	not available	NT=tris(2-carboxyethyl)phosphine (TCEP);AC=PRIDE:0000609	NT=iodoacetamide (IAA);AC=PRIDE:0000599	not available	not available	not available	not available	PLG	AP-MS	CAP_fraction
interactomeB-dia-6	Streptococcus pyogenes	cell wall	6	not applicable	organism part	PLG_CAP_DTDNH_P2306_097	proteomic profiling by mass spectrometry	1	PLG_CAP_DTDNH_P2306_097.raw	v1.1.0	NT=ms-proteomics;VV=v1.1.0	NT=dia-acquisition;VV=v1.1.0	manual curation	Data-independent acquisition	NT=Q Exactive HF-X;AC=MS:1002877	NT=Trypsin;AC=MS:1001251	NT=label free sample;AC=MS:1002038	1	NT=beam-type collision-induced dissociation;AC=MS:1000422	not available	not available	not available	NT=tris(2-carboxyethyl)phosphine (TCEP);AC=PRIDE:0000609	NT=iodoacetamide (IAA);AC=PRIDE:0000599	not available	not available	not available	not available	PLG	AP-MS	CAP_fraction
interactomeB-dia-7	Streptococcus pyogenes	cell wall	7	not applicable	organism part	PLG_CAP_DTDNH_P2306_099	proteomic profiling by mass spectrometry	1	PLG_CAP_DTDNH_P2306_099.raw	v1.1.0	NT=ms-proteomics;VV=v1.1.0	NT=dia-acquisition;VV=v1.1.0	manual curation	Data-independent acquisition	NT=Q Exactive HF-X;AC=MS:1002877	NT=Trypsin;AC=MS:1001251	NT=label free sample;AC=MS:1002038	1	NT=beam-type collision-induced dissociation;AC=MS:1000422	not available	not available	not available	NT=tris(2-carboxyethyl)phosphine (TCEP);AC=PRIDE:0000609	NT=iodoacetamide (IAA);AC=PRIDE:0000599	not available	not available	not available	not available	PLG	AP-MS	CAP_fraction
interactomeB-dia-8	Streptococcus pyogenes	cell wall	8	not applicable	organism part	PLG_CAP_DTDNH_P2306_100	proteomic profiling by mass spectrometry	1	PLG_CAP_DTDNH_P2306_100.raw	v1.1.0	NT=ms-proteomics;VV=v1.1.0	NT=dia-acquisition;VV=v1.1.0	manual curation	Data-independent acquisition	NT=Q Exactive HF-X;AC=MS:1002877	NT=Trypsin;AC=MS:1001251	NT=label free sample;AC=MS:1002038	1	NT=beam-type collision-induced dissociation;AC=MS:1000422	not available	not available	not available	NT=tris(2-carboxyethyl)phosphine (TCEP);AC=PRIDE:0000609	NT=iodoacetamide (IAA);AC=PRIDE:0000599	not available	not available	not available	not available	PLG	AP-MS	CAP_fraction
interactomeB-dia-9	Streptococcus pyogenes	culture supernatant	9	not applicable	organism part	PLG_SP_DTDNH_P2306_106	proteomic profiling by mass spectrometry	1	PLG_SP_DTDNH_P2306_106.raw	v1.1.0	NT=ms-proteomics;VV=v1.1.0	NT=dia-acquisition;VV=v1.1.0	manual curation	Data-independent acquisition	NT=Q Exactive HF-X;AC=MS:1002877	NT=Trypsin;AC=MS:1001251	NT=label free sample;AC=MS:1002038	1	NT=beam-type collision-induced dissociation;AC=MS:1000422	not available	not available	not available	NT=tris(2-carboxyethyl)phosphine (TCEP);AC=PRIDE:0000609	NT=iodoacetamide (IAA);AC=PRIDE:0000599	not available	not available	not available	not available	PLG	AP-MS	SP_fraction
interactomeB-dia-10	Streptococcus pyogenes	culture supernatant	10	not applicable	organism part	PLG_SP_DTDNH_P2306_107	proteomic profiling by mass spectrometry	1	PLG_SP_DTDNH_P2306_107.raw	v1.1.0	NT=ms-proteomics;VV=v1.1.0	NT=dia-acquisition;VV=v1.1.0	manual curation	Data-independent acquisition	NT=Q Exactive HF-X;AC=MS:1002877	NT=Trypsin;AC=MS:1001251	NT=label free sample;AC=MS:1002038	1	NT=beam-type collision-induced dissociation;AC=MS:1000422	not available	not available	not available	NT=tris(2-carboxyethyl)phosphine (TCEP);AC=PRIDE:0000609	NT=iodoacetamide (IAA);AC=PRIDE:0000599	not available	not available	not available	not available	PLG	AP-MS	SP_fraction
interactomeB-dia-11	Streptococcus pyogenes	culture supernatant	11	not applicable	organism part	PLG_SP_DTDNH_P2306_109	proteomic profiling by mass spectrometry	1	PLG_SP_DTDNH_P2306_109.raw	v1.1.0	NT=ms-proteomics;VV=v1.1.0	NT=dia-acquisition;VV=v1.1.0	manual curation	Data-independent acquisition	NT=Q Exactive HF-X;AC=MS:1002877	NT=Trypsin;AC=MS:1001251	NT=label free sample;AC=MS:1002038	1	NT=beam-type collision-induced dissociation;AC=MS:1000422	not available	not available	not available	NT=tris(2-carboxyethyl)phosphine (TCEP);AC=PRIDE:0000609	NT=iodoacetamide (IAA);AC=PRIDE:0000599	not available	not available	not available	not available	PLG	AP-MS	SP_fraction
interactomeB-dia-12	Streptococcus pyogenes	culture supernatant	12	not applicable	organism part	PLG_SP_DTDNH_P2306_110	proteomic profiling by mass spectrometry	1	PLG_SP_DTDNH_P2306_110.raw	v1.1.0	NT=ms-proteomics;VV=v1.1.0	NT=dia-acquisition;VV=v1.1.0	manual curation	Data-independent acquisition	NT=Q Exactive HF-X;AC=MS:1002877	NT=Trypsin;AC=MS:1001251	NT=label free sample;AC=MS:1002038	1	NT=beam-type collision-induced dissociation;AC=MS:1000422	not available	not available	not available	NT=tris(2-carboxyethyl)phosphine (TCEP);AC=PRIDE:0000609	NT=iodoacetamide (IAA);AC=PRIDE:0000599	not available	not available	not available	not available	PLG	AP-MS	SP_fraction
interactomeB-dia-13	Streptococcus pyogenes	culture supernatant	13	not applicable	organism part	PLG_SP_DTDNH_P2306_112	proteomic profiling by mass spectrometry	1	PLG_SP_DTDNH_P2306_112.raw	v1.1.0	NT=ms-proteomics;VV=v1.1.0	NT=dia-acquisition;VV=v1.1.0	manual curation	Data-independent acquisition	NT=Q Exactive HF-X;AC=MS:1002877	NT=Trypsin;AC=MS:1001251	NT=label free sample;AC=MS:1002038	1	NT=beam-type collision-induced dissociation;AC=MS:1000422	not available	not available	not available	NT=tris(2-carboxyethyl)phosphine (TCEP);AC=PRIDE:0000609	NT=iodoacetamide (IAA);AC=PRIDE:0000599	not available	not available	not available	not available	PLG	AP-MS	SP_fraction
interactomeB-dia-14	Streptococcus pyogenes	culture supernatant	14	not applicable	organism part	PLG_SP_DTDNH_P2306_113	proteomic profiling by mass spectrometry	1	PLG_SP_DTDNH_P2306_113.raw	v1.1.0	NT=ms-proteomics;VV=v1.1.0	NT=dia-acquisition;VV=v1.1.0	manual curation	Data-independent acquisition	NT=Q Exactive HF-X;AC=MS:1002877	NT=Trypsin;AC=MS:1001251	NT=label free sample;AC=MS:1002038	1	NT=beam-type collision-induced dissociation;AC=MS:1000422	not available	not available	not available	NT=tris(2-carboxyethyl)phosphine (TCEP);AC=PRIDE:0000609	NT=iodoacetamide (IAA);AC=PRIDE:0000599	not available	not available	not available	not available	PLG	AP-MS	SP_fraction
interactomeB-dia-15	Streptococcus pyogenes	culture supernatant	15	not applicable	organism part	PLG_SP_DTDNH_P2306_115	proteomic profiling by mass spectrometry	1	PLG_SP_DTDNH_P2306_115.raw	v1.1.0	NT=ms-proteomics;VV=v1.1.0	NT=dia-acquisition;VV=v1.1.0	manual curation	Data-independent acquisition	NT=Q Exactive HF-X;AC=MS:1002877	NT=Trypsin;AC=MS:1001251	NT=label free sample;AC=MS:1002038	1	NT=beam-type collision-induced dissociation;AC=MS:1000422	not available	not available	not available	NT=tris(2-carboxyethyl)phosphine (TCEP);AC=PRIDE:0000609	NT=iodoacetamide (IAA);AC=PRIDE:0000599	not available	not available	not available	not available	PLG	AP-MS	SP_fraction
interactomeB-dia-16	Streptococcus pyogenes	culture supernatant	16	not applicable	organism part	PLG_SP_DTDNH_P2306_116	proteomic profiling by mass spectrometry	1	PLG_SP_DTDNH_P2306_116.raw	v1.1.0	NT=ms-proteomics;VV=v1.1.0	NT=dia-acquisition;VV=v1.1.0	manual curation	Data-independent acquisition	NT=Q Exactive HF-X;AC=MS:1002877	NT=Trypsin;AC=MS:1001251	NT=label free sample;AC=MS:1002038	1	NT=beam-type collision-induced dissociation;AC=MS:1000422	not available	not available	not available	NT=tris(2-carboxyethyl)phosphine (TCEP);AC=PRIDE:0000609	NT=iodoacetamide (IAA);AC=PRIDE:0000599	not available	not available	not available	not available	PLG	AP-MS	SP_fraction
interactomeB-dia-17	Streptococcus pyogenes	cell wall	17	not applicable	organism part	null_preyPS_DTDNH_P2306_075	proteomic profiling by mass spectrometry	1	null_preyPS_DTDNH_P2306_075.raw	v1.1.0	NT=ms-proteomics;VV=v1.1.0	NT=dia-acquisition;VV=v1.1.0	manual curation	Data-independent acquisition	NT=Q Exactive HF-X;AC=MS:1002877	NT=Trypsin;AC=MS:1001251	NT=label free sample;AC=MS:1002038	1	NT=beam-type collision-induced dissociation;AC=MS:1000422	not available	not available	not available	NT=tris(2-carboxyethyl)phosphine (TCEP);AC=PRIDE:0000609	NT=iodoacetamide (IAA);AC=PRIDE:0000599	not available	not available	not available	not available	no PLG	AP-MS	CAP_SP_fraction
interactomeB-dia-18	Streptococcus pyogenes	cell wall	18	not applicable	organism part	null_preyPS_DTDNH_P2306_076	proteomic profiling by mass spectrometry	1	null_preyPS_DTDNH_P2306_076.raw	v1.1.0	NT=ms-proteomics;VV=v1.1.0	NT=dia-acquisition;VV=v1.1.0	manual curation	Data-independent acquisition	NT=Q Exactive HF-X;AC=MS:1002877	NT=Trypsin;AC=MS:1001251	NT=label free sample;AC=MS:1002038	1	NT=beam-type collision-induced dissociation;AC=MS:1000422	not available	not available	not available	NT=tris(2-carboxyethyl)phosphine (TCEP);AC=PRIDE:0000609	NT=iodoacetamide (IAA);AC=PRIDE:0000599	not available	not available	not available	not available	no PLG	AP-MS	CAP_SP_fraction
interactomeB-dia-19	Streptococcus pyogenes	cell wall	19	not applicable	organism part	null_preyPS_DTDNH_P2306_078	proteomic profiling by mass spectrometry	1	null_preyPS_DTDNH_P2306_078.raw	v1.1.0	NT=ms-proteomics;VV=v1.1.0	NT=dia-acquisition;VV=v1.1.0	manual curation	Data-independent acquisition	NT=Q Exactive HF-X;AC=MS:1002877	NT=Trypsin;AC=MS:1001251	NT=label free sample;AC=MS:1002038	1	NT=beam-type collision-induced dissociation;AC=MS:1000422	not available	not available	not available	NT=tris(2-carboxyethyl)phosphine (TCEP);AC=PRIDE:0000609	NT=iodoacetamide (IAA);AC=PRIDE:0000599	not available	not available	not available	not available	no PLG	AP-MS	CAP_SP_fraction
interactomeB-dia-20	Streptococcus pyogenes	cell wall	20	not applicable	organism part	null_preyPS_DTDNH_P2306_079	proteomic profiling by mass spectrometry	1	null_preyPS_DTDNH_P2306_079.raw	v1.1.0	NT=ms-proteomics;VV=v1.1.0	NT=dia-acquisition;VV=v1.1.0	manual curation	Data-independent acquisition	NT=Q Exactive HF-X;AC=MS:1002877	NT=Trypsin;AC=MS:1001251	NT=label free sample;AC=MS:1002038	1	NT=beam-type collision-induced dissociation;AC=MS:1000422	not available	not available	not available	NT=tris(2-carboxyethyl)phosphine (TCEP);AC=PRIDE:0000609	NT=iodoacetamide (IAA);AC=PRIDE:0000599	not available	not available	not available	not available	no PLG	AP-MS	CAP_SP_fraction
interactomeB-dia-21	Streptococcus pyogenes	cell wall	21	not applicable	organism part	null_preyPS_DTDNH_P2306_081	proteomic profiling by mass spectrometry	1	null_preyPS_DTDNH_P2306_081.raw	v1.1.0	NT=ms-proteomics;VV=v1.1.0	NT=dia-acquisition;VV=v1.1.0	manual curation	Data-independent acquisition	NT=Q Exactive HF-X;AC=MS:1002877	NT=Trypsin;AC=MS:1001251	NT=label free sample;AC=MS:1002038	1	NT=beam-type collision-induced dissociation;AC=MS:1000422	not available	not available	not available	NT=tris(2-carboxyethyl)phosphine (TCEP);AC=PRIDE:0000609	NT=iodoacetamide (IAA);AC=PRIDE:0000599	not available	not available	not available	not available	no PLG	AP-MS	CAP_SP_fraction
interactomeB-dia-22	Streptococcus pyogenes	cell wall	22	not applicable	organism part	null_preyPS_DTDNH_P2306_082	proteomic profiling by mass spectrometry	1	null_preyPS_DTDNH_P2306_082.raw	v1.1.0	NT=ms-proteomics;VV=v1.1.0	NT=dia-acquisition;VV=v1.1.0	manual curation	Data-independent acquisition	NT=Q Exactive HF-X;AC=MS:1002877	NT=Trypsin;AC=MS:1001251	NT=label free sample;AC=MS:1002038	1	NT=beam-type collision-induced dissociation;AC=MS:1000422	not available	not available	not available	NT=tris(2-carboxyethyl)phosphine (TCEP);AC=PRIDE:0000609	NT=iodoacetamide (IAA);AC=PRIDE:0000599	not available	not available	not available	not available	no PLG	AP-MS	CAP_SP_fraction
interactomeB-dia-23	Streptococcus pyogenes	cell wall	23	not applicable	organism part	null_preyPS_DTDNH_P2306_084	proteomic profiling by mass spectrometry	1	null_preyPS_DTDNH_P2306_084.raw	v1.1.0	NT=ms-proteomics;VV=v1.1.0	NT=dia-acquisition;VV=v1.1.0	manual curation	Data-independent acquisition	NT=Q Exactive HF-X;AC=MS:1002877	NT=Trypsin;AC=MS:1001251	NT=label free sample;AC=MS:1002038	1	NT=beam-type collision-induced dissociation;AC=MS:1000422	not available	not available	not available	NT=tris(2-carboxyethyl)phosphine (TCEP);AC=PRIDE:0000609	NT=iodoacetamide (IAA);AC=PRIDE:0000599	not available	not available	not available	not available	no PLG	AP-MS	CAP_SP_fraction
interactomeB-dia-24	Streptococcus pyogenes	cell wall	24	not applicable	organism part	null_preyPS_DTDNH_P2306_085	proteomic profiling by mass spectrometry	1	null_preyPS_DTDNH_P2306_085.raw	v1.1.0	NT=ms-proteomics;VV=v1.1.0	NT=dia-acquisition;VV=v1.1.0	manual curation	Data-independent acquisition	NT=Q Exactive HF-X;AC=MS:1002877	NT=Trypsin;AC=MS:1001251	NT=label free sample;AC=MS:1002038	1	NT=beam-type collision-induced dissociation;AC=MS:1000422	not available	not available	not available	NT=tris(2-carboxyethyl)phosphine (TCEP);AC=PRIDE:0000609	NT=iodoacetamide (IAA);AC=PRIDE:0000599	not available	not available	not available	not available	no PLG	AP-MS	CAP_SP_fraction
