source name	characteristics[organism]	characteristics[organism part]	characteristics[cell type]	characteristics[biological replicate]	characteristics[disease]	characteristics[material type]	characteristics[enrichment process]	characteristics[developmental stage]	characteristics[sex]	characteristics[genetic modification]	assay name	technology type	comment[technical replicate]	comment[data file]	comment[sdrf version]	comment[sdrf template]	comment[sdrf template]	comment[sdrf annotation tool]	comment[proteomics data acquisition method]	comment[instrument]	comment[cleavage agent details]	comment[label]	comment[fraction identifier]	comment[dissociation method]	comment[precursor mass tolerance]	comment[fragment mass tolerance]	comment[modification parameters]	comment[modification parameters]	comment[modification parameters]	comment[modification parameters]	factor value[genetic modification]
kidney-P4ha2+/+-rep1	Mus musculus	kidney	not available	1	normal	organism part	type IV collagen pepsin extraction from kidney, SDS-PAGE band	not available	not available	P4ha2 wild type (+/+)	190513_PekkaR_Lane1_1	proteomic profiling by mass spectrometry	1	190513_PekkaR_Lane1_1.raw	v1.1.0	NT=ms-proteomics;VV=v1.1.0	NT=vertebrates;VV=v1.1.0	manual curation	NT=Data-dependent acquisition;AC=PRIDE:0000627	NT=Q Exactive HF;AC=MS:1002523	NT=Trypsin;AC=MS:1001251	label free sample	1	NT=beam-type collision-induced dissociation;AC=MS:1000422	5 ppm	0.2 Da	NT=Carbamidomethyl;AC=UNIMOD:4;TA=C;MT=Fixed	NT=Oxidation;AC=UNIMOD:35;TA=M,K,P;MT=Variable	NT=Galactosyl;AC=UNIMOD:907;TA=K;MT=Variable	NT=Glucosylgalactosyl;AC=UNIMOD:393;TA=K;MT=Variable	P4ha2 wild type (+/+)
kidney-P4ha2+/+-rep1	Mus musculus	kidney	not available	1	normal	organism part	type IV collagen pepsin extraction from kidney, SDS-PAGE band	not available	not available	P4ha2 wild type (+/+)	190513_PekkaR_Lane1_2	proteomic profiling by mass spectrometry	2	190513_PekkaR_Lane1_2.raw	v1.1.0	NT=ms-proteomics;VV=v1.1.0	NT=vertebrates;VV=v1.1.0	manual curation	NT=Data-dependent acquisition;AC=PRIDE:0000627	NT=Q Exactive HF;AC=MS:1002523	NT=Trypsin;AC=MS:1001251	label free sample	1	NT=beam-type collision-induced dissociation;AC=MS:1000422	5 ppm	0.2 Da	NT=Carbamidomethyl;AC=UNIMOD:4;TA=C;MT=Fixed	NT=Oxidation;AC=UNIMOD:35;TA=M,K,P;MT=Variable	NT=Galactosyl;AC=UNIMOD:907;TA=K;MT=Variable	NT=Glucosylgalactosyl;AC=UNIMOD:393;TA=K;MT=Variable	P4ha2 wild type (+/+)
kidney-P4ha2-/--rep2	Mus musculus	kidney	not available	2	normal	organism part	type IV collagen pepsin extraction from kidney, SDS-PAGE band	not available	not available	P4ha2 knockout (-/-)	190513_PekkaR_Lane2_1	proteomic profiling by mass spectrometry	1	190513_PekkaR_Lane2_1.raw	v1.1.0	NT=ms-proteomics;VV=v1.1.0	NT=vertebrates;VV=v1.1.0	manual curation	NT=Data-dependent acquisition;AC=PRIDE:0000627	NT=Q Exactive HF;AC=MS:1002523	NT=Trypsin;AC=MS:1001251	label free sample	1	NT=beam-type collision-induced dissociation;AC=MS:1000422	5 ppm	0.2 Da	NT=Carbamidomethyl;AC=UNIMOD:4;TA=C;MT=Fixed	NT=Oxidation;AC=UNIMOD:35;TA=M,K,P;MT=Variable	NT=Galactosyl;AC=UNIMOD:907;TA=K;MT=Variable	NT=Glucosylgalactosyl;AC=UNIMOD:393;TA=K;MT=Variable	P4ha2 knockout (-/-)
kidney-P4ha2-/--rep2	Mus musculus	kidney	not available	2	normal	organism part	type IV collagen pepsin extraction from kidney, SDS-PAGE band	not available	not available	P4ha2 knockout (-/-)	190513_PekkaR_Lane2_2	proteomic profiling by mass spectrometry	2	190513_PekkaR_Lane2_2.raw	v1.1.0	NT=ms-proteomics;VV=v1.1.0	NT=vertebrates;VV=v1.1.0	manual curation	NT=Data-dependent acquisition;AC=PRIDE:0000627	NT=Q Exactive HF;AC=MS:1002523	NT=Trypsin;AC=MS:1001251	label free sample	1	NT=beam-type collision-induced dissociation;AC=MS:1000422	5 ppm	0.2 Da	NT=Carbamidomethyl;AC=UNIMOD:4;TA=C;MT=Fixed	NT=Oxidation;AC=UNIMOD:35;TA=M,K,P;MT=Variable	NT=Galactosyl;AC=UNIMOD:907;TA=K;MT=Variable	NT=Glucosylgalactosyl;AC=UNIMOD:393;TA=K;MT=Variable	P4ha2 knockout (-/-)
kidney-P4ha2-/--rep3	Mus musculus	kidney	not available	3	normal	organism part	type IV collagen pepsin extraction from kidney, SDS-PAGE band	not available	not available	P4ha2 knockout (-/-)	190513_PekkaR_Lane3_1	proteomic profiling by mass spectrometry	1	190513_PekkaR_Lane3_1.raw	v1.1.0	NT=ms-proteomics;VV=v1.1.0	NT=vertebrates;VV=v1.1.0	manual curation	NT=Data-dependent acquisition;AC=PRIDE:0000627	NT=Q Exactive HF;AC=MS:1002523	NT=Trypsin;AC=MS:1001251	label free sample	1	NT=beam-type collision-induced dissociation;AC=MS:1000422	5 ppm	0.2 Da	NT=Carbamidomethyl;AC=UNIMOD:4;TA=C;MT=Fixed	NT=Oxidation;AC=UNIMOD:35;TA=M,K,P;MT=Variable	NT=Galactosyl;AC=UNIMOD:907;TA=K;MT=Variable	NT=Glucosylgalactosyl;AC=UNIMOD:393;TA=K;MT=Variable	P4ha2 knockout (-/-)
kidney-P4ha2-/--rep3	Mus musculus	kidney	not available	3	normal	organism part	type IV collagen pepsin extraction from kidney, SDS-PAGE band	not available	not available	P4ha2 knockout (-/-)	190513_PekkaR_Lane3_2	proteomic profiling by mass spectrometry	2	190513_PekkaR_Lane3_2.raw	v1.1.0	NT=ms-proteomics;VV=v1.1.0	NT=vertebrates;VV=v1.1.0	manual curation	NT=Data-dependent acquisition;AC=PRIDE:0000627	NT=Q Exactive HF;AC=MS:1002523	NT=Trypsin;AC=MS:1001251	label free sample	1	NT=beam-type collision-induced dissociation;AC=MS:1000422	5 ppm	0.2 Da	NT=Carbamidomethyl;AC=UNIMOD:4;TA=C;MT=Fixed	NT=Oxidation;AC=UNIMOD:35;TA=M,K,P;MT=Variable	NT=Galactosyl;AC=UNIMOD:907;TA=K;MT=Variable	NT=Glucosylgalactosyl;AC=UNIMOD:393;TA=K;MT=Variable	P4ha2 knockout (-/-)
kidney-P4ha2+/+-rep4	Mus musculus	kidney	not available	4	normal	organism part	type IV collagen pepsin extraction from kidney, SDS-PAGE band	not available	not available	P4ha2 wild type (+/+)	190513_PekkaR_Lane4_1	proteomic profiling by mass spectrometry	1	190513_PekkaR_Lane4_1.raw	v1.1.0	NT=ms-proteomics;VV=v1.1.0	NT=vertebrates;VV=v1.1.0	manual curation	NT=Data-dependent acquisition;AC=PRIDE:0000627	NT=Q Exactive HF;AC=MS:1002523	NT=Trypsin;AC=MS:1001251	label free sample	1	NT=beam-type collision-induced dissociation;AC=MS:1000422	5 ppm	0.2 Da	NT=Carbamidomethyl;AC=UNIMOD:4;TA=C;MT=Fixed	NT=Oxidation;AC=UNIMOD:35;TA=M,K,P;MT=Variable	NT=Galactosyl;AC=UNIMOD:907;TA=K;MT=Variable	NT=Glucosylgalactosyl;AC=UNIMOD:393;TA=K;MT=Variable	P4ha2 wild type (+/+)
kidney-P4ha2+/+-rep4	Mus musculus	kidney	not available	4	normal	organism part	type IV collagen pepsin extraction from kidney, SDS-PAGE band	not available	not available	P4ha2 wild type (+/+)	190513_PekkaR_Lane4_2	proteomic profiling by mass spectrometry	2	190513_PekkaR_Lane4_2.raw	v1.1.0	NT=ms-proteomics;VV=v1.1.0	NT=vertebrates;VV=v1.1.0	manual curation	NT=Data-dependent acquisition;AC=PRIDE:0000627	NT=Q Exactive HF;AC=MS:1002523	NT=Trypsin;AC=MS:1001251	label free sample	1	NT=beam-type collision-induced dissociation;AC=MS:1000422	5 ppm	0.2 Da	NT=Carbamidomethyl;AC=UNIMOD:4;TA=C;MT=Fixed	NT=Oxidation;AC=UNIMOD:35;TA=M,K,P;MT=Variable	NT=Galactosyl;AC=UNIMOD:907;TA=K;MT=Variable	NT=Glucosylgalactosyl;AC=UNIMOD:393;TA=K;MT=Variable	P4ha2 wild type (+/+)
kidney-P4ha2-/--rep5	Mus musculus	kidney	not available	5	normal	organism part	type IV collagen pepsin extraction from kidney, SDS-PAGE band	not available	not available	P4ha2 knockout (-/-)	190513_PekkaR_Lane5_1	proteomic profiling by mass spectrometry	1	190513_PekkaR_Lane5_1.raw	v1.1.0	NT=ms-proteomics;VV=v1.1.0	NT=vertebrates;VV=v1.1.0	manual curation	NT=Data-dependent acquisition;AC=PRIDE:0000627	NT=Q Exactive HF;AC=MS:1002523	NT=Trypsin;AC=MS:1001251	label free sample	1	NT=beam-type collision-induced dissociation;AC=MS:1000422	5 ppm	0.2 Da	NT=Carbamidomethyl;AC=UNIMOD:4;TA=C;MT=Fixed	NT=Oxidation;AC=UNIMOD:35;TA=M,K,P;MT=Variable	NT=Galactosyl;AC=UNIMOD:907;TA=K;MT=Variable	NT=Glucosylgalactosyl;AC=UNIMOD:393;TA=K;MT=Variable	P4ha2 knockout (-/-)
kidney-P4ha2-/--rep5	Mus musculus	kidney	not available	5	normal	organism part	type IV collagen pepsin extraction from kidney, SDS-PAGE band	not available	not available	P4ha2 knockout (-/-)	190513_PekkaR_Lane5_2	proteomic profiling by mass spectrometry	2	190513_PekkaR_Lane5_2.raw	v1.1.0	NT=ms-proteomics;VV=v1.1.0	NT=vertebrates;VV=v1.1.0	manual curation	NT=Data-dependent acquisition;AC=PRIDE:0000627	NT=Q Exactive HF;AC=MS:1002523	NT=Trypsin;AC=MS:1001251	label free sample	1	NT=beam-type collision-induced dissociation;AC=MS:1000422	5 ppm	0.2 Da	NT=Carbamidomethyl;AC=UNIMOD:4;TA=C;MT=Fixed	NT=Oxidation;AC=UNIMOD:35;TA=M,K,P;MT=Variable	NT=Galactosyl;AC=UNIMOD:907;TA=K;MT=Variable	NT=Glucosylgalactosyl;AC=UNIMOD:393;TA=K;MT=Variable	P4ha2 knockout (-/-)
kidney-P4ha2-/--rep6	Mus musculus	kidney	not available	6	normal	organism part	type IV collagen pepsin extraction from kidney, SDS-PAGE band	not available	not available	P4ha2 knockout (-/-)	190513_PekkaR_Lane6_1	proteomic profiling by mass spectrometry	1	190513_PekkaR_Lane6_1.raw	v1.1.0	NT=ms-proteomics;VV=v1.1.0	NT=vertebrates;VV=v1.1.0	manual curation	NT=Data-dependent acquisition;AC=PRIDE:0000627	NT=Q Exactive HF;AC=MS:1002523	NT=Trypsin;AC=MS:1001251	label free sample	1	NT=beam-type collision-induced dissociation;AC=MS:1000422	5 ppm	0.2 Da	NT=Carbamidomethyl;AC=UNIMOD:4;TA=C;MT=Fixed	NT=Oxidation;AC=UNIMOD:35;TA=M,K,P;MT=Variable	NT=Galactosyl;AC=UNIMOD:907;TA=K;MT=Variable	NT=Glucosylgalactosyl;AC=UNIMOD:393;TA=K;MT=Variable	P4ha2 knockout (-/-)
kidney-P4ha2-/--rep6	Mus musculus	kidney	not available	6	normal	organism part	type IV collagen pepsin extraction from kidney, SDS-PAGE band	not available	not available	P4ha2 knockout (-/-)	190513_PekkaR_Lane6_2	proteomic profiling by mass spectrometry	2	190513_PekkaR_Lane6_2.raw	v1.1.0	NT=ms-proteomics;VV=v1.1.0	NT=vertebrates;VV=v1.1.0	manual curation	NT=Data-dependent acquisition;AC=PRIDE:0000627	NT=Q Exactive HF;AC=MS:1002523	NT=Trypsin;AC=MS:1001251	label free sample	1	NT=beam-type collision-induced dissociation;AC=MS:1000422	5 ppm	0.2 Da	NT=Carbamidomethyl;AC=UNIMOD:4;TA=C;MT=Fixed	NT=Oxidation;AC=UNIMOD:35;TA=M,K,P;MT=Variable	NT=Galactosyl;AC=UNIMOD:907;TA=K;MT=Variable	NT=Glucosylgalactosyl;AC=UNIMOD:393;TA=K;MT=Variable	P4ha2 knockout (-/-)
kidney-P4ha2-/--rep7	Mus musculus	kidney	not available	7	normal	organism part	type IV collagen pepsin extraction from kidney, SDS-PAGE band	not available	not available	P4ha2 knockout (-/-)	190513_PekkaR_Lane7_1	proteomic profiling by mass spectrometry	1	190513_PekkaR_Lane7_1.raw	v1.1.0	NT=ms-proteomics;VV=v1.1.0	NT=vertebrates;VV=v1.1.0	manual curation	NT=Data-dependent acquisition;AC=PRIDE:0000627	NT=Q Exactive HF;AC=MS:1002523	NT=Trypsin;AC=MS:1001251	label free sample	1	NT=beam-type collision-induced dissociation;AC=MS:1000422	5 ppm	0.2 Da	NT=Carbamidomethyl;AC=UNIMOD:4;TA=C;MT=Fixed	NT=Oxidation;AC=UNIMOD:35;TA=M,K,P;MT=Variable	NT=Galactosyl;AC=UNIMOD:907;TA=K;MT=Variable	NT=Glucosylgalactosyl;AC=UNIMOD:393;TA=K;MT=Variable	P4ha2 knockout (-/-)
kidney-P4ha2-/--rep7	Mus musculus	kidney	not available	7	normal	organism part	type IV collagen pepsin extraction from kidney, SDS-PAGE band	not available	not available	P4ha2 knockout (-/-)	190513_PekkaR_Lane7_2	proteomic profiling by mass spectrometry	2	190513_PekkaR_Lane7_2.raw	v1.1.0	NT=ms-proteomics;VV=v1.1.0	NT=vertebrates;VV=v1.1.0	manual curation	NT=Data-dependent acquisition;AC=PRIDE:0000627	NT=Q Exactive HF;AC=MS:1002523	NT=Trypsin;AC=MS:1001251	label free sample	1	NT=beam-type collision-induced dissociation;AC=MS:1000422	5 ppm	0.2 Da	NT=Carbamidomethyl;AC=UNIMOD:4;TA=C;MT=Fixed	NT=Oxidation;AC=UNIMOD:35;TA=M,K,P;MT=Variable	NT=Galactosyl;AC=UNIMOD:907;TA=K;MT=Variable	NT=Glucosylgalactosyl;AC=UNIMOD:393;TA=K;MT=Variable	P4ha2 knockout (-/-)
kidney-P4ha2+/+-rep8	Mus musculus	kidney	not available	8	normal	organism part	type IV collagen pepsin extraction from kidney, SDS-PAGE band	not available	not available	P4ha2 wild type (+/+)	190513_PekkaR_Lane8_1	proteomic profiling by mass spectrometry	1	190513_PekkaR_Lane8_1.raw	v1.1.0	NT=ms-proteomics;VV=v1.1.0	NT=vertebrates;VV=v1.1.0	manual curation	NT=Data-dependent acquisition;AC=PRIDE:0000627	NT=Q Exactive HF;AC=MS:1002523	NT=Trypsin;AC=MS:1001251	label free sample	1	NT=beam-type collision-induced dissociation;AC=MS:1000422	5 ppm	0.2 Da	NT=Carbamidomethyl;AC=UNIMOD:4;TA=C;MT=Fixed	NT=Oxidation;AC=UNIMOD:35;TA=M,K,P;MT=Variable	NT=Galactosyl;AC=UNIMOD:907;TA=K;MT=Variable	NT=Glucosylgalactosyl;AC=UNIMOD:393;TA=K;MT=Variable	P4ha2 wild type (+/+)
kidney-P4ha2+/+-rep8	Mus musculus	kidney	not available	8	normal	organism part	type IV collagen pepsin extraction from kidney, SDS-PAGE band	not available	not available	P4ha2 wild type (+/+)	190513_PekkaR_Lane8_2	proteomic profiling by mass spectrometry	2	190513_PekkaR_Lane8_2.raw	v1.1.0	NT=ms-proteomics;VV=v1.1.0	NT=vertebrates;VV=v1.1.0	manual curation	NT=Data-dependent acquisition;AC=PRIDE:0000627	NT=Q Exactive HF;AC=MS:1002523	NT=Trypsin;AC=MS:1001251	label free sample	1	NT=beam-type collision-induced dissociation;AC=MS:1000422	5 ppm	0.2 Da	NT=Carbamidomethyl;AC=UNIMOD:4;TA=C;MT=Fixed	NT=Oxidation;AC=UNIMOD:35;TA=M,K,P;MT=Variable	NT=Galactosyl;AC=UNIMOD:907;TA=K;MT=Variable	NT=Glucosylgalactosyl;AC=UNIMOD:393;TA=K;MT=Variable	P4ha2 wild type (+/+)
kidney-P4ha2+/+-rep9	Mus musculus	kidney	not available	9	normal	organism part	type IV collagen pepsin extraction from kidney, SDS-PAGE band	not available	not available	P4ha2 wild type (+/+)	190513_PekkaR_Lane9_1	proteomic profiling by mass spectrometry	1	190513_PekkaR_Lane9_1.raw	v1.1.0	NT=ms-proteomics;VV=v1.1.0	NT=vertebrates;VV=v1.1.0	manual curation	NT=Data-dependent acquisition;AC=PRIDE:0000627	NT=Q Exactive HF;AC=MS:1002523	NT=Trypsin;AC=MS:1001251	label free sample	1	NT=beam-type collision-induced dissociation;AC=MS:1000422	5 ppm	0.2 Da	NT=Carbamidomethyl;AC=UNIMOD:4;TA=C;MT=Fixed	NT=Oxidation;AC=UNIMOD:35;TA=M,K,P;MT=Variable	NT=Galactosyl;AC=UNIMOD:907;TA=K;MT=Variable	NT=Glucosylgalactosyl;AC=UNIMOD:393;TA=K;MT=Variable	P4ha2 wild type (+/+)
kidney-P4ha2+/+-rep9	Mus musculus	kidney	not available	9	normal	organism part	type IV collagen pepsin extraction from kidney, SDS-PAGE band	not available	not available	P4ha2 wild type (+/+)	190513_PekkaR_Lane9_2	proteomic profiling by mass spectrometry	2	190513_PekkaR_Lane9_2.raw	v1.1.0	NT=ms-proteomics;VV=v1.1.0	NT=vertebrates;VV=v1.1.0	manual curation	NT=Data-dependent acquisition;AC=PRIDE:0000627	NT=Q Exactive HF;AC=MS:1002523	NT=Trypsin;AC=MS:1001251	label free sample	1	NT=beam-type collision-induced dissociation;AC=MS:1000422	5 ppm	0.2 Da	NT=Carbamidomethyl;AC=UNIMOD:4;TA=C;MT=Fixed	NT=Oxidation;AC=UNIMOD:35;TA=M,K,P;MT=Variable	NT=Galactosyl;AC=UNIMOD:907;TA=K;MT=Variable	NT=Glucosylgalactosyl;AC=UNIMOD:393;TA=K;MT=Variable	P4ha2 wild type (+/+)
