source name	characteristics[organism]	characteristics[organism part]	characteristics[cell type]	characteristics[biological replicate]	characteristics[disease]	characteristics[material type]	characteristics[treatment]	characteristics[enrichment process]	characteristics[ancestry category]	characteristics[age]	characteristics[sex]	characteristics[individual]	characteristics[cell line]	characteristics[cellosaurus accession]	characteristics[cellosaurus name]	characteristics[passage number]	characteristics[culture medium]	characteristics[sample storage temperature]	assay name	technology type	comment[technical replicate]	comment[data file]	comment[sdrf version]	comment[sdrf template]	comment[sdrf template]	comment[sdrf template]	comment[sdrf annotation tool]	comment[proteomics data acquisition method]	comment[instrument]	comment[cleavage agent details]	comment[label]	comment[fraction identifier]	comment[dissociation method]	comment[collision energy]	comment[precursor mass tolerance]	comment[fragment mass tolerance]	comment[reduction reagent]	comment[alkylation reagent]	comment[modification parameters]	comment[modification parameters]	comment[modification parameters]	factor value[enrichment process]	factor value[treatment]
U-87 MG-hypoxia-surfaceome-rep3	Homo sapiens	brain	glioblastoma cell	3	glioblastoma	cell line	hypoxia	biotin affinity enrichment	not available	not available	not available	not available	U-87 MG	CVCL_0022	U-87 MG	not available	not available	not available	K_AB_4_03	proteomic profiling by mass spectrometry	1	K_AB_4_03.raw	v1.1.0	NT=ms-proteomics;VV=v1.1.0	NT=human;VV=v1.1.0	NT=cell-lines;VV=v1.1.0	manual curation	NT=Data-dependent acquisition;AC=PRIDE:0000627	NT=Q Exactive;AC=MS:1001911	NT=Trypsin;AC=MS:1001251	label free sample	1	NT=beam-type collision-induced dissociation;AC=MS:1000422	30% NCE	10 ppm	0.05 Da	NT=dithiothreitol (DTT);AC=PRIDE:0000608	NT=iodoacetamide (IAA);AC=PRIDE:0000599	NT=Carbamidomethyl;AC=UNIMOD:4;TA=C;MT=Fixed	NT=Acetyl;AC=UNIMOD:1;PP=Protein N-term;MT=Variable	NT=Oxidation;AC=UNIMOD:35;TA=M;MT=Variable	biotin affinity enrichment	hypoxia
U-87 MG-hypoxia-endocytome-rep1	Homo sapiens	brain	glioblastoma cell	1	glioblastoma	cell line	hypoxia	biotin affinity enrichment	not available	not available	not available	not available	U-87 MG	CVCL_0022	U-87 MG	not available	not available	not available	K_AB_6_01	proteomic profiling by mass spectrometry	1	K_AB_6_01.raw	v1.1.0	NT=ms-proteomics;VV=v1.1.0	NT=human;VV=v1.1.0	NT=cell-lines;VV=v1.1.0	manual curation	NT=Data-dependent acquisition;AC=PRIDE:0000627	NT=Q Exactive;AC=MS:1001911	NT=Trypsin;AC=MS:1001251	label free sample	1	NT=beam-type collision-induced dissociation;AC=MS:1000422	30% NCE	10 ppm	0.05 Da	NT=dithiothreitol (DTT);AC=PRIDE:0000608	NT=iodoacetamide (IAA);AC=PRIDE:0000599	NT=Carbamidomethyl;AC=UNIMOD:4;TA=C;MT=Fixed	NT=Acetyl;AC=UNIMOD:1;PP=Protein N-term;MT=Variable	NT=Oxidation;AC=UNIMOD:35;TA=M;MT=Variable	biotin affinity enrichment	hypoxia
U-87 MG-normoxia-control-rep1	Homo sapiens	brain	glioblastoma cell	1	glioblastoma	cell line	normoxia	not applicable	not available	not available	not available	not available	U-87 MG	CVCL_0022	U-87 MG	not available	not available	not available	K_AB_1_01	proteomic profiling by mass spectrometry	1	K_AB_1_01.raw	v1.1.0	NT=ms-proteomics;VV=v1.1.0	NT=human;VV=v1.1.0	NT=cell-lines;VV=v1.1.0	manual curation	NT=Data-dependent acquisition;AC=PRIDE:0000627	NT=Q Exactive;AC=MS:1001911	NT=Trypsin;AC=MS:1001251	label free sample	1	NT=beam-type collision-induced dissociation;AC=MS:1000422	30% NCE	10 ppm	0.05 Da	NT=dithiothreitol (DTT);AC=PRIDE:0000608	NT=iodoacetamide (IAA);AC=PRIDE:0000599	NT=Carbamidomethyl;AC=UNIMOD:4;TA=C;MT=Fixed	NT=Acetyl;AC=UNIMOD:1;PP=Protein N-term;MT=Variable	NT=Oxidation;AC=UNIMOD:35;TA=M;MT=Variable	not applicable	normoxia
U-87 MG-hypoxia-control-rep1	Homo sapiens	brain	glioblastoma cell	1	glioblastoma	cell line	hypoxia	not applicable	not available	not available	not available	not available	U-87 MG	CVCL_0022	U-87 MG	not available	not available	not available	K_AB_2_01	proteomic profiling by mass spectrometry	1	K_AB_2_01.raw	v1.1.0	NT=ms-proteomics;VV=v1.1.0	NT=human;VV=v1.1.0	NT=cell-lines;VV=v1.1.0	manual curation	NT=Data-dependent acquisition;AC=PRIDE:0000627	NT=Q Exactive;AC=MS:1001911	NT=Trypsin;AC=MS:1001251	label free sample	1	NT=beam-type collision-induced dissociation;AC=MS:1000422	30% NCE	10 ppm	0.05 Da	NT=dithiothreitol (DTT);AC=PRIDE:0000608	NT=iodoacetamide (IAA);AC=PRIDE:0000599	NT=Carbamidomethyl;AC=UNIMOD:4;TA=C;MT=Fixed	NT=Acetyl;AC=UNIMOD:1;PP=Protein N-term;MT=Variable	NT=Oxidation;AC=UNIMOD:35;TA=M;MT=Variable	not applicable	hypoxia
U-87 MG-normoxia-surfaceome-rep2	Homo sapiens	brain	glioblastoma cell	2	glioblastoma	cell line	normoxia	biotin affinity enrichment	not available	not available	not available	not available	U-87 MG	CVCL_0022	U-87 MG	not available	not available	not available	K_AB_3_02	proteomic profiling by mass spectrometry	1	K_AB_3_02.raw	v1.1.0	NT=ms-proteomics;VV=v1.1.0	NT=human;VV=v1.1.0	NT=cell-lines;VV=v1.1.0	manual curation	NT=Data-dependent acquisition;AC=PRIDE:0000627	NT=Q Exactive;AC=MS:1001911	NT=Trypsin;AC=MS:1001251	label free sample	1	NT=beam-type collision-induced dissociation;AC=MS:1000422	30% NCE	10 ppm	0.05 Da	NT=dithiothreitol (DTT);AC=PRIDE:0000608	NT=iodoacetamide (IAA);AC=PRIDE:0000599	NT=Carbamidomethyl;AC=UNIMOD:4;TA=C;MT=Fixed	NT=Acetyl;AC=UNIMOD:1;PP=Protein N-term;MT=Variable	NT=Oxidation;AC=UNIMOD:35;TA=M;MT=Variable	biotin affinity enrichment	normoxia
U-87 MG-hypoxia-endocytome-rep2	Homo sapiens	brain	glioblastoma cell	2	glioblastoma	cell line	hypoxia	biotin affinity enrichment	not available	not available	not available	not available	U-87 MG	CVCL_0022	U-87 MG	not available	not available	not available	K_AB_6_02	proteomic profiling by mass spectrometry	1	K_AB_6_02.raw	v1.1.0	NT=ms-proteomics;VV=v1.1.0	NT=human;VV=v1.1.0	NT=cell-lines;VV=v1.1.0	manual curation	NT=Data-dependent acquisition;AC=PRIDE:0000627	NT=Q Exactive;AC=MS:1001911	NT=Trypsin;AC=MS:1001251	label free sample	1	NT=beam-type collision-induced dissociation;AC=MS:1000422	30% NCE	10 ppm	0.05 Da	NT=dithiothreitol (DTT);AC=PRIDE:0000608	NT=iodoacetamide (IAA);AC=PRIDE:0000599	NT=Carbamidomethyl;AC=UNIMOD:4;TA=C;MT=Fixed	NT=Acetyl;AC=UNIMOD:1;PP=Protein N-term;MT=Variable	NT=Oxidation;AC=UNIMOD:35;TA=M;MT=Variable	biotin affinity enrichment	hypoxia
U-87 MG-hypoxia-control-rep3	Homo sapiens	brain	glioblastoma cell	3	glioblastoma	cell line	hypoxia	not applicable	not available	not available	not available	not available	U-87 MG	CVCL_0022	U-87 MG	not available	not available	not available	K_AB_2_03	proteomic profiling by mass spectrometry	1	K_AB_2_03.raw	v1.1.0	NT=ms-proteomics;VV=v1.1.0	NT=human;VV=v1.1.0	NT=cell-lines;VV=v1.1.0	manual curation	NT=Data-dependent acquisition;AC=PRIDE:0000627	NT=Q Exactive;AC=MS:1001911	NT=Trypsin;AC=MS:1001251	label free sample	1	NT=beam-type collision-induced dissociation;AC=MS:1000422	30% NCE	10 ppm	0.05 Da	NT=dithiothreitol (DTT);AC=PRIDE:0000608	NT=iodoacetamide (IAA);AC=PRIDE:0000599	NT=Carbamidomethyl;AC=UNIMOD:4;TA=C;MT=Fixed	NT=Acetyl;AC=UNIMOD:1;PP=Protein N-term;MT=Variable	NT=Oxidation;AC=UNIMOD:35;TA=M;MT=Variable	not applicable	hypoxia
U-87 MG-normoxia-surfaceome-rep3	Homo sapiens	brain	glioblastoma cell	3	glioblastoma	cell line	normoxia	biotin affinity enrichment	not available	not available	not available	not available	U-87 MG	CVCL_0022	U-87 MG	not available	not available	not available	K_AB_3_03	proteomic profiling by mass spectrometry	1	K_AB_3_03.raw	v1.1.0	NT=ms-proteomics;VV=v1.1.0	NT=human;VV=v1.1.0	NT=cell-lines;VV=v1.1.0	manual curation	NT=Data-dependent acquisition;AC=PRIDE:0000627	NT=Q Exactive;AC=MS:1001911	NT=Trypsin;AC=MS:1001251	label free sample	1	NT=beam-type collision-induced dissociation;AC=MS:1000422	30% NCE	10 ppm	0.05 Da	NT=dithiothreitol (DTT);AC=PRIDE:0000608	NT=iodoacetamide (IAA);AC=PRIDE:0000599	NT=Carbamidomethyl;AC=UNIMOD:4;TA=C;MT=Fixed	NT=Acetyl;AC=UNIMOD:1;PP=Protein N-term;MT=Variable	NT=Oxidation;AC=UNIMOD:35;TA=M;MT=Variable	biotin affinity enrichment	normoxia
U-87 MG-hypoxia-endocytome-rep3	Homo sapiens	brain	glioblastoma cell	3	glioblastoma	cell line	hypoxia	biotin affinity enrichment	not available	not available	not available	not available	U-87 MG	CVCL_0022	U-87 MG	not available	not available	not available	K_AB_6_03	proteomic profiling by mass spectrometry	1	K_AB_6_03.raw	v1.1.0	NT=ms-proteomics;VV=v1.1.0	NT=human;VV=v1.1.0	NT=cell-lines;VV=v1.1.0	manual curation	NT=Data-dependent acquisition;AC=PRIDE:0000627	NT=Q Exactive;AC=MS:1001911	NT=Trypsin;AC=MS:1001251	label free sample	1	NT=beam-type collision-induced dissociation;AC=MS:1000422	30% NCE	10 ppm	0.05 Da	NT=dithiothreitol (DTT);AC=PRIDE:0000608	NT=iodoacetamide (IAA);AC=PRIDE:0000599	NT=Carbamidomethyl;AC=UNIMOD:4;TA=C;MT=Fixed	NT=Acetyl;AC=UNIMOD:1;PP=Protein N-term;MT=Variable	NT=Oxidation;AC=UNIMOD:35;TA=M;MT=Variable	biotin affinity enrichment	hypoxia
U-87 MG-normoxia-endocytome-rep2	Homo sapiens	brain	glioblastoma cell	2	glioblastoma	cell line	normoxia	biotin affinity enrichment	not available	not available	not available	not available	U-87 MG	CVCL_0022	U-87 MG	not available	not available	not available	K_AB_5_02	proteomic profiling by mass spectrometry	1	K_AB_5_02.raw	v1.1.0	NT=ms-proteomics;VV=v1.1.0	NT=human;VV=v1.1.0	NT=cell-lines;VV=v1.1.0	manual curation	NT=Data-dependent acquisition;AC=PRIDE:0000627	NT=Q Exactive;AC=MS:1001911	NT=Trypsin;AC=MS:1001251	label free sample	1	NT=beam-type collision-induced dissociation;AC=MS:1000422	30% NCE	10 ppm	0.05 Da	NT=dithiothreitol (DTT);AC=PRIDE:0000608	NT=iodoacetamide (IAA);AC=PRIDE:0000599	NT=Carbamidomethyl;AC=UNIMOD:4;TA=C;MT=Fixed	NT=Acetyl;AC=UNIMOD:1;PP=Protein N-term;MT=Variable	NT=Oxidation;AC=UNIMOD:35;TA=M;MT=Variable	biotin affinity enrichment	normoxia
U-87 MG-hypoxia-surfaceome-rep1	Homo sapiens	brain	glioblastoma cell	1	glioblastoma	cell line	hypoxia	biotin affinity enrichment	not available	not available	not available	not available	U-87 MG	CVCL_0022	U-87 MG	not available	not available	not available	K_AB_4_01	proteomic profiling by mass spectrometry	1	K_AB_4_01.raw	v1.1.0	NT=ms-proteomics;VV=v1.1.0	NT=human;VV=v1.1.0	NT=cell-lines;VV=v1.1.0	manual curation	NT=Data-dependent acquisition;AC=PRIDE:0000627	NT=Q Exactive;AC=MS:1001911	NT=Trypsin;AC=MS:1001251	label free sample	1	NT=beam-type collision-induced dissociation;AC=MS:1000422	30% NCE	10 ppm	0.05 Da	NT=dithiothreitol (DTT);AC=PRIDE:0000608	NT=iodoacetamide (IAA);AC=PRIDE:0000599	NT=Carbamidomethyl;AC=UNIMOD:4;TA=C;MT=Fixed	NT=Acetyl;AC=UNIMOD:1;PP=Protein N-term;MT=Variable	NT=Oxidation;AC=UNIMOD:35;TA=M;MT=Variable	biotin affinity enrichment	hypoxia
U-87 MG-normoxia-control-rep3	Homo sapiens	brain	glioblastoma cell	3	glioblastoma	cell line	normoxia	not applicable	not available	not available	not available	not available	U-87 MG	CVCL_0022	U-87 MG	not available	not available	not available	K_AB_1_03	proteomic profiling by mass spectrometry	1	K_AB_1_03.raw	v1.1.0	NT=ms-proteomics;VV=v1.1.0	NT=human;VV=v1.1.0	NT=cell-lines;VV=v1.1.0	manual curation	NT=Data-dependent acquisition;AC=PRIDE:0000627	NT=Q Exactive;AC=MS:1001911	NT=Trypsin;AC=MS:1001251	label free sample	1	NT=beam-type collision-induced dissociation;AC=MS:1000422	30% NCE	10 ppm	0.05 Da	NT=dithiothreitol (DTT);AC=PRIDE:0000608	NT=iodoacetamide (IAA);AC=PRIDE:0000599	NT=Carbamidomethyl;AC=UNIMOD:4;TA=C;MT=Fixed	NT=Acetyl;AC=UNIMOD:1;PP=Protein N-term;MT=Variable	NT=Oxidation;AC=UNIMOD:35;TA=M;MT=Variable	not applicable	normoxia
U-87 MG-normoxia-control-rep2	Homo sapiens	brain	glioblastoma cell	2	glioblastoma	cell line	normoxia	not applicable	not available	not available	not available	not available	U-87 MG	CVCL_0022	U-87 MG	not available	not available	not available	K_AB_1_02	proteomic profiling by mass spectrometry	1	K_AB_1_02.raw	v1.1.0	NT=ms-proteomics;VV=v1.1.0	NT=human;VV=v1.1.0	NT=cell-lines;VV=v1.1.0	manual curation	NT=Data-dependent acquisition;AC=PRIDE:0000627	NT=Q Exactive;AC=MS:1001911	NT=Trypsin;AC=MS:1001251	label free sample	1	NT=beam-type collision-induced dissociation;AC=MS:1000422	30% NCE	10 ppm	0.05 Da	NT=dithiothreitol (DTT);AC=PRIDE:0000608	NT=iodoacetamide (IAA);AC=PRIDE:0000599	NT=Carbamidomethyl;AC=UNIMOD:4;TA=C;MT=Fixed	NT=Acetyl;AC=UNIMOD:1;PP=Protein N-term;MT=Variable	NT=Oxidation;AC=UNIMOD:35;TA=M;MT=Variable	not applicable	normoxia
U-87 MG-normoxia-endocytome-rep1	Homo sapiens	brain	glioblastoma cell	1	glioblastoma	cell line	normoxia	biotin affinity enrichment	not available	not available	not available	not available	U-87 MG	CVCL_0022	U-87 MG	not available	not available	not available	K_AB_5_01	proteomic profiling by mass spectrometry	1	K_AB_5_01.raw	v1.1.0	NT=ms-proteomics;VV=v1.1.0	NT=human;VV=v1.1.0	NT=cell-lines;VV=v1.1.0	manual curation	NT=Data-dependent acquisition;AC=PRIDE:0000627	NT=Q Exactive;AC=MS:1001911	NT=Trypsin;AC=MS:1001251	label free sample	1	NT=beam-type collision-induced dissociation;AC=MS:1000422	30% NCE	10 ppm	0.05 Da	NT=dithiothreitol (DTT);AC=PRIDE:0000608	NT=iodoacetamide (IAA);AC=PRIDE:0000599	NT=Carbamidomethyl;AC=UNIMOD:4;TA=C;MT=Fixed	NT=Acetyl;AC=UNIMOD:1;PP=Protein N-term;MT=Variable	NT=Oxidation;AC=UNIMOD:35;TA=M;MT=Variable	biotin affinity enrichment	normoxia
U-87 MG-normoxia-endocytome-rep3	Homo sapiens	brain	glioblastoma cell	3	glioblastoma	cell line	normoxia	biotin affinity enrichment	not available	not available	not available	not available	U-87 MG	CVCL_0022	U-87 MG	not available	not available	not available	K_AB_5_03	proteomic profiling by mass spectrometry	1	K_AB_5_03.raw	v1.1.0	NT=ms-proteomics;VV=v1.1.0	NT=human;VV=v1.1.0	NT=cell-lines;VV=v1.1.0	manual curation	NT=Data-dependent acquisition;AC=PRIDE:0000627	NT=Q Exactive;AC=MS:1001911	NT=Trypsin;AC=MS:1001251	label free sample	1	NT=beam-type collision-induced dissociation;AC=MS:1000422	30% NCE	10 ppm	0.05 Da	NT=dithiothreitol (DTT);AC=PRIDE:0000608	NT=iodoacetamide (IAA);AC=PRIDE:0000599	NT=Carbamidomethyl;AC=UNIMOD:4;TA=C;MT=Fixed	NT=Acetyl;AC=UNIMOD:1;PP=Protein N-term;MT=Variable	NT=Oxidation;AC=UNIMOD:35;TA=M;MT=Variable	biotin affinity enrichment	normoxia
U-87 MG-hypoxia-surfaceome-rep2	Homo sapiens	brain	glioblastoma cell	2	glioblastoma	cell line	hypoxia	biotin affinity enrichment	not available	not available	not available	not available	U-87 MG	CVCL_0022	U-87 MG	not available	not available	not available	K_AB_4_02	proteomic profiling by mass spectrometry	1	K_AB_4_02.raw	v1.1.0	NT=ms-proteomics;VV=v1.1.0	NT=human;VV=v1.1.0	NT=cell-lines;VV=v1.1.0	manual curation	NT=Data-dependent acquisition;AC=PRIDE:0000627	NT=Q Exactive;AC=MS:1001911	NT=Trypsin;AC=MS:1001251	label free sample	1	NT=beam-type collision-induced dissociation;AC=MS:1000422	30% NCE	10 ppm	0.05 Da	NT=dithiothreitol (DTT);AC=PRIDE:0000608	NT=iodoacetamide (IAA);AC=PRIDE:0000599	NT=Carbamidomethyl;AC=UNIMOD:4;TA=C;MT=Fixed	NT=Acetyl;AC=UNIMOD:1;PP=Protein N-term;MT=Variable	NT=Oxidation;AC=UNIMOD:35;TA=M;MT=Variable	biotin affinity enrichment	hypoxia
U-87 MG-hypoxia-control-rep2	Homo sapiens	brain	glioblastoma cell	2	glioblastoma	cell line	hypoxia	not applicable	not available	not available	not available	not available	U-87 MG	CVCL_0022	U-87 MG	not available	not available	not available	K_AB_2_02	proteomic profiling by mass spectrometry	1	K_AB_2_02.raw	v1.1.0	NT=ms-proteomics;VV=v1.1.0	NT=human;VV=v1.1.0	NT=cell-lines;VV=v1.1.0	manual curation	NT=Data-dependent acquisition;AC=PRIDE:0000627	NT=Q Exactive;AC=MS:1001911	NT=Trypsin;AC=MS:1001251	label free sample	1	NT=beam-type collision-induced dissociation;AC=MS:1000422	30% NCE	10 ppm	0.05 Da	NT=dithiothreitol (DTT);AC=PRIDE:0000608	NT=iodoacetamide (IAA);AC=PRIDE:0000599	NT=Carbamidomethyl;AC=UNIMOD:4;TA=C;MT=Fixed	NT=Acetyl;AC=UNIMOD:1;PP=Protein N-term;MT=Variable	NT=Oxidation;AC=UNIMOD:35;TA=M;MT=Variable	not applicable	hypoxia
U-87 MG-normoxia-surfaceome-rep1	Homo sapiens	brain	glioblastoma cell	1	glioblastoma	cell line	normoxia	biotin affinity enrichment	not available	not available	not available	not available	U-87 MG	CVCL_0022	U-87 MG	not available	not available	not available	K_AB_3_01	proteomic profiling by mass spectrometry	1	K_AB_3_01.raw	v1.1.0	NT=ms-proteomics;VV=v1.1.0	NT=human;VV=v1.1.0	NT=cell-lines;VV=v1.1.0	manual curation	NT=Data-dependent acquisition;AC=PRIDE:0000627	NT=Q Exactive;AC=MS:1001911	NT=Trypsin;AC=MS:1001251	label free sample	1	NT=beam-type collision-induced dissociation;AC=MS:1000422	30% NCE	10 ppm	0.05 Da	NT=dithiothreitol (DTT);AC=PRIDE:0000608	NT=iodoacetamide (IAA);AC=PRIDE:0000599	NT=Carbamidomethyl;AC=UNIMOD:4;TA=C;MT=Fixed	NT=Acetyl;AC=UNIMOD:1;PP=Protein N-term;MT=Variable	NT=Oxidation;AC=UNIMOD:35;TA=M;MT=Variable	biotin affinity enrichment	normoxia
