accession	raw_file_count	raw_bytes	total_file_count	title
PXD033937	2	800131418	3	Proteasome dysfunction leads to enhanced autophagy mediated degradation of mutant lamin A/C
PXD017772	3	1137160941	15	DICER-interacting partners in juvenile mouse testes
PXD050185	3	1140217270	6	Pertussis toxin-catalyzed auto- and trans-ADP-ribosylation
PXD017783	6	1253828137	18	An extracellular receptor tyrosine kinase motif orchestrating intracellular STAT activation
PXD044856	3	1883206092	9	Germline-specific RNA helicase DDX4 forms cytoplasmic granules in cancer cells and promotes tumor gr
PXD065042	3	1965141047	6	The late chromatoid body component TSSK2 associates with translational machinery in elongating sperm
PXD033023	4	2983388147	6	Proteomic analysis of matrisome proteins from laser capture microdissected FFPE tissue slides of HnS
PXD026183	13	3168821088	53	STN7 kinase-dependent Light-harvesting complex (LHC) protein phosphorylations in the moss Physcomitr
PXD018941	19	3396568524	96	Specific thylakoid protein phosphorylations are prerequisites for overwintering of Norway spruce (Pi
PXD048646	6	3570013375	12	Dynamic regulation of integrin β1 phosphorylation supports invasion of breast cancer cells
PXD037090	9	3860446078	18	Smg6 interacting partners in mouse
PXD060057	22	4879892620	28	JNK-regulated phosphoproteome links synaptic and metabolic pathways to mood regulation
PXD010071	38	6399869179	231	Thylakoids of Picea abies -  The unique photosynthetic apparatus of Pinaceae - Analysis of photosynt
PXD027229	34	6574717726	232	Characterisation of the free and membrane-associated fractions of the thylakoid lumen proteome in Ar
PXD030297	6	7161018481	30	Structural mechanism for inhibition of PP2A-B56 and oncogenicity by CIP2A
PXD045258	30	7933096145	42	TLNRD1-GFP pulldown in HEK cells
PXD061233	12	8556867346	48	Acclimation of Synechocystis sp. PCC 6803 to alkaline pH under ambient air
PXD035945	50	8764268396	88	Analysis of prolyl 4-hydroxylation of P4ha1 KO MEFs and P4ha2 KO mouse kidneys
PXD016882	18	12286446371	19	Study of matrix proteins synthesized by DU145 and PC3 prostate cancer cells alone or in co-culture w
PXD008802	54	12665047237	110	Proline hydroxylation of collagens in prolyl 4-hydroxylase mutant mice
PXD069837	24	12670284860	25	Adhesion-derived condensates control component availability to regulate adhesion dynamics
PXD079775	5	13480600629	7	ECM protein expression changes in FAK-expressing and FAK-deficient MOVCAR model
PXD069806	8	13882558012	9	GFP-Tensin 1 phosphoproteomics upon sodium arsenite treatment in U2OS cells
PXD030630	19	13886186069	76	Patterning of the autotrophic, mixotrophic and heterotrophic proteomes of oxygen evolving cyanobacte
PXD049407	9	14448237200	11	Selectivity of 2J2V for BET proteins in A549 cells
PXD006563	22	15422223264	23	Analysis of extracellular matrix proteins from 3D cultures of primary prostate fibroblasts, DU145 ce
PXD065511	18	15475507930	34	Proteomic analysis of surface proteins from C1s siRNA-treated UT-SCC-59A  squamous cell carcinoma ce
PXD012501	78	16118822081	391	Thylakoid protein phosphorylation in Physcomitrella patens
PXD052626	8	16682864850	17	Phenotypic profiling of human induced regulatory T cells at early differentiation: insights into dis
PXD015078	36	16972384608	229	GUN1 controls the accumulation of NEP-dependent transcripts in Arabidopsis cotyledons
PXD067430	36	17114070065	90	Identification of Myosin-X (MYO10) proximal proteins using TurboID in U2-OS and U-87 MG cells
PXD052298	9	17288819316	19	LINC01871 is exclusively expressed in T and NK cells and is highly induced upon CD4+ T cell activati
PXD024634	61	17430375926	79	Talin1-GFP pulldown in U2OS cells
PXD025729	36	17433131456	42	Mapping interactome networks of FOSL1 and FOSL2 in human Th17 cells
PXD038477	8	17441731520	17	Long noncoding RNA LIRIL2R modulates FOXP3 levels and suppressive function of human CD4+ regulatory 
PXD058691	12	17875666970	14	To investigate how Trametinib affects colorectal CAFs in ECM production and remodeling
PXD039337	38	18057728451	44	HIC1 interacts with FOXP3 multi protein complex: a novel mechanism to regulate human regulatory T ce
PXD006562	62	18122138503	189	Comparison of extracellular matrix in prostate tissue samples and in cultures of primary fibroblasts
PXD065794	6	18223496482	9	Sac1 degron A431 cells 3h DMSO vs 3h IAA
PXD033555	25	20825813771	56	Analysis of citrullination of extracellular matrix proteins in spheroid cultures of fibroblasts and 
PXD008983	24	21393600842	25	CIP2A interactome in human Th17 Cells
PXD020411	68	21425393869	205	Protein identification of venoms of the African spitting Cobras, Naja mossambica and Naja nigricinct
PXD013113	37	22434738892	38	Proteomic analysis of 3D cultures of fibroblasts and Ras-transformed HaCaT keratinocytes
PXD047603	12	25444437558	13	Overactive mitochondrial DNA replication disrupts perinatal cardiac maturation
PXD055190	22	26063360592	24	Sustained non-photochemical quenching and photoprotection of PSII repair cycle during combined high 
PXD011671	32	28020876688	128	Thylakoid Localized Type 2 NAD(P)H Dehydrogenase NdbA Optimizes Light-Activated Heterotrophic Growth
PXD012153	27	31707976209	28	Coxsackievirus B persistence modifies the proteome of pancreatic ductal cells in a virus-strain-spec
PXD012154	27	32118920380	28	Coxsackievirus B persistence modifies the secretome of pancreatic ductal cells in a virus-strain-spe
PXD031144	95	32669111926	106	Regulators of proteostasis are translationally repressed in fibroblasts from sporadic  and LRRK2-G20
PXD016530	120	34225247871	121	Phosphoproteomic analysis of WT and KO JNK1 mice
PXD010612	48	37492572662	49	CIP2A negatively regulates Th17 differentiation
PXD007826	45	40198658013	46	Quantitative proteomic characterization and comparison of T helper 17 and iTreg cells in mouse
PXD075504	6	42637492484	11	Analysis of lymphoma EV and serum samples
PXD023737	46	43035291411	64	Minigut Cellular Proteome and Secretome
PXD025690	46	43035291411	64	Comparative Proteomics Analysis of the Mouse Minigut Organoid: Insights into Markers of Gluten Chall
PXD060721	16	43664867042	18	The Notch ligand Jagged1 regulates extracellular matrix production and organization in breast cancer
PXD025111	142	49392566946	143	B cell receptor-induced protein dynamics and the emerging role of SUMOylation revealed by proximity 
PXD081286	20	56725700836	21	Unravelling the mechanisms of cyanobacterial resilience in photosynthetic living materials
PXD026546	168	56746664341	177	An extracellular receptor tyrosine kinase motif orchestrating intracellular STAT activation
PXD009900	36	63375269321	92	PP2A  inhibition  is  a  druggable  MEK  inhibitor  resistance mechanism  in  KRAS-mutant  lung  can
PXD046503	108	65890199748	324	De Novo multi-omics pathway analysis (DMPA) designed for prior data independent inference of cell si
PXD008973	75	85578527365	76	Human Th17 Cell differentiation
PXD008278	352	122110119654	353	Serum proteomics of Premature Carotid atherosclerosis: The Cardiovascular Risk in Young Finns Study
PXD050005	72	141143685040	75	Study of Potent inhibitors for CT5-3hTERT fibroblast cell line
PXD034182	144	149415658552	147	Normalization of adipose oxidative metabolism pathways after bariatric surgery
PXD006775	309	273164293392	310	Characterization of developing proteome during early childhood
PXD033744	303	330244326324	304	Serum APOC1 levels are decreased in seroconverted children who progress to type 1 diabetes at a youn
